Order_ID,Order_Date,Ship_Date,Customer_ID,Customer_Name,Customer_Segment,Region,City,Category,Sub_Category,Unit_Price,Quantity,Gross_Sales,Discount_Rate,Discount_Amount,Net_Sales,Cost,Profit,Profit_Margin_Pct,Ship_Mode,Payment_Method,Order_Status
ORD-2026-10339,2023-01-01,2023-01-04,CUST-1073,Sneha Iyer,Home Office,Central,Bhopal,Furniture,Bookcases & Shelving,92.04,8,736.32,0.0,0.0,736.32,620.14,116.18,15.78,Same Day Priority,Cash on Delivery,Shipped
ORD-2023-12324,2023-01-02,2023-01-03,CUST-1086,Rahul Saxena,Consumer,South,Hyderabad,Technology,Printers & Scanners,321.51,1,321.51,0.0,0.0,321.51,264.73,56.78,17.66,Freight Saver,Credit Card,Processing
ORD-2025-10214,2023-01-03,2023-01-04,CUST-1113,Isha Verma,Home Office,West,Pune,Office Supplies,Storage Solutions,108.77,1,108.77,0.0,0.0,108.77,73.49,35.28,32.44,Express Air,Credit Card,Delivered
ORD-2024-11313,2023-01-03,2023-01-06,CUST-1119,Divya Patel,Home Office,North,New Delhi,Technology,Printers & Scanners,186.39,4,745.56,0.1,74.56,0.0,639.14,-95.87,4.75,Freight Saver,UPI / QR,Returned
ORD-2023-10212,2023-01-04,2023-01-09,CUST-1147,Rahul Deshmukh,Corporate,West,Goa,Technology,Audio & Accessories,186.58,5,932.9,0.0,0.0,932.9,594.15,338.75,36.31,Freight Saver,Credit Card,Delivered
ORD-2026-11435,2023-01-04,2023-01-09,CUST-1142,Sunita Choudhury,Consumer,South,Kochi,Office Supplies,Binders & Organizers,24.8,2,49.6,0.1,4.96,44.64,31.65,12.99,29.1,Freight Saver,Cash on Delivery,Processing
ORD-2026-12107,2023-01-04,2023-01-07,CUST-1142,Sunita Choudhury,Consumer,North,Jaipur,Furniture,Executive Desks,543.58,1,543.58,0.0,0.0,543.58,451.22,92.36,16.99,Express Air,UPI / QR,Shipped
ORD-2025-10554,2023-01-05,2023-01-10,CUST-1014,Deepak Joshi,Consumer,East,Ranchi,Office Supplies,Storage Solutions,51.03,2,102.06,0.05,5.1,96.96,76.11,20.85,21.5,Standard Delivery,Credit Card,Delivered
ORD-2023-11240,2023-01-06,2023-01-07,CUST-1143,Aditya Chopra,Home Office,North,New Delhi,Office Supplies,Paper & Envelopes,9.43,1,9.43,0.2,1.89,7.54,5.11,2.43,32.23,Express Air,UPI / QR,Delivered
ORD-2026-12039,2023-01-06,2023-01-08,CUST-1124,Swati Menon,Home Office,North,Lucknow,Technology,Laptops & Desktops,1398.38,1,1398.38,0.05,69.92,1328.46,1028.43,300.03,22.58,Freight Saver,Cash on Delivery,Delivered
ORD-2025-10130,2023-01-07,2023-01-10,CUST-1149,Deepak Reddy,Home Office,North,New Delhi,Furniture,Office Chairs,280.23,1,280.23,0.15,42.03,238.2,196.74,41.46,17.41,Freight Saver,UPI / QR,Delivered
ORD-2023-10412,2023-01-07,2023-01-09,CUST-1124,Swati Menon,Home Office,North,Dehradun,Furniture,Bookcases & Shelving,193.37,1,193.37,0.0,0.0,193.37,147.03,46.34,23.96,Standard Delivery,Net Banking,Shipped
ORD-2025-11122,2023-01-07,2023-01-08,CUST-1006,Aarav Patel,Consumer,East,Guwahati,Furniture,Bookcases & Shelving,90.45,1,90.45,0.0,0.0,90.45,76.27,14.18,15.68,Freight Saver,Net Banking,Processing
ORD-2024-12497,2023-01-07,2023-01-12,CUST-1032,Karan Kulkarni,Corporate,South,Hyderabad,Furniture,Conference Tables,1066.43,2,2132.86,0.0,0.0,2132.86,1866.26,266.6,12.5,Same Day Priority,UPI / QR,Delivered
ORD-2026-11543,2023-01-08,2023-01-10,CUST-1120,Shweta Singh,Corporate,Central,Bhopal,Furniture,Conference Tables,478.74,1,478.74,0.05,23.94,454.8,404.41,50.39,11.08,Standard Delivery,Cash on Delivery,Delivered
ORD-2024-12077,2023-01-08,2023-01-12,CUST-1148,Priya Sharma,Corporate,South,Kochi,Furniture,Executive Desks,645.04,1,645.04,0.05,32.25,0.0,489.79,-73.47,20.07,Same Day Priority,Net Banking,Returned
ORD-2026-12223,2023-01-10,2023-01-14,CUST-1082,Naveen Choudhury,Consumer,East,Ranchi,Office Supplies,Storage Solutions,53.61,2,107.22,0.15,16.08,91.14,77.4,13.74,15.08,Freight Saver,Cash on Delivery,Shipped
ORD-2025-10754,2023-01-13,2023-01-15,CUST-1133,Rohan Bose,Consumer,West,Mumbai,Technology,Audio & Accessories,171.08,2,342.16,0.0,0.0,342.16,249.95,92.21,26.95,Same Day Priority,Cash on Delivery,Delivered
ORD-2025-11562,2023-01-13,2023-01-15,CUST-1007,Neha Saxena,Home Office,Central,Jabalpur,Office Supplies,Storage Solutions,44.0,1,44.0,0.0,0.0,44.0,29.23,14.77,33.57,Freight Saver,Corporate Purchase Order,Delivered
ORD-2025-11618,2023-01-13,2023-01-15,CUST-1079,Sanjay Saxena,Corporate,Central,Nagpur,Technology,Audio & Accessories,56.81,1,56.81,0.1,5.68,51.13,36.52,14.61,28.57,Express Air,UPI / QR,Processing
ORD-2024-12173,2023-01-13,2023-01-15,CUST-1005,Naveen Deshmukh,Consumer,Central,Raipur,Furniture,Conference Tables,463.52,3,1390.56,0.0,0.0,1390.56,1205.63,184.93,13.3,Express Air,Net Banking,Delivered
ORD-2024-12245,2023-01-13,2023-01-15,CUST-1124,Swati Menon,Home Office,West,Goa,Technology,Audio & Accessories,104.4,1,104.4,0.1,10.44,93.96,69.81,24.15,25.7,Express Air,Credit Card,Delivered
ORD-2024-11909,2023-01-14,2023-01-16,CUST-1021,Divya Bose,Home Office,North,Dehradun,Office Supplies,Writing Instruments,20.77,1,20.77,0.0,0.0,20.77,13.03,7.74,37.27,Freight Saver,Credit Card,Shipped
ORD-2024-11389,2023-01-15,2023-01-18,CUST-1001,Rajesh Mehta,Consumer,South,Kochi,Office Supplies,Storage Solutions,62.59,1,62.59,0.1,6.26,56.33,45.99,10.34,18.36,Freight Saver,Net Banking,Shipped
ORD-2023-12348,2023-01-15,2023-01-17,CUST-1028,Swati Iyer,Home Office,North,Chandigarh,Office Supplies,Binders & Organizers,26.62,2,53.24,0.2,10.65,42.59,24.01,18.58,43.63,Same Day Priority,UPI / QR,Delivered
ORD-2023-11104,2023-01-16,2023-01-21,CUST-1119,Divya Patel,Home Office,North,Chandigarh,Office Supplies,Paper & Envelopes,29.94,2,59.88,0.05,2.99,56.89,35.31,21.58,37.93,Same Day Priority,UPI / QR,Shipped
ORD-2025-10110,2023-01-17,2023-01-21,CUST-1111,Vikram Chopra,Consumer,South,Hyderabad,Office Supplies,Storage Solutions,59.76,1,59.76,0.05,2.99,56.77,46.06,10.71,18.87,Same Day Priority,UPI / QR,Delivered
ORD-2023-11064,2023-01-18,2023-01-20,CUST-1044,Sanjay Menon,Corporate,East,Guwahati,Office Supplies,Paper & Envelopes,22.57,1,22.57,0.05,1.13,0.0,11.98,-1.8,44.12,Express Air,Cash on Delivery,Returned
ORD-2025-11338,2023-01-18,2023-01-22,CUST-1037,Vikram Menon,Home Office,West,Ahmedabad,Technology,Smartphones & Tablets,362.19,2,724.38,0.05,36.22,688.16,613.94,74.22,10.79,Express Air,UPI / QR,Delivered
ORD-2026-11563,2023-01-19,2023-01-21,CUST-1083,Naveen Singh,Consumer,West,Surat,Technology,Printers & Scanners,375.09,4,1500.36,0.05,75.02,1425.34,1269.45,155.89,10.94,Same Day Priority,Credit Card,Delivered
ORD-2023-11908,2023-01-19,2023-01-21,CUST-1112,Priya Menon,Home Office,South,Hyderabad,Furniture,Office Chairs,373.95,2,747.9,0.15,112.18,635.72,599.74,35.98,5.66,Express Air,Credit Card,Delivered
ORD-2024-11993,2023-01-19,2023-01-24,CUST-1124,Swati Menon,Home Office,Central,Nagpur,Furniture,Conference Tables,1387.93,1,1387.93,0.05,69.4,1318.53,1247.0,71.53,5.42,Standard Delivery,Credit Card,Delivered
ORD-2024-10741,2023-01-20,2023-01-22,CUST-1122,Naveen Rao,Consumer,Central,Bhopal,Furniture,Executive Desks,554.43,1,554.43,0.0,0.0,554.43,442.43,112.0,20.2,Same Day Priority,Credit Card,Shipped
ORD-2024-11409,2023-01-22,2023-01-24,CUST-1110,Manish Malhotra,Consumer,South,Kochi,Furniture,Bookcases & Shelving,322.78,1,322.78,0.15,48.42,274.36,281.85,-7.49,-2.73,Same Day Priority,Net Banking,Delivered
ORD-2024-11773,2023-01-22,2023-01-29,CUST-1149,Deepak Reddy,Home Office,Central,Bhopal,Office Supplies,Paper & Envelopes,39.39,2,78.78,0.2,15.76,63.02,41.07,21.95,34.83,Standard Delivery,Credit Card,Shipped
ORD-2025-10398,2023-01-23,2023-01-25,CUST-1132,Vikram Saxena,Corporate,West,Goa,Office Supplies,Storage Solutions,58.53,8,468.24,0.0,0.0,468.24,362.83,105.41,22.51,Same Day Priority,Cash on Delivery,Delivered
ORD-2024-11297,2023-01-23,2023-01-25,CUST-1076,Manish Gupta,Home Office,South,Hyderabad,Technology,Laptops & Desktops,1062.02,4,4248.08,0.0,0.0,4248.08,3248.49,999.59,23.53,Same Day Priority,Credit Card,Processing
ORD-2023-11604,2023-01-23,2023-01-24,CUST-1076,Manish Gupta,Home Office,Central,Nagpur,Office Supplies,Storage Solutions,105.0,1,105.0,0.05,5.25,99.75,83.35,16.4,16.44,Freight Saver,Credit Card,Delivered
ORD-2026-10671,2023-01-25,2023-01-28,CUST-1097,Neha Gupta,Consumer,West,Mumbai,Technology,Laptops & Desktops,1821.51,2,3643.02,0.0,0.0,3643.02,2896.8,746.22,20.48,Standard Delivery,Net Banking,Delivered
ORD-2026-12219,2023-01-25,2023-02-01,CUST-1045,Kavita Singh,Consumer,Central,Raipur,Technology,Printers & Scanners,271.06,2,542.12,0.1,54.21,0.0,441.09,-66.16,9.6,Same Day Priority,Credit Card,Returned
ORD-2023-10192,2023-01-26,2023-01-27,CUST-1121,Ananya Menon,Consumer,East,Ranchi,Office Supplies,Binders & Organizers,32.93,4,131.72,0.05,6.59,125.13,61.54,63.59,50.82,Freight Saver,Credit Card,Delivered
ORD-2026-11287,2023-01-26,2023-01-29,CUST-1016,Kavita Bose,Home Office,North,Dehradun,Office Supplies,Binders & Organizers,29.8,1,29.8,0.1,2.98,0.0,18.21,-2.73,32.1,Freight Saver,Cash on Delivery,Returned
ORD-2025-11654,2023-01-26,2023-01-27,CUST-1083,Naveen Singh,Consumer,South,Coimbatore,Furniture,Office Chairs,439.21,1,439.21,0.1,43.92,395.29,326.6,68.69,17.38,Express Air,Credit Card,Processing
ORD-2024-11645,2023-01-27,2023-01-28,CUST-1126,Vikram Joshi,Consumer,West,Pune,Furniture,Office Chairs,263.64,8,2109.12,0.0,0.0,2109.12,1660.18,448.94,21.29,Express Air,UPI / QR,Delivered
ORD-2026-12087,2023-01-27,2023-01-31,CUST-1017,Aditya Verma,Home Office,Central,Nagpur,Technology,Smartphones & Tablets,473.94,1,473.94,0.05,23.7,450.24,367.92,82.32,18.28,Freight Saver,Net Banking,Delivered
ORD-2023-10512,2023-01-29,2023-01-30,CUST-1005,Naveen Deshmukh,Consumer,South,Bengaluru,Technology,Smartphones & Tablets,819.79,1,819.79,0.1,81.98,737.81,632.06,105.75,14.33,Express Air,UPI / QR,Delivered
ORD-2026-10827,2023-01-29,2023-02-03,CUST-1071,Deepak Reddy,Consumer,East,Ranchi,Furniture,Bookcases & Shelving,203.86,3,611.58,0.2,122.32,489.26,497.01,-7.75,-1.58,Express Air,UPI / QR,Shipped
ORD-2026-11891,2023-01-29,2023-01-31,CUST-1016,Kavita Bose,Home Office,West,Goa,Technology,Printers & Scanners,258.22,3,774.6600000000001,0.0,0.0,774.66,633.79,140.87,18.18,Same Day Priority,UPI / QR,Delivered
ORD-2024-11513,2023-01-30,2023-02-01,CUST-1085,Rahul Verma,Corporate,North,Chandigarh,Office Supplies,Paper & Envelopes,10.26,1,10.26,0.05,0.51,9.75,6.67,3.08,31.59,Same Day Priority,Corporate Purchase Order,Delivered
ORD-2024-12197,2023-01-30,2023-02-03,CUST-1084,Rahul Verma,Consumer,North,Lucknow,Office Supplies,Paper & Envelopes,41.53,1,41.53,0.0,0.0,41.53,20.94,20.59,49.58,Express Air,UPI / QR,Delivered
ORD-2026-12239,2023-01-30,2023-02-01,CUST-1048,Rohan Nair,Home Office,Central,Raipur,Furniture,Office Chairs,415.28,1,415.28,0.0,0.0,0.0,298.05,-44.71,28.23,Same Day Priority,Cash on Delivery,Returned
ORD-2024-10913,2023-01-31,2023-02-02,CUST-1058,Sanjay Iyer,Home Office,North,Lucknow,Office Supplies,Paper & Envelopes,43.84,2,87.68,0.05,4.38,0.0,45.63,-6.84,45.22,Freight Saver,Credit Card,Returned
ORD-2023-11384,2023-01-31,2023-02-01,CUST-1128,Swati Chopra,Corporate,North,Chandigarh,Office Supplies,Paper & Envelopes,13.54,1,13.54,0.0,0.0,13.54,8.82,4.72,34.86,Freight Saver,Cash on Delivery,Delivered
ORD-2024-12153,2023-01-31,2023-02-04,CUST-1038,Arjun Gupta,Home Office,South,Coimbatore,Furniture,Executive Desks,693.94,8,5551.52,0.0,0.0,0.0,4247.16,-637.07,23.5,Express Air,Corporate Purchase Order,Returned
ORD-2024-10089,2023-02-03,2023-02-06,CUST-1148,Priya Sharma,Corporate,South,Chennai,Technology,Laptops & Desktops,1583.7,1,1583.7,0.05,79.19,1504.51,1193.42,311.09,20.68,Standard Delivery,Cash on Delivery,Delivered
ORD-2023-11872,2023-02-04,2023-02-07,CUST-1051,Karan Saxena,Corporate,North,New Delhi,Technology,Smartphones & Tablets,571.92,1,571.92,0.1,57.19,514.73,463.75,50.98,9.9,Standard Delivery,Corporate Purchase Order,Delivered
ORD-2025-10026,2023-02-05,2023-02-06,CUST-1057,Karan Sharma,Home Office,West,Pune,Technology,Audio & Accessories,110.45,2,220.9,0.05,11.05,209.85,132.72,77.13,36.75,Same Day Priority,Net Banking,Processing
ORD-2025-10146,2023-02-05,2023-02-07,CUST-1111,Vikram Chopra,Consumer,South,Bengaluru,Office Supplies,Binders & Organizers,12.23,2,24.46,0.0,0.0,24.46,14.17,10.29,42.07,Freight Saver,UPI / QR,Delivered
ORD-2026-11523,2023-02-05,2023-02-06,CUST-1023,Swati Singh,Corporate,South,Coimbatore,Technology,Smartphones & Tablets,741.33,1,741.33,0.05,37.07,0.0,579.23,-86.88,17.75,Standard Delivery,Credit Card,Returned
ORD-2025-10590,2023-02-06,2023-02-09,CUST-1046,Amit Malhotra,Consumer,East,Kolkata,Furniture,Conference Tables,543.72,2,1087.44,0.0,0.0,1087.44,948.98,138.46,12.73,Freight Saver,Net Banking,Delivered
ORD-2024-11537,2023-02-07,2023-02-09,CUST-1026,Rajesh Bose,Consumer,North,New Delhi,Technology,Smartphones & Tablets,952.14,1,952.14,0.0,0.0,952.14,737.93,214.21,22.5,Standard Delivery,Credit Card,Delivered
ORD-2026-10539,2023-02-08,2023-02-09,CUST-1137,Pooja Rao,Home Office,South,Bengaluru,Technology,Smartphones & Tablets,496.23,3,1488.69,0.15,223.3,1265.39,1199.25,66.14,5.23,Same Day Priority,Corporate Purchase Order,Shipped
ORD-2025-12386,2023-02-08,2023-02-10,CUST-1058,Sanjay Iyer,Home Office,West,Ahmedabad,Furniture,Office Chairs,110.77,1,110.77,0.0,0.0,0.0,88.35,-13.25,20.24,Same Day Priority,Cash on Delivery,Returned
ORD-2026-11323,2023-02-09,2023-02-10,CUST-1076,Manish Gupta,Home Office,West,Surat,Technology,Smartphones & Tablets,434.55,1,434.55,0.1,43.46,0.0,353.25,-52.99,9.68,Express Air,Net Banking,Returned
ORD-2023-10632,2023-02-10,2023-02-12,CUST-1138,Amit Sharma,Home Office,Central,Raipur,Technology,Laptops & Desktops,1805.61,1,1805.61,0.1,180.56,1625.05,1459.42,165.63,10.19,Express Air,UPI / QR,Shipped
ORD-2024-11701,2023-02-10,2023-02-15,CUST-1105,Vikram Kulkarni,Consumer,South,Bengaluru,Office Supplies,Writing Instruments,21.01,1,21.01,0.2,4.2,16.81,12.55,4.26,25.34,Freight Saver,UPI / QR,Delivered
ORD-2026-12011,2023-02-10,2023-02-13,CUST-1117,Priya Saxena,Consumer,East,Patna,Furniture,Office Chairs,418.25,1,418.25,0.05,20.91,397.34,341.86,55.48,13.96,Same Day Priority,Corporate Purchase Order,Delivered
ORD-2025-12094,2023-02-10,2023-02-15,CUST-1060,Preeti Mehta,Home Office,East,Patna,Technology,Smartphones & Tablets,340.38,8,2723.04,0.05,136.15,2586.89,2286.95,299.94,11.59,Express Air,Credit Card,Delivered
ORD-2023-10940,2023-02-12,2023-02-16,CUST-1124,Swati Menon,Home Office,West,Surat,Furniture,Executive Desks,509.24,3,1527.72,0.05,76.39,1451.33,1231.21,220.12,15.17,Freight Saver,Net Banking,Processing
ORD-2025-11490,2023-02-13,2023-02-16,CUST-1109,Sunita Choudhury,Home Office,Central,Jabalpur,Office Supplies,Paper & Envelopes,36.03,3,108.09,0.15,16.21,91.88,58.89,32.99,35.91,Standard Delivery,Credit Card,Delivered
ORD-2024-10845,2023-02-14,2023-02-16,CUST-1117,Priya Saxena,Consumer,Central,Jabalpur,Furniture,Conference Tables,894.61,1,894.61,0.1,89.46,805.15,751.39,53.76,6.68,Freight Saver,Corporate Purchase Order,Delivered
ORD-2026-11059,2023-02-14,2023-02-16,CUST-1089,Preeti Menon,Home Office,East,Ranchi,Technology,Printers & Scanners,475.88,4,1903.52,0.0,0.0,1903.52,1626.57,276.95,14.55,Express Air,Net Banking,Delivered
ORD-2025-11266,2023-02-14,2023-02-19,CUST-1093,Meera Bose,Corporate,East,Patna,Furniture,Bookcases & Shelving,128.62,1,128.62,0.0,0.0,128.62,112.7,15.92,12.38,Express Air,Net Banking,Delivered
ORD-2025-12030,2023-02-15,2023-02-16,CUST-1003,Neha Reddy,Home Office,North,Lucknow,Furniture,Executive Desks,803.44,3,2410.32,0.05,120.52,0.0,2037.41,-305.61,11.02,Express Air,Corporate Purchase Order,Returned
ORD-2023-11476,2023-02-16,2023-02-19,CUST-1147,Rahul Deshmukh,Corporate,South,Bengaluru,Furniture,Office Chairs,217.05,1,217.05,0.15,32.56,0.0,154.39,-23.16,16.32,Express Air,Credit Card,Returned
ORD-2026-10899,2023-02-17,2023-02-18,CUST-1106,Sneha Kulkarni,Consumer,West,Surat,Office Supplies,Paper & Envelopes,38.77,1,38.77,0.25,9.69,29.08,24.24,4.84,16.64,Freight Saver,UPI / QR,Shipped
ORD-2023-11884,2023-02-17,2023-02-20,CUST-1144,Vikram Joshi,Consumer,North,Jaipur,Technology,Smartphones & Tablets,1007.77,1,1007.77,0.05,50.39,0.0,829.92,-124.49,13.31,Express Air,Credit Card,Returned
ORD-2023-11036,2023-02-18,2023-02-20,CUST-1094,Meera Kapoor,Home Office,West,Mumbai,Furniture,Bookcases & Shelving,286.8,1,286.8,0.05,14.34,272.46,242.79,29.67,10.89,Freight Saver,UPI / QR,Delivered
ORD-2025-12114,2023-02-18,2023-02-21,CUST-1088,Isha Reddy,Home Office,East,Guwahati,Office Supplies,Paper & Envelopes,32.63,2,65.26,0.05,3.26,62.0,42.96,19.04,30.71,Freight Saver,Corporate Purchase Order,Processing
ORD-2023-12280,2023-02-19,2023-02-24,CUST-1080,Ananya Singh,Consumer,Central,Indore,Office Supplies,Binders & Organizers,17.85,2,35.7,0.2,7.14,28.56,19.29,9.27,32.46,Freight Saver,Credit Card,Delivered
ORD-2025-12418,2023-02-19,2023-02-20,CUST-1048,Rohan Nair,Home Office,North,Lucknow,Furniture,Bookcases & Shelving,225.07,3,675.21,0.15,101.28,573.93,581.67,-7.74,-1.35,Standard Delivery,UPI / QR,Processing
ORD-2025-10538,2023-02-20,2023-02-22,CUST-1080,Ananya Singh,Consumer,Central,Bhopal,Furniture,Office Chairs,151.2,2,302.4,0.05,15.12,287.28,254.64,32.64,11.36,Express Air,Corporate Purchase Order,Shipped
ORD-2024-12057,2023-02-20,2023-02-23,CUST-1149,Deepak Reddy,Home Office,North,Dehradun,Furniture,Conference Tables,957.69,1,957.69,0.05,47.88,909.81,781.2,128.61,14.14,Freight Saver,Cash on Delivery,Processing
ORD-2023-11528,2023-02-21,2023-02-22,CUST-1023,Swati Singh,Corporate,East,Bhubaneswar,Technology,Printers & Scanners,473.63,3,1420.89,0.25,355.22,0.0,1113.4,-167.01,-4.48,Same Day Priority,Corporate Purchase Order,Returned
ORD-2023-11912,2023-02-21,2023-02-23,CUST-1127,Aditya Kulkarni,Consumer,South,Kochi,Technology,Printers & Scanners,486.35,3,1459.0500000000002,0.0,0.0,1459.05,1177.54,281.51,19.29,Express Air,Net Banking,Processing
ORD-2026-12031,2023-02-21,2023-02-23,CUST-1088,Isha Reddy,Home Office,South,Kochi,Technology,Printers & Scanners,514.4,5,2572.0,0.1,257.2,0.0,2057.62,-308.64,11.11,Express Air,Cash on Delivery,Returned
ORD-2025-10218,2023-02-22,2023-02-23,CUST-1075,Vikram Choudhury,Home Office,North,Lucknow,Office Supplies,Writing Instruments,20.48,2,40.96,0.15,6.14,34.82,26.5,8.32,23.89,Freight Saver,Credit Card,Delivered
ORD-2024-11201,2023-02-22,2023-02-27,CUST-1126,Vikram Joshi,Consumer,Central,Nagpur,Office Supplies,Writing Instruments,4.33,1,4.33,0.05,0.22,4.11,2.44,1.67,40.63,Same Day Priority,Credit Card,Delivered
ORD-2024-10501,2023-02-23,2023-02-25,CUST-1032,Karan Kulkarni,Corporate,West,Ahmedabad,Furniture,Office Chairs,389.68,1,389.68,0.0,0.0,389.68,282.67,107.01,27.46,Freight Saver,Corporate Purchase Order,Processing
ORD-2024-11161,2023-02-25,2023-02-27,CUST-1117,Priya Saxena,Consumer,North,Jaipur,Office Supplies,Binders & Organizers,8.0,1,8.0,0.0,0.0,0.0,3.76,-0.56,53.0,Same Day Priority,UPI / QR,Returned
ORD-2023-10488,2023-02-26,2023-03-01,CUST-1048,Rohan Nair,Home Office,West,Pune,Technology,Smartphones & Tablets,802.64,1,802.64,0.0,0.0,802.64,669.58,133.06,16.58,Express Air,Cash on Delivery,Processing
ORD-2023-11400,2023-02-26,2023-02-27,CUST-1092,Ananya Mehta,Home Office,North,Chandigarh,Office Supplies,Binders & Organizers,27.02,2,54.04,0.15,8.11,45.93,25.78,20.15,43.87,Freight Saver,Credit Card,Delivered
ORD-2025-12066,2023-02-26,2023-03-01,CUST-1011,Aditya Sharma,Consumer,South,Coimbatore,Office Supplies,Binders & Organizers,8.67,4,34.68,0.2,6.94,27.74,22.3,5.44,19.61,Standard Delivery,Cash on Delivery,Processing
ORD-2023-10208,2023-02-27,2023-03-02,CUST-1091,Ritu Deshmukh,Consumer,Central,Jabalpur,Technology,Smartphones & Tablets,969.36,3,2908.08,0.25,727.02,2181.06,2314.21,-133.15,-6.1,Express Air,Corporate Purchase Order,Delivered
ORD-2024-10957,2023-02-27,2023-02-28,CUST-1078,Rajesh Bose,Corporate,West,Pune,Technology,Laptops & Desktops,1917.99,2,3835.98,0.05,191.8,3644.18,2950.49,693.69,19.04,Express Air,Cash on Delivery,Delivered
ORD-2026-11267,2023-02-27,2023-03-02,CUST-1107,Siddharth Iyer,Corporate,West,Mumbai,Furniture,Conference Tables,1381.06,5,6905.299999999999,0.0,0.0,6905.3,5858.6,1046.7,15.16,Same Day Priority,Cash on Delivery,Shipped
ORD-2024-10105,2023-02-28,2023-03-01,CUST-1148,Priya Sharma,Corporate,East,Bhubaneswar,Office Supplies,Storage Solutions,83.72,1,83.72,0.15,12.56,71.16,60.12,11.04,15.51,Same Day Priority,Corporate Purchase Order,Delivered
ORD-2026-10039,2023-03-01,2023-03-08,CUST-1062,Vikram Reddy,Corporate,South,Hyderabad,Furniture,Conference Tables,457.19,10,4571.9,0.2,914.38,3657.52,3903.74,-246.22,-6.73,Standard Delivery,Credit Card,Delivered
ORD-2025-12254,2023-03-01,2023-03-04,CUST-1062,Vikram Reddy,Corporate,Central,Raipur,Technology,Printers & Scanners,214.7,1,214.7,0.0,0.0,214.7,177.13,37.57,17.5,Standard Delivery,Net Banking,Shipped
ORD-2025-11174,2023-03-02,2023-03-06,CUST-1043,Sunita Menon,Corporate,West,Pune,Technology,Printers & Scanners,420.18,4,1680.72,0.0,0.0,1680.72,1311.22,369.5,21.98,Standard Delivery,Corporate Purchase Order,Shipped
ORD-2025-11538,2023-03-02,2023-03-03,CUST-1103,Rahul Singh,Consumer,North,Jaipur,Furniture,Conference Tables,354.82,5,1774.1,0.05,88.7,1685.4,1578.86,106.54,6.32,Freight Saver,UPI / QR,Delivered
ORD-2026-10771,2023-03-03,2023-03-04,CUST-1108,Pooja Deshmukh,Home Office,East,Bhubaneswar,Technology,Laptops & Desktops,822.86,2,1645.72,0.1,164.57,1481.15,1197.4,283.75,19.16,Standard Delivery,Credit Card,Delivered
ORD-2023-12444,2023-03-03,2023-03-05,CUST-1144,Vikram Joshi,Consumer,South,Chennai,Office Supplies,Storage Solutions,63.61,1,63.61,0.15,9.54,54.07,47.77,6.3,11.65,Standard Delivery,Cash on Delivery,Delivered
ORD-2025-11670,2023-03-04,2023-03-06,CUST-1076,Manish Gupta,Home Office,West,Pune,Office Supplies,Storage Solutions,26.52,1,26.52,0.15,3.98,22.54,20.97,1.57,6.97,Same Day Priority,UPI / QR,Delivered
ORD-2023-10324,2023-03-06,2023-03-08,CUST-1038,Arjun Gupta,Home Office,North,Jaipur,Office Supplies,Paper & Envelopes,28.1,1,28.1,0.15,4.21,23.89,18.26,5.63,23.57,Freight Saver,UPI / QR,Delivered
ORD-2024-11089,2023-03-06,2023-03-10,CUST-1065,Divya Joshi,Corporate,West,Pune,Office Supplies,Storage Solutions,87.54,1,87.54,0.1,8.75,78.79,65.78,13.01,16.51,Express Air,Net Banking,Processing
ORD-2026-12411,2023-03-06,2023-03-07,CUST-1120,Shweta Singh,Corporate,North,Lucknow,Office Supplies,Storage Solutions,56.74,3,170.22,0.0,0.0,170.22,134.0,36.22,21.28,Standard Delivery,Credit Card,Shipped
ORD-2026-10171,2023-03-08,2023-03-10,CUST-1138,Amit Sharma,Home Office,East,Bhubaneswar,Office Supplies,Storage Solutions,77.22,1,77.22,0.0,0.0,0.0,52.8,-7.92,31.62,Same Day Priority,Cash on Delivery,Returned
ORD-2026-10307,2023-03-08,2023-03-10,CUST-1101,Karan Choudhury,Consumer,South,Kochi,Office Supplies,Storage Solutions,54.99,1,54.99,0.1,5.5,49.49,40.86,8.63,17.44,Standard Delivery,Net Banking,Delivered
ORD-2023-10708,2023-03-08,2023-03-11,CUST-1108,Pooja Deshmukh,Home Office,South,Chennai,Office Supplies,Storage Solutions,35.88,4,143.52,0.2,28.7,0.0,107.27,-16.09,6.58,Freight Saver,Corporate Purchase Order,Returned
ORD-2024-11105,2023-03-08,2023-03-11,CUST-1082,Naveen Choudhury,Consumer,South,Hyderabad,Furniture,Conference Tables,687.47,4,2749.88,0.0,0.0,0.0,2392.34,-358.85,13.0,Express Air,Net Banking,Returned
ORD-2023-11576,2023-03-08,2023-03-10,CUST-1139,Alok Choudhury,Corporate,Central,Bhopal,Furniture,Executive Desks,874.06,1,874.06,0.0,0.0,874.06,759.61,114.45,13.09,Standard Delivery,Credit Card,Delivered
ORD-2024-12329,2023-03-10,2023-03-13,CUST-1078,Rajesh Bose,Corporate,Central,Jabalpur,Furniture,Office Chairs,356.68,1,356.68,0.15,53.5,0.0,294.93,-44.24,2.72,Same Day Priority,Net Banking,Returned
ORD-2024-10629,2023-03-11,2023-03-12,CUST-1102,Priya Choudhury,Consumer,West,Ahmedabad,Furniture,Executive Desks,689.6,1,689.6,0.1,68.96,0.0,538.37,-80.76,13.26,Standard Delivery,Corporate Purchase Order,Returned
ORD-2024-11153,2023-03-13,2023-03-16,CUST-1022,Vikram Patel,Consumer,Central,Jabalpur,Furniture,Bookcases & Shelving,397.34,1,397.34,0.2,79.47,317.87,308.73,9.14,2.88,Standard Delivery,UPI / QR,Delivered
ORD-2025-10234,2023-03-14,2023-03-16,CUST-1147,Rahul Deshmukh,Corporate,South,Hyderabad,Office Supplies,Binders & Organizers,25.59,2,51.18,0.05,2.56,48.62,23.64,24.98,51.38,Same Day Priority,Cash on Delivery,Delivered
ORD-2026-10375,2023-03-14,2023-03-17,CUST-1124,Swati Menon,Home Office,South,Kochi,Office Supplies,Writing Instruments,13.71,3,41.13,0.2,8.23,32.9,28.33,4.57,13.89,Same Day Priority,Cash on Delivery,Processing
ORD-2025-10858,2023-03-14,2023-03-16,CUST-1092,Ananya Mehta,Home Office,North,Dehradun,Office Supplies,Binders & Organizers,10.26,2,20.52,0.0,0.0,20.52,12.74,7.78,37.91,Freight Saver,Corporate Purchase Order,Delivered
ORD-2025-12106,2023-03-14,2023-03-17,CUST-1098,Isha Kapoor,Consumer,East,Ranchi,Office Supplies,Binders & Organizers,16.41,1,16.41,0.0,0.0,16.41,9.09,7.32,44.61,Express Air,Corporate Purchase Order,Delivered
ORD-2026-10299,2023-03-15,2023-03-17,CUST-1001,Rajesh Mehta,Consumer,South,Bengaluru,Office Supplies,Storage Solutions,58.55,1,58.55,0.05,2.93,55.62,42.29,13.33,23.97,Standard Delivery,UPI / QR,Shipped
ORD-2023-10380,2023-03-16,2023-03-18,CUST-1134,Sanjay Singh,Corporate,North,New Delhi,Technology,Laptops & Desktops,1699.28,2,3398.56,0.0,0.0,3398.56,2628.15,770.41,22.67,Standard Delivery,UPI / QR,Shipped
ORD-2026-12247,2023-03-16,2023-03-17,CUST-1085,Rahul Verma,Corporate,South,Hyderabad,Furniture,Conference Tables,601.07,5,3005.3500000000004,0.1,300.54,2704.81,2638.51,66.3,2.45,Express Air,Credit Card,Shipped
ORD-2024-11925,2023-03-17,2023-03-20,CUST-1012,Manish Deshmukh,Corporate,East,Guwahati,Office Supplies,Binders & Organizers,19.29,1,19.29,0.0,0.0,19.29,11.4,7.89,40.9,Same Day Priority,Cash on Delivery,Delivered
ORD-2024-11965,2023-03-17,2023-03-19,CUST-1008,Aarav Choudhury,Consumer,Central,Bhopal,Technology,Smartphones & Tablets,951.95,2,1903.9,0.1,190.39,1713.51,1549.46,164.05,9.57,Freight Saver,UPI / QR,Delivered
ORD-2026-12015,2023-03-17,2023-03-19,CUST-1093,Meera Bose,Corporate,East,Patna,Office Supplies,Writing Instruments,17.62,3,52.86,0.1,5.29,47.57,33.77,13.8,29.01,Freight Saver,Cash on Delivery,Delivered
ORD-2025-10690,2023-03-18,2023-03-20,CUST-1039,Tanvi Kulkarni,Home Office,West,Mumbai,Office Supplies,Paper & Envelopes,43.25,1,43.25,0.0,0.0,43.25,24.38,18.87,43.63,Express Air,Credit Card,Shipped
ORD-2025-11406,2023-03-18,2023-03-20,CUST-1082,Naveen Choudhury,Consumer,North,Chandigarh,Technology,Audio & Accessories,191.03,1,191.03,0.15,28.65,162.38,119.99,42.39,26.11,Same Day Priority,Corporate Purchase Order,Delivered
ORD-2024-11597,2023-03-18,2023-03-20,CUST-1072,Swati Malhotra,Home Office,West,Mumbai,Office Supplies,Storage Solutions,103.94,1,103.94,0.25,25.98,77.96,69.58,8.38,10.75,Freight Saver,Net Banking,Delivered
ORD-2024-10421,2023-03-19,2023-03-21,CUST-1128,Swati Chopra,Corporate,Central,Bhopal,Furniture,Bookcases & Shelving,197.83,1,197.83,0.0,0.0,197.83,171.3,26.53,13.41,Standard Delivery,Cash on Delivery,Delivered
ORD-2026-11191,2023-03-19,2023-03-23,CUST-1009,Manish Choudhury,Corporate,Central,Indore,Furniture,Conference Tables,1471.26,2,2942.52,0.1,294.25,2648.27,2498.98,149.29,5.64,Same Day Priority,Credit Card,Delivered
ORD-2026-11547,2023-03-19,2023-03-22,CUST-1099,Meera Nair,Corporate,Central,Raipur,Furniture,Conference Tables,648.52,2,1297.04,0.0,0.0,1297.04,1063.46,233.58,18.01,Same Day Priority,UPI / QR,Delivered
ORD-2026-11319,2023-03-21,2023-03-24,CUST-1115,Naveen Malhotra,Home Office,South,Coimbatore,Furniture,Bookcases & Shelving,366.21,5,1831.05,0.05,91.55,0.0,1491.1,-223.66,14.28,Express Air,Net Banking,Returned
ORD-2026-11375,2023-03-21,2023-03-22,CUST-1126,Vikram Joshi,Consumer,North,Chandigarh,Technology,Audio & Accessories,139.62,5,698.1,0.25,174.53,0.0,492.54,-73.88,5.93,Express Air,UPI / QR,Returned
ORD-2024-11093,2023-03-22,2023-03-24,CUST-1141,Aditya Mehta,Consumer,East,Guwahati,Office Supplies,Storage Solutions,29.23,1,29.23,0.05,1.46,0.0,20.63,-3.09,25.71,Standard Delivery,Corporate Purchase Order,Returned
ORD-2026-11143,2023-03-22,2023-03-25,CUST-1014,Deepak Joshi,Consumer,West,Pune,Technology,Printers & Scanners,428.14,3,1284.42,0.0,0.0,1284.42,1050.09,234.33,18.24,Express Air,Credit Card,Delivered
ORD-2023-12228,2023-03-23,2023-03-27,CUST-1038,Arjun Gupta,Home Office,West,Ahmedabad,Technology,Printers & Scanners,448.21,1,448.21,0.0,0.0,448.21,379.55,68.66,15.32,Express Air,Cash on Delivery,Shipped
ORD-2025-10846,2023-03-24,2023-03-31,CUST-1060,Preeti Mehta,Home Office,Central,Bhopal,Furniture,Bookcases & Shelving,385.73,1,385.73,0.0,0.0,385.73,315.73,70.0,18.15,Same Day Priority,Cash on Delivery,Processing
ORD-2026-11163,2023-03-24,2023-03-25,CUST-1078,Rajesh Bose,Corporate,Central,Bhopal,Office Supplies,Storage Solutions,99.12,1,99.12,0.0,0.0,99.12,66.47,32.65,32.94,Express Air,Corporate Purchase Order,Delivered
ORD-2024-11517,2023-03-25,2023-03-26,CUST-1132,Vikram Saxena,Corporate,East,Bhubaneswar,Technology,Laptops & Desktops,2024.51,3,6073.53,0.0,0.0,6073.53,4709.62,1363.91,22.46,Standard Delivery,Cash on Delivery,Delivered
ORD-2025-10022,2023-03-26,2023-03-28,CUST-1110,Manish Malhotra,Consumer,East,Kolkata,Furniture,Bookcases & Shelving,93.92,1,93.92,0.05,4.7,89.22,77.76,11.46,12.84,Same Day Priority,Corporate Purchase Order,Processing
ORD-2023-10172,2023-03-27,2023-03-30,CUST-1113,Isha Verma,Home Office,Central,Indore,Office Supplies,Paper & Envelopes,35.23,2,70.46,0.0,0.0,70.46,36.99,33.47,47.5,Standard Delivery,Corporate Purchase Order,Delivered
ORD-2024-10613,2023-03-27,2023-03-28,CUST-1134,Sanjay Singh,Corporate,North,Lucknow,Furniture,Bookcases & Shelving,378.96,2,757.92,0.0,0.0,757.92,627.91,130.01,17.15,Same Day Priority,Net Banking,Delivered
ORD-2024-10773,2023-03-27,2023-03-28,CUST-1128,Swati Chopra,Corporate,Central,Indore,Furniture,Conference Tables,899.23,3,2697.69,0.15,404.65,0.0,2366.48,-354.97,-3.2,Standard Delivery,UPI / QR,Returned
ORD-2025-11990,2023-03-27,2023-03-30,CUST-1006,Aarav Patel,Consumer,East,Kolkata,Furniture,Bookcases & Shelving,225.05,5,1125.25,0.0,0.0,1125.25,985.46,139.79,12.42,Freight Saver,Net Banking,Processing
ORD-2026-12123,2023-03-27,2023-03-28,CUST-1019,Preeti Kulkarni,Consumer,North,Dehradun,Technology,Smartphones & Tablets,604.21,1,604.21,0.05,30.21,574.0,506.22,67.78,11.81,Same Day Priority,UPI / QR,Shipped
ORD-2025-10222,2023-03-29,2023-03-31,CUST-1112,Priya Menon,Home Office,South,Chennai,Office Supplies,Writing Instruments,10.71,3,32.13,0.15,4.82,27.31,21.93,5.38,19.7,Freight Saver,Cash on Delivery,Delivered
ORD-2023-10284,2023-03-29,2023-04-01,CUST-1133,Rohan Bose,Consumer,East,Ranchi,Furniture,Conference Tables,1363.78,1,1363.78,0.1,136.38,1227.4,1213.32,14.08,1.15,Same Day Priority,Net Banking,Shipped
ORD-2025-11322,2023-03-29,2023-03-31,CUST-1080,Ananya Singh,Consumer,North,Dehradun,Technology,Smartphones & Tablets,379.78,1,379.78,0.0,0.0,379.78,293.23,86.55,22.79,Freight Saver,UPI / QR,Shipped
ORD-2023-11656,2023-03-29,2023-03-31,CUST-1143,Aditya Chopra,Home Office,West,Mumbai,Furniture,Office Chairs,442.25,3,1326.75,0.05,66.34,1260.41,1005.32,255.09,20.24,Same Day Priority,Credit Card,Delivered
ORD-2026-10423,2023-03-30,2023-03-31,CUST-1094,Meera Kapoor,Home Office,East,Bhubaneswar,Furniture,Bookcases & Shelving,281.21,4,1124.84,0.05,56.24,1068.6,975.76,92.84,8.69,Standard Delivery,Cash on Delivery,Delivered
ORD-2026-11183,2023-03-30,2023-04-06,CUST-1025,Siddharth Iyer,Corporate,West,Ahmedabad,Technology,Laptops & Desktops,978.41,1,978.41,0.0,0.0,978.41,792.35,186.06,19.02,Freight Saver,Cash on Delivery,Delivered
ORD-2026-12187,2023-03-30,2023-04-01,CUST-1149,Deepak Reddy,Home Office,South,Kochi,Technology,Audio & Accessories,78.42,1,78.42,0.1,7.84,70.58,45.79,24.79,35.12,Standard Delivery,Corporate Purchase Order,Delivered
ORD-2023-10852,2023-04-01,2023-04-02,CUST-1112,Priya Menon,Home Office,North,Jaipur,Technology,Smartphones & Tablets,640.57,1,640.57,0.0,0.0,640.57,491.88,148.69,23.21,Standard Delivery,Net Banking,Delivered
ORD-2024-11021,2023-04-01,2023-04-05,CUST-1112,Priya Menon,Home Office,Central,Raipur,Office Supplies,Paper & Envelopes,18.6,1,18.6,0.0,0.0,18.6,9.97,8.63,46.4,Express Air,Net Banking,Processing
ORD-2024-11141,2023-04-01,2023-04-03,CUST-1001,Rajesh Mehta,Consumer,East,Bhubaneswar,Technology,Audio & Accessories,45.08,3,135.24,0.0,0.0,135.24,97.37,37.87,28.0,Freight Saver,Cash on Delivery,Delivered
ORD-2023-10688,2023-04-02,2023-04-04,CUST-1124,Swati Menon,Home Office,North,New Delhi,Technology,Audio & Accessories,31.44,1,31.44,0.0,0.0,0.0,21.08,-3.16,32.95,Express Air,Net Banking,Returned
ORD-2025-10958,2023-04-02,2023-04-07,CUST-1026,Rajesh Bose,Consumer,West,Pune,Office Supplies,Writing Instruments,5.53,1,5.53,0.0,0.0,5.53,3.16,2.37,42.86,Standard Delivery,UPI / QR,Delivered
ORD-2026-11575,2023-04-02,2023-04-04,CUST-1027,Kavita Bose,Consumer,Central,Indore,Furniture,Executive Desks,339.63,1,339.63,0.0,0.0,339.63,263.62,76.01,22.38,Same Day Priority,Credit Card,Shipped
ORD-2025-11946,2023-04-02,2023-04-04,CUST-1032,Karan Kulkarni,Corporate,Central,Jabalpur,Technology,Laptops & Desktops,1819.24,3,5457.72,0.0,0.0,5457.72,4400.9,1056.82,19.36,Freight Saver,Credit Card,Delivered
ORD-2025-12414,2023-04-02,2023-04-05,CUST-1104,Meera Malhotra,Corporate,East,Kolkata,Office Supplies,Storage Solutions,50.4,2,100.8,0.2,20.16,80.64,72.66,7.98,9.9,Same Day Priority,Corporate Purchase Order,Shipped
ORD-2023-10540,2023-04-03,2023-04-05,CUST-1006,Aarav Patel,Consumer,East,Ranchi,Technology,Laptops & Desktops,1975.44,1,1975.44,0.0,0.0,1975.44,1597.21,378.23,19.15,Standard Delivery,Cash on Delivery,Delivered
ORD-2024-11129,2023-04-03,2023-04-06,CUST-1051,Karan Saxena,Corporate,South,Chennai,Technology,Printers & Scanners,177.57,1,177.57,0.1,17.76,159.81,155.7,4.11,2.57,Express Air,Net Banking,Processing
ORD-2025-11702,2023-04-03,2023-04-06,CUST-1086,Rahul Saxena,Consumer,North,Dehradun,Furniture,Executive Desks,222.8,2,445.6,0.15,66.84,378.76,351.13,27.63,7.29,Express Air,Net Banking,Processing
ORD-2025-12126,2023-04-03,2023-04-04,CUST-1021,Divya Bose,Home Office,East,Kolkata,Technology,Laptops & Desktops,1425.07,1,1425.07,0.15,213.76,1211.31,1046.73,164.58,13.59,Standard Delivery,Net Banking,Delivered
ORD-2026-12179,2023-04-03,2023-04-05,CUST-1091,Ritu Deshmukh,Consumer,Central,Raipur,Furniture,Conference Tables,920.31,2,1840.62,0.15,276.09,1564.53,1636.87,-72.34,-4.62,Express Air,Corporate Purchase Order,Shipped
ORD-2025-10862,2023-04-04,2023-04-07,CUST-1047,Deepak Verma,Consumer,East,Patna,Technology,Smartphones & Tablets,314.98,1,314.98,0.0,0.0,314.98,259.32,55.66,17.67,Same Day Priority,UPI / QR,Delivered
ORD-2026-11243,2023-04-08,2023-04-12,CUST-1074,Shweta Rao,Corporate,East,Guwahati,Office Supplies,Storage Solutions,53.52,3,160.56,0.0,0.0,160.56,111.49,49.07,30.56,Standard Delivery,UPI / QR,Shipped
ORD-2024-10917,2023-04-09,2023-04-12,CUST-1047,Deepak Verma,Consumer,North,Chandigarh,Furniture,Executive Desks,321.41,1,321.41,0.05,16.07,305.34,265.94,39.4,12.9,Same Day Priority,Credit Card,Processing
ORD-2023-11152,2023-04-09,2023-04-12,CUST-1051,Karan Saxena,Corporate,South,Coimbatore,Technology,Smartphones & Tablets,694.06,1,694.06,0.1,69.41,0.0,520.58,-78.09,16.66,Standard Delivery,Corporate Purchase Order,Returned
ORD-2024-12009,2023-04-09,2023-04-12,CUST-1053,Sunita Mehta,Home Office,West,Ahmedabad,Furniture,Office Chairs,119.62,2,239.24,0.1,23.92,215.32,173.89,41.43,19.24,Same Day Priority,Corporate Purchase Order,Delivered
ORD-2026-10243,2023-04-10,2023-04-12,CUST-1013,Aditya Reddy,Consumer,North,New Delhi,Technology,Laptops & Desktops,1266.84,1,1266.84,0.05,63.34,1203.5,978.71,224.79,18.68,Express Air,Credit Card,Processing
ORD-2026-10503,2023-04-10,2023-04-14,CUST-1073,Sneha Iyer,Home Office,East,Kolkata,Office Supplies,Storage Solutions,33.79,1,33.79,0.0,0.0,33.79,23.12,10.67,31.58,Freight Saver,UPI / QR,Delivered
ORD-2024-12277,2023-04-10,2023-04-12,CUST-1051,Karan Saxena,Corporate,South,Chennai,Technology,Smartphones & Tablets,975.5,3,2926.5,0.05,146.33,2780.17,2227.2,552.97,19.89,Freight Saver,Net Banking,Delivered
ORD-2025-12006,2023-04-11,2023-04-16,CUST-1130,Karan Rao,Home Office,North,Jaipur,Technology,Smartphones & Tablets,457.23,1,457.23,0.0,0.0,457.23,350.31,106.92,23.38,Same Day Priority,Credit Card,Delivered
ORD-2024-10725,2023-04-12,2023-04-16,CUST-1128,Swati Chopra,Corporate,North,Jaipur,Furniture,Office Chairs,247.53,2,495.06,0.05,24.75,470.31,403.24,67.07,14.26,Standard Delivery,Net Banking,Delivered
ORD-2026-12499,2023-04-12,2023-04-15,CUST-1013,Aditya Reddy,Consumer,West,Mumbai,Office Supplies,Binders & Organizers,32.79,2,65.58,0.25,16.39,49.19,41.95,7.24,14.72,Same Day Priority,UPI / QR,Delivered
ORD-2026-12491,2023-04-13,2023-04-16,CUST-1132,Vikram Saxena,Corporate,North,Chandigarh,Technology,Audio & Accessories,106.62,1,106.62,0.05,5.33,101.29,61.16,40.13,39.62,Same Day Priority,Credit Card,Delivered
ORD-2024-10657,2023-04-15,2023-04-17,CUST-1135,Pooja Nair,Corporate,East,Bhubaneswar,Technology,Printers & Scanners,365.64,2,731.28,0.1,73.13,658.15,621.27,36.88,5.6,Same Day Priority,Net Banking,Delivered
ORD-2025-10666,2023-04-16,2023-04-19,CUST-1064,Deepak Saxena,Consumer,South,Coimbatore,Technology,Audio & Accessories,137.56,8,1100.48,0.0,0.0,1100.48,617.06,483.42,43.93,Same Day Priority,Credit Card,Delivered
ORD-2023-10792,2023-04-16,2023-04-19,CUST-1135,Pooja Nair,Corporate,Central,Raipur,Technology,Smartphones & Tablets,968.81,1,968.81,0.0,0.0,968.81,799.94,168.87,17.43,Same Day Priority,Credit Card,Delivered
ORD-2023-11196,2023-04-17,2023-04-20,CUST-1008,Aarav Choudhury,Consumer,East,Ranchi,Technology,Audio & Accessories,146.55,2,293.1,0.0,0.0,293.1,212.51,80.59,27.5,Same Day Priority,Cash on Delivery,Delivered
ORD-2026-11979,2023-04-17,2023-04-21,CUST-1027,Kavita Bose,Consumer,South,Bengaluru,Furniture,Executive Desks,554.14,1,554.14,0.0,0.0,554.14,491.48,62.66,11.31,Freight Saver,UPI / QR,Delivered
ORD-2026-12347,2023-04-17,2023-04-22,CUST-1055,Deepak Joshi,Consumer,West,Mumbai,Office Supplies,Storage Solutions,72.12,2,144.24,0.0,0.0,144.24,112.05,32.19,22.32,Freight Saver,Net Banking,Shipped
ORD-2023-10060,2023-04-18,2023-04-19,CUST-1108,Pooja Deshmukh,Home Office,Central,Bhopal,Office Supplies,Storage Solutions,67.59,1,67.59,0.05,3.38,64.21,49.49,14.72,22.92,Express Air,Cash on Delivery,Delivered
ORD-2024-11469,2023-04-18,2023-04-21,CUST-1148,Priya Sharma,Corporate,Central,Bhopal,Furniture,Office Chairs,97.84,2,195.68,0.0,0.0,195.68,159.64,36.04,18.42,Standard Delivery,Cash on Delivery,Delivered
ORD-2023-10392,2023-04-19,2023-04-20,CUST-1144,Vikram Joshi,Consumer,East,Kolkata,Office Supplies,Paper & Envelopes,16.7,3,50.1,0.0,0.0,50.1,31.88,18.22,36.37,Freight Saver,Corporate Purchase Order,Delivered
ORD-2025-10466,2023-04-19,2023-04-23,CUST-1128,Swati Chopra,Corporate,North,Chandigarh,Technology,Audio & Accessories,55.97,2,111.94,0.0,0.0,111.94,82.24,29.7,26.53,Freight Saver,Corporate Purchase Order,Delivered
ORD-2024-11217,2023-04-19,2023-04-21,CUST-1047,Deepak Verma,Consumer,West,Mumbai,Furniture,Executive Desks,247.49,2,494.98,0.0,0.0,494.98,387.03,107.95,21.81,Express Air,Cash on Delivery,Processing
ORD-2026-12043,2023-04-19,2023-04-20,CUST-1018,Karan Choudhury,Consumer,East,Guwahati,Furniture,Executive Desks,497.83,2,995.66,0.05,49.78,945.88,826.71,119.17,12.6,Standard Delivery,Corporate Purchase Order,Delivered
ORD-2025-12206,2023-04-21,2023-04-23,CUST-1144,Vikram Joshi,Consumer,East,Ranchi,Office Supplies,Storage Solutions,99.98,4,399.92,0.2,79.98,319.94,316.21,3.73,1.17,Express Air,Credit Card,Delivered
ORD-2024-10029,2023-04-22,2023-04-24,CUST-1033,Preeti Choudhury,Consumer,West,Mumbai,Office Supplies,Writing Instruments,13.86,1,13.86,0.0,0.0,0.0,9.56,-1.43,31.02,Freight Saver,UPI / QR,Returned
ORD-2024-11621,2023-04-22,2023-04-25,CUST-1020,Isha Chopra,Home Office,West,Goa,Technology,Printers & Scanners,375.9,4,1503.6,0.0,0.0,1503.6,1266.5,237.1,15.77,Same Day Priority,Credit Card,Processing
ORD-2026-11983,2023-04-23,2023-04-25,CUST-1022,Vikram Patel,Consumer,Central,Bhopal,Technology,Laptops & Desktops,2068.35,3,6205.049999999999,0.25,1551.26,4653.79,4852.02,-198.23,-4.26,Standard Delivery,UPI / QR,Delivered
ORD-2023-12216,2023-04-23,2023-04-25,CUST-1074,Shweta Rao,Corporate,North,Jaipur,Technology,Printers & Scanners,588.77,2,1177.54,0.1,117.75,1059.79,965.92,93.87,8.86,Freight Saver,Credit Card,Processing
ORD-2026-10559,2023-04-25,2023-04-27,CUST-1076,Manish Gupta,Home Office,West,Surat,Technology,Printers & Scanners,254.9,2,509.8,0.1,50.98,0.0,448.08,-67.21,2.34,Freight Saver,Corporate Purchase Order,Returned
ORD-2026-11351,2023-04-25,2023-04-27,CUST-1143,Aditya Chopra,Home Office,East,Ranchi,Office Supplies,Storage Solutions,68.75,3,206.25,0.15,30.94,175.31,153.15,22.16,12.64,Freight Saver,Credit Card,Delivered
ORD-2025-11410,2023-04-25,2023-04-26,CUST-1045,Kavita Singh,Consumer,South,Coimbatore,Furniture,Bookcases & Shelving,342.98,1,342.98,0.0,0.0,342.98,290.67,52.31,15.25,Express Air,UPI / QR,Delivered
ORD-2024-11009,2023-04-26,2023-04-29,CUST-1143,Aditya Chopra,Home Office,North,New Delhi,Furniture,Executive Desks,559.02,1,559.02,0.1,55.9,503.12,423.46,79.66,15.83,Express Air,Cash on Delivery,Delivered
ORD-2023-11580,2023-04-28,2023-04-30,CUST-1086,Rahul Saxena,Consumer,Central,Raipur,Technology,Smartphones & Tablets,1061.1,1,1061.1,0.0,0.0,1061.1,849.26,211.84,19.96,Express Air,UPI / QR,Delivered
ORD-2026-11699,2023-04-28,2023-04-30,CUST-1107,Siddharth Iyer,Corporate,West,Ahmedabad,Technology,Laptops & Desktops,846.25,4,3385.0,0.15,507.75,2877.25,2687.69,189.56,6.59,Freight Saver,Net Banking,Delivered
ORD-2024-11717,2023-04-29,2023-05-01,CUST-1078,Rajesh Bose,Corporate,East,Guwahati,Office Supplies,Storage Solutions,40.93,3,122.79,0.0,0.0,122.79,93.38,29.41,23.95,Freight Saver,Corporate Purchase Order,Delivered
ORD-2026-11963,2023-04-30,2023-05-03,CUST-1012,Manish Deshmukh,Corporate,Central,Nagpur,Office Supplies,Storage Solutions,60.4,1,60.4,0.05,3.02,57.38,46.13,11.25,19.61,Same Day Priority,Net Banking,Delivered
ORD-2023-12116,2023-05-02,2023-05-03,CUST-1149,Deepak Reddy,Home Office,North,Jaipur,Technology,Smartphones & Tablets,792.07,2,1584.14,0.0,0.0,1584.14,1343.71,240.43,15.18,Same Day Priority,UPI / QR,Delivered
ORD-2024-11881,2023-05-03,2023-05-05,CUST-1009,Manish Choudhury,Corporate,Central,Indore,Furniture,Conference Tables,883.0,3,2649.0,0.0,0.0,0.0,2262.81,-339.42,14.58,Same Day Priority,Credit Card,Returned
ORD-2025-10350,2023-05-04,2023-05-06,CUST-1070,Tanvi Patel,Home Office,North,Lucknow,Furniture,Office Chairs,104.64,2,209.28,0.1,20.93,188.35,149.23,39.12,20.77,Same Day Priority,UPI / QR,Delivered
ORD-2023-10136,2023-05-05,2023-05-07,CUST-1045,Kavita Singh,Consumer,West,Goa,Furniture,Bookcases & Shelving,381.89,2,763.78,0.15,114.57,649.21,642.91,6.3,0.97,Freight Saver,Corporate Purchase Order,Delivered
ORD-2026-10543,2023-05-05,2023-05-07,CUST-1142,Sunita Choudhury,Consumer,West,Mumbai,Furniture,Conference Tables,1078.57,4,4314.28,0.0,0.0,0.0,3643.81,-546.57,15.54,Standard Delivery,Credit Card,Returned
ORD-2023-11144,2023-05-05,2023-05-07,CUST-1013,Aditya Reddy,Consumer,North,Lucknow,Technology,Laptops & Desktops,2024.33,4,8097.32,0.1,809.73,7287.59,6427.97,859.62,11.8,Same Day Priority,Credit Card,Shipped
ORD-2023-11480,2023-05-05,2023-05-09,CUST-1077,Pooja Kulkarni,Home Office,South,Kochi,Technology,Laptops & Desktops,2049.24,5,10246.2,0.15,1536.93,0.0,7857.88,-1178.68,9.78,Express Air,Corporate Purchase Order,Returned
ORD-2026-10399,2023-05-06,2023-05-09,CUST-1149,Deepak Reddy,Home Office,South,Coimbatore,Technology,Audio & Accessories,167.51,2,335.02,0.0,0.0,335.02,245.74,89.28,26.65,Standard Delivery,Net Banking,Delivered
ORD-2023-12092,2023-05-06,2023-05-09,CUST-1114,Arjun Verma,Consumer,East,Patna,Office Supplies,Binders & Organizers,23.66,1,23.66,0.0,0.0,23.66,12.66,11.0,46.49,Standard Delivery,Net Banking,Delivered
ORD-2024-12453,2023-05-06,2023-05-08,CUST-1023,Swati Singh,Corporate,Central,Raipur,Furniture,Conference Tables,1172.66,4,4690.64,0.0,0.0,4690.64,4104.52,586.12,12.5,Standard Delivery,Cash on Delivery,Delivered
ORD-2023-11256,2023-05-07,2023-05-11,CUST-1067,Sanjay Chopra,Consumer,Central,Bhopal,Furniture,Bookcases & Shelving,236.72,1,236.72,0.15,35.51,201.21,184.39,16.82,8.36,Freight Saver,Cash on Delivery,Delivered
ORD-2023-12484,2023-05-07,2023-05-10,CUST-1066,Aarav Mehta,Corporate,West,Goa,Technology,Printers & Scanners,514.44,1,514.44,0.0,0.0,514.44,431.09,83.35,16.2,Express Air,Credit Card,Delivered
ORD-2023-12236,2023-05-08,2023-05-13,CUST-1120,Shweta Singh,Corporate,North,Lucknow,Technology,Audio & Accessories,118.14,4,472.56,0.2,94.51,378.05,344.77,33.28,8.8,Standard Delivery,Credit Card,Processing
ORD-2024-11121,2023-05-09,2023-05-11,CUST-1028,Swati Iyer,Home Office,South,Hyderabad,Technology,Smartphones & Tablets,906.19,2,1812.38,0.05,90.62,1721.76,1429.32,292.44,16.98,Express Air,Corporate Purchase Order,Shipped
ORD-2025-11466,2023-05-09,2023-05-11,CUST-1032,Karan Kulkarni,Corporate,West,Ahmedabad,Furniture,Executive Desks,894.94,3,2684.82,0.05,134.24,2550.58,2091.83,458.75,17.99,Standard Delivery,UPI / QR,Shipped
ORD-2023-10332,2023-05-10,2023-05-13,CUST-1138,Amit Sharma,Home Office,West,Pune,Furniture,Conference Tables,1230.59,1,1230.59,0.0,0.0,1230.59,1057.1,173.49,14.1,Same Day Priority,UPI / QR,Delivered
ORD-2026-11007,2023-05-11,2023-05-16,CUST-1036,Siddharth Iyer,Consumer,South,Bengaluru,Furniture,Executive Desks,268.89,1,268.89,0.0,0.0,268.89,238.73,30.16,11.22,Same Day Priority,UPI / QR,Delivered
ORD-2023-11620,2023-05-11,2023-05-14,CUST-1138,Amit Sharma,Home Office,West,Pune,Technology,Audio & Accessories,199.36,2,398.72,0.2,79.74,0.0,277.39,-41.61,13.04,Same Day Priority,Credit Card,Returned
ORD-2023-11660,2023-05-11,2023-05-13,CUST-1019,Preeti Kulkarni,Consumer,Central,Jabalpur,Technology,Smartphones & Tablets,761.26,1,761.26,0.15,114.19,0.0,585.87,-87.88,9.46,Freight Saver,Credit Card,Returned
ORD-2025-11414,2023-05-12,2023-05-13,CUST-1082,Naveen Choudhury,Consumer,Central,Bhopal,Office Supplies,Writing Instruments,12.09,3,36.27,0.0,0.0,36.27,23.54,12.73,35.1,Express Air,Credit Card,Delivered
ORD-2023-10100,2023-05-13,2023-05-15,CUST-1075,Vikram Choudhury,Home Office,East,Bhubaneswar,Furniture,Executive Desks,795.27,2,1590.54,0.0,0.0,0.0,1383.54,-207.53,13.01,Express Air,Credit Card,Returned
ORD-2024-11165,2023-05-13,2023-05-17,CUST-1074,Shweta Rao,Corporate,Central,Indore,Office Supplies,Storage Solutions,119.23,2,238.46,0.0,0.0,238.46,163.72,74.74,31.34,Freight Saver,Cash on Delivery,Shipped
ORD-2026-11239,2023-05-13,2023-05-15,CUST-1090,Tanvi Singh,Corporate,East,Patna,Furniture,Executive Desks,909.33,1,909.33,0.15,136.4,772.93,799.73,-26.8,-3.47,Same Day Priority,Corporate Purchase Order,Delivered
ORD-2024-12013,2023-05-13,2023-05-15,CUST-1096,Siddharth Joshi,Consumer,East,Kolkata,Technology,Audio & Accessories,80.82,3,242.46,0.1,24.25,218.21,173.83,44.38,20.34,Express Air,UPI / QR,Delivered
ORD-2025-10030,2023-05-14,2023-05-16,CUST-1019,Preeti Kulkarni,Consumer,Central,Bhopal,Technology,Audio & Accessories,44.48,1,44.48,0.05,2.22,42.26,29.66,12.6,29.82,Express Air,Cash on Delivery,Delivered
ORD-2024-10553,2023-05-14,2023-05-15,CUST-1146,Tanvi Iyer,Consumer,South,Coimbatore,Office Supplies,Writing Instruments,8.03,2,16.06,0.25,4.01,12.05,9.02,3.03,25.15,Same Day Priority,Cash on Delivery,Delivered
ORD-2025-11838,2023-05-15,2023-05-17,CUST-1011,Aditya Sharma,Consumer,East,Kolkata,Technology,Smartphones & Tablets,599.94,1,599.94,0.1,59.99,539.95,505.93,34.02,6.3,Same Day Priority,Corporate Purchase Order,Delivered
ORD-2025-11234,2023-05-16,2023-05-20,CUST-1001,Rajesh Mehta,Consumer,South,Coimbatore,Furniture,Executive Desks,784.41,2,1568.82,0.15,235.32,1333.5,1229.24,104.26,7.82,Express Air,Corporate Purchase Order,Delivered
ORD-2024-11741,2023-05-17,2023-05-19,CUST-1092,Ananya Mehta,Home Office,West,Goa,Furniture,Bookcases & Shelving,270.62,1,270.62,0.0,0.0,0.0,215.89,-32.38,20.22,Freight Saver,Net Banking,Returned
ORD-2025-10134,2023-05-18,2023-05-19,CUST-1009,Manish Choudhury,Corporate,West,Goa,Furniture,Office Chairs,170.55,1,170.55,0.05,8.53,162.02,131.16,30.86,19.05,Standard Delivery,Credit Card,Shipped
ORD-2024-11609,2023-05-18,2023-05-20,CUST-1077,Pooja Kulkarni,Home Office,North,Dehradun,Technology,Laptops & Desktops,2101.41,1,2101.41,0.05,105.07,0.0,1576.94,-236.54,21.01,Standard Delivery,UPI / QR,Returned
ORD-2025-10090,2023-05-19,2023-05-24,CUST-1140,Preeti Mehta,Consumer,Central,Jabalpur,Furniture,Conference Tables,1354.33,1,1354.33,0.0,0.0,0.0,1168.34,-175.25,13.73,Standard Delivery,Net Banking,Returned
ORD-2026-10091,2023-05-19,2023-05-21,CUST-1027,Kavita Bose,Consumer,Central,Nagpur,Technology,Audio & Accessories,122.82,3,368.46,0.0,0.0,368.46,218.93,149.53,40.58,Freight Saver,Corporate Purchase Order,Processing
ORD-2026-10459,2023-05-20,2023-05-21,CUST-1149,Deepak Reddy,Home Office,North,Dehradun,Technology,Smartphones & Tablets,1071.41,1,1071.41,0.1,107.14,964.27,910.23,54.04,5.6,Standard Delivery,Credit Card,Shipped
ORD-2025-10898,2023-05-20,2023-05-24,CUST-1081,Rahul Joshi,Consumer,East,Ranchi,Office Supplies,Binders & Organizers,10.52,2,21.04,0.05,1.05,19.99,12.27,7.72,38.62,Same Day Priority,Net Banking,Shipped
ORD-2023-11264,2023-05-20,2023-05-22,CUST-1017,Aditya Verma,Home Office,North,Jaipur,Technology,Laptops & Desktops,1538.4,3,4615.200000000001,0.1,461.52,4153.68,3619.36,534.32,12.86,Express Air,Credit Card,Processing
ORD-2026-10019,2023-05-21,2023-05-24,CUST-1011,Aditya Sharma,Consumer,North,Chandigarh,Technology,Laptops & Desktops,1594.14,1,1594.14,0.05,79.71,1514.43,1288.96,225.47,14.89,Express Air,Corporate Purchase Order,Processing
ORD-2024-11033,2023-05-22,2023-05-24,CUST-1119,Divya Patel,Home Office,East,Guwahati,Technology,Laptops & Desktops,1005.13,1,1005.13,0.05,50.26,0.0,806.73,-121.01,15.51,Freight Saver,Net Banking,Returned
ORD-2024-10409,2023-05-23,2023-05-25,CUST-1052,Isha Sharma,Home Office,Central,Raipur,Technology,Printers & Scanners,198.79,2,397.58,0.05,19.88,377.7,325.46,52.24,13.83,Standard Delivery,Corporate Purchase Order,Processing
ORD-2024-11213,2023-05-23,2023-05-25,CUST-1045,Kavita Singh,Consumer,Central,Bhopal,Office Supplies,Binders & Organizers,30.09,1,30.09,0.1,3.01,27.08,14.27,12.81,47.3,Standard Delivery,Net Banking,Shipped
ORD-2025-10394,2023-05-27,2023-05-30,CUST-1037,Vikram Menon,Home Office,West,Surat,Office Supplies,Binders & Organizers,7.54,2,15.08,0.05,0.75,14.33,8.43,5.9,41.17,Freight Saver,Cash on Delivery,Delivered
ORD-2023-10416,2023-05-28,2023-05-29,CUST-1037,Vikram Menon,Home Office,West,Mumbai,Furniture,Office Chairs,169.79,2,339.58,0.0,0.0,339.58,256.42,83.16,24.49,Same Day Priority,UPI / QR,Delivered
ORD-2026-11115,2023-05-28,2023-05-31,CUST-1035,Neha Verma,Corporate,South,Hyderabad,Office Supplies,Paper & Envelopes,32.12,3,96.36,0.15,14.45,81.91,67.19,14.72,17.97,Standard Delivery,Net Banking,Delivered
ORD-2026-11739,2023-05-28,2023-05-30,CUST-1078,Rajesh Bose,Corporate,East,Ranchi,Technology,Audio & Accessories,34.57,1,34.57,0.0,0.0,34.57,19.99,14.58,42.18,Standard Delivery,Corporate Purchase Order,Delivered
ORD-2024-11549,2023-05-29,2023-05-30,CUST-1003,Neha Reddy,Home Office,South,Chennai,Technology,Audio & Accessories,181.77,1,181.77,0.15,27.27,154.5,110.78,43.72,28.3,Standard Delivery,Cash on Delivery,Shipped
ORD-2025-10186,2023-05-30,2023-05-31,CUST-1018,Karan Choudhury,Consumer,North,Jaipur,Technology,Laptops & Desktops,2117.89,1,2117.89,0.0,0.0,2117.89,1585.74,532.15,25.13,Freight Saver,Corporate Purchase Order,Processing
ORD-2023-10772,2023-05-30,2023-06-03,CUST-1145,Swati Iyer,Home Office,Central,Bhopal,Technology,Laptops & Desktops,2119.85,2,4239.7,0.1,423.97,3815.73,3442.38,373.35,9.78,Freight Saver,Credit Card,Delivered
ORD-2025-11558,2023-05-30,2023-06-03,CUST-1129,Arjun Patel,Consumer,East,Ranchi,Furniture,Conference Tables,407.28,2,814.56,0.0,0.0,814.56,670.34,144.22,17.71,Freight Saver,Cash on Delivery,Delivered
ORD-2024-11817,2023-05-30,2023-05-31,CUST-1067,Sanjay Chopra,Consumer,West,Ahmedabad,Furniture,Conference Tables,786.99,1,786.99,0.25,196.75,590.24,648.88,-58.64,-9.93,Same Day Priority,UPI / QR,Delivered
ORD-2026-10215,2023-05-31,2023-06-03,CUST-1009,Manish Choudhury,Corporate,East,Kolkata,Technology,Laptops & Desktops,718.72,1,718.72,0.0,0.0,718.72,536.74,181.98,25.32,Standard Delivery,Net Banking,Shipped
ORD-2026-11331,2023-05-31,2023-06-02,CUST-1113,Isha Verma,Home Office,West,Ahmedabad,Technology,Smartphones & Tablets,1096.89,2,2193.78,0.1,219.38,1974.4,1837.22,137.18,6.95,Express Air,Credit Card,Shipped
ORD-2025-10566,2023-06-01,2023-06-03,CUST-1143,Aditya Chopra,Home Office,North,Chandigarh,Technology,Smartphones & Tablets,805.07,4,3220.28,0.0,0.0,3220.28,2423.16,797.12,24.75,Express Air,Credit Card,Delivered
ORD-2024-11349,2023-06-01,2023-06-03,CUST-1097,Neha Gupta,Consumer,Central,Bhopal,Office Supplies,Binders & Organizers,22.46,5,112.3,0.0,0.0,112.3,51.79,60.51,53.88,Standard Delivery,Net Banking,Delivered
ORD-2023-11300,2023-06-02,2023-06-04,CUST-1012,Manish Deshmukh,Corporate,West,Surat,Office Supplies,Storage Solutions,65.1,1,65.1,0.0,0.0,0.0,45.76,-6.86,29.71,Same Day Priority,Net Banking,Returned
ORD-2026-11307,2023-06-02,2023-06-03,CUST-1142,Sunita Choudhury,Consumer,South,Hyderabad,Technology,Printers & Scanners,572.98,1,572.98,0.0,0.0,572.98,496.15,76.83,13.41,Freight Saver,Net Banking,Shipped
ORD-2024-12101,2023-06-02,2023-06-05,CUST-1138,Amit Sharma,Home Office,East,Ranchi,Technology,Smartphones & Tablets,307.41,3,922.23,0.05,46.11,876.12,697.25,178.87,20.42,Same Day Priority,UPI / QR,Delivered
ORD-2026-11431,2023-06-03,2023-06-04,CUST-1005,Naveen Deshmukh,Consumer,East,Kolkata,Technology,Smartphones & Tablets,789.39,2,1578.78,0.15,236.82,1341.96,1324.16,17.8,1.33,Freight Saver,Cash on Delivery,Shipped
ORD-2024-10281,2023-06-04,2023-06-08,CUST-1130,Karan Rao,Home Office,North,Dehradun,Furniture,Executive Desks,879.73,2,1759.46,0.05,87.97,1671.49,1319.93,351.56,21.03,Freight Saver,Credit Card,Delivered
ORD-2025-11446,2023-06-04,2023-06-09,CUST-1050,Siddharth Kulkarni,Home Office,Central,Jabalpur,Office Supplies,Paper & Envelopes,23.21,1,23.21,0.15,3.48,19.73,13.84,5.89,29.85,Same Day Priority,Credit Card,Delivered
ORD-2025-11834,2023-06-05,2023-06-08,CUST-1085,Rahul Verma,Corporate,South,Coimbatore,Furniture,Office Chairs,181.54,2,363.08,0.05,18.15,344.93,283.67,61.26,17.76,Same Day Priority,Cash on Delivery,Delivered
ORD-2024-12241,2023-06-05,2023-06-10,CUST-1134,Sanjay Singh,Corporate,Central,Raipur,Furniture,Office Chairs,417.19,1,417.19,0.2,83.44,333.75,337.56,-3.81,-1.14,Same Day Priority,Credit Card,Shipped
ORD-2026-12255,2023-06-05,2023-06-06,CUST-1005,Naveen Deshmukh,Consumer,North,Jaipur,Office Supplies,Binders & Organizers,18.71,3,56.13,0.0,0.0,56.13,31.95,24.18,43.08,Standard Delivery,Credit Card,Processing
ORD-2024-12285,2023-06-05,2023-06-06,CUST-1043,Sunita Menon,Corporate,West,Mumbai,Office Supplies,Writing Instruments,11.14,2,22.28,0.0,0.0,22.28,14.03,8.25,37.03,Same Day Priority,Credit Card,Processing
ORD-2024-10677,2023-06-06,2023-06-09,CUST-1039,Tanvi Kulkarni,Home Office,South,Hyderabad,Technology,Printers & Scanners,474.6,3,1423.8000000000002,0.05,71.19,1352.61,1243.36,109.25,8.08,Freight Saver,Net Banking,Delivered
ORD-2025-11554,2023-06-06,2023-06-11,CUST-1127,Aditya Kulkarni,Consumer,East,Kolkata,Technology,Audio & Accessories,160.06,2,320.12,0.0,0.0,0.0,216.9,-32.53,32.24,Express Air,Corporate Purchase Order,Returned
ORD-2023-12068,2023-06-06,2023-06-08,CUST-1041,Rohan Singh,Home Office,East,Guwahati,Technology,Printers & Scanners,228.16,3,684.48,0.05,34.22,650.26,556.72,93.54,14.39,Freight Saver,Net Banking,Delivered
ORD-2026-11063,2023-06-07,2023-06-08,CUST-1026,Rajesh Bose,Consumer,East,Bhubaneswar,Furniture,Conference Tables,986.45,1,986.45,0.0,0.0,0.0,835.16,-125.27,15.34,Express Air,Credit Card,Returned
ORD-2023-11564,2023-06-07,2023-06-09,CUST-1008,Aarav Choudhury,Consumer,South,Coimbatore,Technology,Smartphones & Tablets,681.49,4,2725.96,0.1,272.6,2453.36,2281.56,171.8,7.0,Express Air,Credit Card,Delivered
ORD-2024-11921,2023-06-07,2023-06-09,CUST-1081,Rahul Joshi,Consumer,West,Pune,Technology,Printers & Scanners,240.05,1,240.05,0.05,12.0,228.05,187.69,40.36,17.7,Same Day Priority,Net Banking,Delivered
ORD-2023-11716,2023-06-08,2023-06-15,CUST-1140,Preeti Mehta,Consumer,Central,Jabalpur,Furniture,Conference Tables,1211.29,2,2422.58,0.0,0.0,2422.58,2039.04,383.54,15.83,Same Day Priority,Corporate Purchase Order,Shipped
ORD-2024-10213,2023-06-09,2023-06-10,CUST-1082,Naveen Choudhury,Consumer,South,Bengaluru,Office Supplies,Writing Instruments,13.38,1,13.38,0.0,0.0,13.38,9.18,4.2,31.39,Same Day Priority,UPI / QR,Processing
ORD-2025-11194,2023-06-09,2023-06-14,CUST-1017,Aditya Verma,Home Office,West,Surat,Furniture,Conference Tables,792.15,1,792.15,0.1,79.22,0.0,640.43,-96.06,10.17,Freight Saver,Credit Card,Returned
ORD-2024-11737,2023-06-09,2023-06-10,CUST-1081,Rahul Joshi,Consumer,West,Pune,Technology,Laptops & Desktops,815.08,3,2445.24,0.0,0.0,2445.24,1838.81,606.43,24.8,Express Air,Net Banking,Shipped
ORD-2024-10397,2023-06-10,2023-06-12,CUST-1023,Swati Singh,Corporate,South,Kochi,Furniture,Office Chairs,333.11,2,666.22,0.05,33.31,0.0,505.02,-75.75,20.21,Same Day Priority,Cash on Delivery,Returned
ORD-2024-10601,2023-06-10,2023-06-12,CUST-1120,Shweta Singh,Corporate,East,Bhubaneswar,Office Supplies,Binders & Organizers,17.72,2,35.44,0.0,0.0,0.0,18.95,-2.84,46.53,Express Air,Net Banking,Returned
ORD-2026-11975,2023-06-10,2023-06-12,CUST-1135,Pooja Nair,Corporate,Central,Nagpur,Furniture,Office Chairs,260.91,2,521.82,0.0,0.0,521.82,394.81,127.01,24.34,Standard Delivery,Cash on Delivery,Shipped
ORD-2025-12142,2023-06-10,2023-06-17,CUST-1062,Vikram Reddy,Corporate,East,Guwahati,Technology,Laptops & Desktops,2031.27,2,4062.54,0.1,406.25,3656.29,3152.4,503.89,13.78,Standard Delivery,Corporate Purchase Order,Delivered
ORD-2026-10047,2023-06-11,2023-06-14,CUST-1098,Isha Kapoor,Consumer,Central,Indore,Furniture,Executive Desks,374.14,2,748.28,0.05,37.41,710.87,598.6,112.27,15.79,Freight Saver,Net Banking,Processing
ORD-2023-10860,2023-06-11,2023-06-13,CUST-1078,Rajesh Bose,Corporate,West,Surat,Technology,Audio & Accessories,152.67,3,458.01,0.0,0.0,458.01,259.93,198.08,43.25,Standard Delivery,Credit Card,Shipped
ORD-2023-12224,2023-06-11,2023-06-13,CUST-1009,Manish Choudhury,Corporate,Central,Bhopal,Technology,Audio & Accessories,115.56,1,115.56,0.1,11.56,104.0,71.1,32.9,31.63,Freight Saver,Net Banking,Delivered
ORD-2024-10321,2023-06-12,2023-06-14,CUST-1062,Vikram Reddy,Corporate,Central,Jabalpur,Office Supplies,Writing Instruments,9.98,3,29.94,0.15,4.49,25.45,18.49,6.96,27.35,Standard Delivery,Credit Card,Delivered
ORD-2023-10988,2023-06-12,2023-06-14,CUST-1136,Alok Choudhury,Home Office,South,Kochi,Office Supplies,Storage Solutions,82.52,1,82.52,0.0,0.0,82.52,57.65,24.87,30.14,Standard Delivery,Corporate Purchase Order,Delivered
ORD-2024-11281,2023-06-12,2023-06-13,CUST-1092,Ananya Mehta,Home Office,West,Mumbai,Office Supplies,Writing Instruments,13.37,10,133.7,0.05,6.68,127.02,86.55,40.47,31.86,Express Air,Corporate Purchase Order,Delivered
ORD-2025-12070,2023-06-12,2023-06-13,CUST-1006,Aarav Patel,Consumer,South,Chennai,Office Supplies,Paper & Envelopes,11.04,4,44.16,0.0,0.0,44.16,27.67,16.49,37.34,Same Day Priority,UPI / QR,Delivered
ORD-2024-12109,2023-06-12,2023-06-14,CUST-1124,Swati Menon,Home Office,East,Guwahati,Technology,Printers & Scanners,320.51,2,641.02,0.05,32.05,608.97,540.21,68.76,11.29,Same Day Priority,Corporate Purchase Order,Delivered
ORD-2023-12052,2023-06-13,2023-06-16,CUST-1121,Ananya Menon,Consumer,South,Bengaluru,Technology,Smartphones & Tablets,511.36,3,1534.08,0.1,153.41,0.0,1193.12,-178.97,13.58,Freight Saver,Net Banking,Returned
ORD-2026-12147,2023-06-14,2023-06-17,CUST-1029,Preeti Patel,Home Office,North,New Delhi,Office Supplies,Storage Solutions,32.01,1,32.01,0.05,1.6,0.0,24.68,-3.7,18.84,Same Day Priority,Net Banking,Returned
ORD-2023-10032,2023-06-16,2023-06-17,CUST-1045,Kavita Singh,Consumer,Central,Bhopal,Technology,Printers & Scanners,352.73,2,705.46,0.0,0.0,705.46,604.48,100.98,14.31,Same Day Priority,Corporate Purchase Order,Delivered
ORD-2026-12339,2023-06-16,2023-06-17,CUST-1030,Rajesh Nair,Home Office,East,Kolkata,Office Supplies,Binders & Organizers,26.81,3,80.42999999999999,0.05,4.02,0.0,47.24,-7.09,38.18,Same Day Priority,Cash on Delivery,Returned
ORD-2023-11056,2023-06-17,2023-06-19,CUST-1114,Arjun Verma,Consumer,West,Pune,Office Supplies,Storage Solutions,105.81,3,317.43,0.0,0.0,317.43,217.52,99.91,31.47,Express Air,Corporate Purchase Order,Delivered
ORD-2025-11918,2023-06-17,2023-06-19,CUST-1044,Sanjay Menon,Corporate,South,Coimbatore,Technology,Printers & Scanners,205.83,1,205.83,0.0,0.0,0.0,178.78,-26.82,13.14,Freight Saver,UPI / QR,Returned
ORD-2023-11084,2023-06-18,2023-06-25,CUST-1001,Rajesh Mehta,Consumer,South,Chennai,Office Supplies,Storage Solutions,35.22,2,70.44,0.1,7.04,63.4,50.79,12.61,19.89,Same Day Priority,Credit Card,Delivered
ORD-2025-11082,2023-06-19,2023-06-20,CUST-1022,Vikram Patel,Consumer,North,Chandigarh,Furniture,Conference Tables,1381.07,5,6905.349999999999,0.15,1035.8,5869.55,5733.25,136.3,2.32,Express Air,UPI / QR,Delivered
ORD-2024-12417,2023-06-19,2023-06-21,CUST-1133,Rohan Bose,Consumer,East,Guwahati,Furniture,Bookcases & Shelving,383.93,10,3839.3,0.15,575.89,3263.41,3124.81,138.6,4.25,Same Day Priority,Cash on Delivery,Delivered
ORD-2023-10316,2023-06-20,2023-06-21,CUST-1040,Karan Reddy,Corporate,North,Lucknow,Technology,Smartphones & Tablets,890.07,1,890.07,0.0,0.0,890.07,709.68,180.39,20.27,Express Air,UPI / QR,Delivered
ORD-2024-10637,2023-06-20,2023-06-25,CUST-1109,Sunita Choudhury,Home Office,South,Coimbatore,Technology,Audio & Accessories,199.21,2,398.42,0.0,0.0,0.0,269.16,-40.37,32.44,Express Air,Corporate Purchase Order,Returned
ORD-2025-12498,2023-06-20,2023-06-23,CUST-1064,Deepak Saxena,Consumer,East,Bhubaneswar,Technology,Printers & Scanners,560.88,4,2243.52,0.15,336.53,1906.99,1766.57,140.42,7.36,Same Day Priority,Corporate Purchase Order,Processing
ORD-2026-11423,2023-06-21,2023-06-22,CUST-1035,Neha Verma,Corporate,North,Jaipur,Furniture,Executive Desks,313.18,1,313.18,0.0,0.0,313.18,238.45,74.73,23.86,Freight Saver,Credit Card,Delivered
ORD-2025-10078,2023-06-22,2023-06-24,CUST-1045,Kavita Singh,Consumer,North,Chandigarh,Furniture,Conference Tables,952.68,2,1905.36,0.0,0.0,0.0,1539.92,-230.99,19.18,Freight Saver,Corporate Purchase Order,Returned
ORD-2025-12110,2023-06-22,2023-06-24,CUST-1091,Ritu Deshmukh,Consumer,West,Mumbai,Technology,Audio & Accessories,169.57,1,169.57,0.0,0.0,169.57,95.77,73.8,43.52,Standard Delivery,Cash on Delivery,Delivered
ORD-2023-10168,2023-06-23,2023-06-26,CUST-1081,Rahul Joshi,Consumer,North,Chandigarh,Technology,Smartphones & Tablets,598.64,1,598.64,0.0,0.0,598.64,473.14,125.5,20.96,Freight Saver,Corporate Purchase Order,Delivered
ORD-2025-10414,2023-06-23,2023-06-27,CUST-1113,Isha Verma,Home Office,South,Chennai,Technology,Laptops & Desktops,1751.58,2,3503.16,0.05,175.16,3328.0,2850.52,477.48,14.35,Same Day Priority,Corporate Purchase Order,Shipped
ORD-2024-11237,2023-06-24,2023-06-26,CUST-1006,Aarav Patel,Consumer,West,Pune,Technology,Audio & Accessories,120.28,5,601.4,0.0,0.0,601.4,412.63,188.77,31.39,Express Air,UPI / QR,Delivered
ORD-2025-11298,2023-06-24,2023-06-26,CUST-1013,Aditya Reddy,Consumer,West,Ahmedabad,Furniture,Executive Desks,346.24,1,346.24,0.15,51.94,294.3,281.04,13.26,4.51,Standard Delivery,UPI / QR,Delivered
ORD-2023-12060,2023-06-24,2023-06-25,CUST-1113,Isha Verma,Home Office,South,Hyderabad,Technology,Printers & Scanners,227.58,2,455.16,0.0,0.0,455.16,375.98,79.18,17.4,Express Air,Net Banking,Delivered
ORD-2024-12161,2023-06-24,2023-06-25,CUST-1123,Divya Patel,Corporate,South,Kochi,Office Supplies,Storage Solutions,26.13,3,78.39,0.05,3.92,0.0,51.41,-7.71,30.97,Freight Saver,Corporate Purchase Order,Returned
ORD-2024-12205,2023-06-24,2023-06-25,CUST-1107,Siddharth Iyer,Corporate,North,New Delhi,Office Supplies,Binders & Organizers,31.53,2,63.06,0.1,6.31,56.75,35.38,21.37,37.66,Same Day Priority,Credit Card,Delivered
ORD-2025-10558,2023-06-25,2023-07-02,CUST-1009,Manish Choudhury,Corporate,West,Ahmedabad,Office Supplies,Paper & Envelopes,36.96,1,36.96,0.15,5.54,31.42,25.47,5.95,18.94,Freight Saver,UPI / QR,Delivered
ORD-2025-10578,2023-06-25,2023-06-27,CUST-1049,Meera Rao,Consumer,West,Surat,Technology,Printers & Scanners,533.82,1,533.82,0.0,0.0,533.82,423.12,110.7,20.74,Same Day Priority,UPI / QR,Delivered
ORD-2024-11101,2023-06-26,2023-07-03,CUST-1042,Isha Choudhury,Corporate,South,Hyderabad,Technology,Smartphones & Tablets,682.95,4,2731.8,0.1,273.18,2458.62,2313.89,144.73,5.89,Freight Saver,Corporate Purchase Order,Delivered
ORD-2024-11301,2023-06-27,2023-06-30,CUST-1058,Sanjay Iyer,Home Office,East,Kolkata,Office Supplies,Writing Instruments,6.11,2,12.22,0.2,2.44,9.78,7.11,2.67,27.3,Freight Saver,UPI / QR,Shipped
ORD-2025-11382,2023-06-27,2023-06-29,CUST-1069,Rahul Patel,Home Office,North,New Delhi,Furniture,Bookcases & Shelving,192.28,1,192.28,0.05,9.61,182.67,153.73,28.94,15.84,Freight Saver,Cash on Delivery,Delivered
ORD-2024-11037,2023-06-28,2023-06-30,CUST-1092,Ananya Mehta,Home Office,West,Surat,Furniture,Executive Desks,879.96,4,3519.84,0.0,0.0,3519.84,3082.33,437.51,12.43,Express Air,Credit Card,Delivered
ORD-2024-10901,2023-06-29,2023-07-01,CUST-1120,Shweta Singh,Corporate,Central,Indore,Office Supplies,Storage Solutions,102.69,2,205.38,0.15,30.81,174.57,133.67,40.9,23.43,Express Air,Net Banking,Delivered
ORD-2026-10239,2023-06-30,2023-07-01,CUST-1112,Priya Menon,Home Office,West,Surat,Furniture,Conference Tables,790.81,1,790.81,0.0,0.0,0.0,682.22,-102.33,13.73,Standard Delivery,Net Banking,Returned
ORD-2024-10729,2023-06-30,2023-07-01,CUST-1095,Priya Mehta,Consumer,Central,Bhopal,Office Supplies,Paper & Envelopes,17.61,3,52.83,0.0,0.0,52.83,26.97,25.86,48.95,Standard Delivery,Net Banking,Delivered
ORD-2023-10992,2023-06-30,2023-07-02,CUST-1093,Meera Bose,Corporate,Central,Bhopal,Furniture,Bookcases & Shelving,229.74,3,689.22,0.05,34.46,654.76,565.19,89.57,13.68,Freight Saver,Net Banking,Shipped
ORD-2026-11535,2023-06-30,2023-07-03,CUST-1026,Rajesh Bose,Consumer,Central,Raipur,Office Supplies,Paper & Envelopes,27.65,2,55.3,0.0,0.0,55.3,31.31,23.99,43.38,Express Air,Net Banking,Delivered
ORD-2026-11719,2023-06-30,2023-07-02,CUST-1140,Preeti Mehta,Consumer,North,Chandigarh,Office Supplies,Storage Solutions,105.5,3,316.5,0.0,0.0,316.5,216.79,99.71,31.5,Standard Delivery,Corporate Purchase Order,Delivered
ORD-2025-11862,2023-06-30,2023-07-01,CUST-1090,Tanvi Singh,Corporate,Central,Indore,Furniture,Executive Desks,206.28,2,412.56,0.05,20.63,391.93,358.75,33.18,8.47,Freight Saver,Cash on Delivery,Shipped
ORD-2026-10639,2023-07-02,2023-07-04,CUST-1086,Rahul Saxena,Consumer,East,Bhubaneswar,Office Supplies,Binders & Organizers,13.21,1,13.21,0.25,3.3,9.91,8.0,1.91,19.27,Standard Delivery,UPI / QR,Delivered
ORD-2023-10328,2023-07-03,2023-07-04,CUST-1128,Swati Chopra,Corporate,North,Dehradun,Technology,Laptops & Desktops,695.64,2,1391.28,0.1,139.13,1252.15,1030.73,221.42,17.68,Express Air,Corporate Purchase Order,Delivered
ORD-2024-10109,2023-07-04,2023-07-09,CUST-1130,Karan Rao,Home Office,West,Pune,Technology,Audio & Accessories,38.27,1,38.27,0.05,1.91,36.36,22.25,14.11,38.81,Freight Saver,Net Banking,Shipped
ORD-2024-10209,2023-07-04,2023-07-05,CUST-1057,Karan Sharma,Home Office,North,Dehradun,Furniture,Bookcases & Shelving,374.55,1,374.55,0.0,0.0,374.55,297.38,77.17,20.6,Same Day Priority,UPI / QR,Delivered
ORD-2024-12297,2023-07-04,2023-07-07,CUST-1074,Shweta Rao,Corporate,South,Chennai,Technology,Audio & Accessories,161.56,3,484.68,0.15,72.7,411.98,277.05,134.93,32.75,Express Air,Credit Card,Delivered
ORD-2025-10678,2023-07-05,2023-07-07,CUST-1033,Preeti Choudhury,Consumer,South,Kochi,Technology,Printers & Scanners,340.72,2,681.44,0.05,34.07,0.0,545.59,-81.84,15.72,Same Day Priority,Credit Card,Returned
ORD-2026-10839,2023-07-05,2023-07-06,CUST-1023,Swati Singh,Corporate,South,Hyderabad,Furniture,Office Chairs,363.69,3,1091.07,0.0,0.0,1091.07,866.11,224.96,20.62,Standard Delivery,Credit Card,Delivered
ORD-2026-12063,2023-07-05,2023-07-06,CUST-1088,Isha Reddy,Home Office,South,Kochi,Furniture,Office Chairs,92.21,1,92.21,0.2,18.44,73.77,74.87,-1.1,-1.49,Same Day Priority,Net Banking,Shipped
ORD-2025-12226,2023-07-05,2023-07-08,CUST-1015,Rahul Kulkarni,Consumer,Central,Nagpur,Office Supplies,Paper & Envelopes,43.6,1,43.6,0.1,4.36,39.24,22.7,16.54,42.15,Same Day Priority,Cash on Delivery,Delivered
ORD-2024-11853,2023-07-06,2023-07-10,CUST-1099,Meera Nair,Corporate,South,Coimbatore,Office Supplies,Storage Solutions,106.04,2,212.08,0.0,0.0,212.08,164.71,47.37,22.34,Express Air,UPI / QR,Delivered
ORD-2024-11657,2023-07-08,2023-07-09,CUST-1038,Arjun Gupta,Home Office,West,Surat,Technology,Audio & Accessories,121.31,2,242.62,0.05,12.13,230.49,165.33,65.16,28.27,Freight Saver,Credit Card,Delivered
ORD-2025-11214,2023-07-09,2023-07-10,CUST-1003,Neha Reddy,Home Office,North,Dehradun,Technology,Audio & Accessories,113.22,1,113.22,0.05,5.66,107.56,77.1,30.46,28.32,Express Air,Corporate Purchase Order,Delivered
ORD-2025-11742,2023-07-09,2023-07-11,CUST-1012,Manish Deshmukh,Corporate,North,Chandigarh,Office Supplies,Writing Instruments,4.05,1,4.05,0.15,0.61,0.0,2.56,-0.38,25.58,Express Air,Net Banking,Returned
ORD-2024-10385,2023-07-10,2023-07-14,CUST-1120,Shweta Singh,Corporate,North,Lucknow,Technology,Printers & Scanners,361.75,5,1808.75,0.0,0.0,1808.75,1429.69,379.06,20.96,Same Day Priority,Net Banking,Delivered
ORD-2026-11107,2023-07-10,2023-07-14,CUST-1135,Pooja Nair,Corporate,Central,Jabalpur,Office Supplies,Writing Instruments,6.38,8,51.04,0.1,5.1,45.94,32.48,13.46,29.3,Standard Delivery,Credit Card,Shipped
ORD-2025-11870,2023-07-10,2023-07-12,CUST-1113,Isha Verma,Home Office,North,New Delhi,Office Supplies,Writing Instruments,15.04,1,15.04,0.15,2.26,12.78,9.44,3.34,26.13,Standard Delivery,UPI / QR,Processing
ORD-2023-12440,2023-07-10,2023-07-11,CUST-1053,Sunita Mehta,Home Office,South,Bengaluru,Technology,Audio & Accessories,38.24,2,76.48,0.0,0.0,76.48,46.99,29.49,38.56,Express Air,Credit Card,Shipped
ORD-2024-10949,2023-07-12,2023-07-14,CUST-1006,Aarav Patel,Consumer,Central,Bhopal,Office Supplies,Paper & Envelopes,33.26,1,33.26,0.0,0.0,33.26,16.73,16.53,49.7,Standard Delivery,UPI / QR,Delivered
ORD-2026-12191,2023-07-12,2023-07-16,CUST-1050,Siddharth Kulkarni,Home Office,East,Kolkata,Furniture,Office Chairs,262.01,2,524.02,0.0,0.0,524.02,433.1,90.92,17.35,Express Air,Credit Card,Processing
ORD-2026-10631,2023-07-13,2023-07-16,CUST-1047,Deepak Verma,Consumer,West,Surat,Office Supplies,Storage Solutions,53.34,1,53.34,0.0,0.0,0.0,36.96,-5.54,30.71,Express Air,Corporate Purchase Order,Returned
ORD-2023-10920,2023-07-13,2023-07-14,CUST-1118,Shweta Nair,Consumer,North,New Delhi,Furniture,Bookcases & Shelving,129.15,1,129.15,0.05,6.46,122.69,105.08,17.61,14.35,Standard Delivery,Cash on Delivery,Delivered
ORD-2024-12133,2023-07-13,2023-07-14,CUST-1058,Sanjay Iyer,Home Office,West,Mumbai,Technology,Audio & Accessories,33.62,1,33.62,0.0,0.0,33.62,21.71,11.91,35.43,Freight Saver,Cash on Delivery,Delivered
ORD-2026-12471,2023-07-13,2023-07-15,CUST-1061,Pooja Saxena,Home Office,Central,Indore,Technology,Laptops & Desktops,2169.65,2,4339.3,0.1,433.93,3905.37,3170.95,734.42,18.81,Standard Delivery,Corporate Purchase Order,Shipped
ORD-2026-10727,2023-07-14,2023-07-18,CUST-1107,Siddharth Iyer,Corporate,East,Patna,Technology,Audio & Accessories,98.06,2,196.12,0.0,0.0,196.12,123.07,73.05,37.25,Freight Saver,Net Banking,Processing
ORD-2026-10175,2023-07-15,2023-07-16,CUST-1106,Sneha Kulkarni,Consumer,North,Jaipur,Office Supplies,Binders & Organizers,26.04,1,26.04,0.0,0.0,26.04,15.25,10.79,41.44,Express Air,Corporate Purchase Order,Delivered
ORD-2024-10505,2023-07-16,2023-07-20,CUST-1132,Vikram Saxena,Corporate,South,Kochi,Furniture,Conference Tables,897.91,2,1795.82,0.05,89.79,1706.03,1480.39,225.64,13.23,Same Day Priority,Cash on Delivery,Delivered
ORD-2025-10802,2023-07-16,2023-07-17,CUST-1131,Ananya Patel,Home Office,South,Bengaluru,Furniture,Office Chairs,435.15,2,870.3,0.15,130.54,739.76,738.88,0.88,0.12,Standard Delivery,Net Banking,Delivered
ORD-2023-11160,2023-07-16,2023-07-17,CUST-1033,Preeti Choudhury,Consumer,West,Mumbai,Office Supplies,Binders & Organizers,31.24,1,31.24,0.15,4.69,26.55,18.05,8.5,32.02,Freight Saver,Cash on Delivery,Delivered
ORD-2023-11776,2023-07-16,2023-07-18,CUST-1026,Rajesh Bose,Consumer,South,Coimbatore,Technology,Laptops & Desktops,1118.28,2,2236.56,0.15,335.48,1901.08,1636.32,264.76,13.93,Freight Saver,UPI / QR,Delivered
ORD-2026-11851,2023-07-16,2023-07-17,CUST-1102,Priya Choudhury,Consumer,South,Kochi,Technology,Laptops & Desktops,815.28,1,815.28,0.05,40.76,774.52,651.5,123.02,15.88,Same Day Priority,Corporate Purchase Order,Delivered
ORD-2024-11673,2023-07-18,2023-07-21,CUST-1082,Naveen Choudhury,Consumer,West,Goa,Technology,Printers & Scanners,205.4,5,1027.0,0.0,0.0,1027.0,837.73,189.27,18.43,Freight Saver,Corporate Purchase Order,Processing
ORD-2023-10256,2023-07-19,2023-07-22,CUST-1057,Karan Sharma,Home Office,North,Jaipur,Technology,Audio & Accessories,123.11,1,123.11,0.0,0.0,0.0,70.25,-10.54,42.94,Freight Saver,Credit Card,Returned
ORD-2023-11748,2023-07-19,2023-07-20,CUST-1104,Meera Malhotra,Corporate,Central,Nagpur,Furniture,Executive Desks,448.0,2,896.0,0.0,0.0,0.0,720.07,-108.01,19.64,Standard Delivery,Credit Card,Returned
ORD-2025-10430,2023-07-20,2023-07-22,CUST-1062,Vikram Reddy,Corporate,North,Dehradun,Office Supplies,Storage Solutions,115.24,1,115.24,0.0,0.0,115.24,81.0,34.24,29.71,Standard Delivery,UPI / QR,Delivered
ORD-2026-10531,2023-07-20,2023-07-21,CUST-1109,Sunita Choudhury,Home Office,West,Mumbai,Technology,Printers & Scanners,549.83,2,1099.66,0.05,54.98,1044.68,927.09,117.59,11.26,Freight Saver,Cash on Delivery,Shipped
ORD-2025-10750,2023-07-20,2023-07-24,CUST-1078,Rajesh Bose,Corporate,Central,Nagpur,Technology,Printers & Scanners,455.52,1,455.52,0.05,22.78,432.74,369.73,63.01,14.56,Express Air,Net Banking,Delivered
ORD-2025-12026,2023-07-20,2023-07-22,CUST-1040,Karan Reddy,Corporate,North,Jaipur,Furniture,Executive Desks,698.44,3,2095.32,0.2,419.06,1676.26,1752.46,-76.2,-4.55,Freight Saver,Credit Card,Delivered
ORD-2025-10542,2023-07-22,2023-07-24,CUST-1106,Sneha Kulkarni,Consumer,East,Patna,Technology,Laptops & Desktops,683.0,1,683.0,0.05,34.15,648.85,543.91,104.94,16.17,Freight Saver,UPI / QR,Delivered
ORD-2026-10707,2023-07-23,2023-07-30,CUST-1027,Kavita Bose,Consumer,North,New Delhi,Furniture,Conference Tables,469.23,3,1407.69,0.1,140.77,1266.92,1190.24,76.68,6.05,Freight Saver,Cash on Delivery,Shipped
ORD-2024-11805,2023-07-23,2023-07-25,CUST-1041,Rohan Singh,Home Office,Central,Indore,Office Supplies,Paper & Envelopes,19.18,1,19.18,0.05,0.96,18.22,10.48,7.74,42.48,Standard Delivery,Net Banking,Processing
ORD-2026-10887,2023-07-24,2023-07-26,CUST-1056,Pooja Deshmukh,Consumer,Central,Raipur,Technology,Laptops & Desktops,1530.74,4,6122.96,0.0,0.0,0.0,4478.02,-671.7,26.87,Express Air,Cash on Delivery,Returned
ORD-2024-11893,2023-07-24,2023-07-29,CUST-1056,Pooja Deshmukh,Consumer,East,Bhubaneswar,Office Supplies,Paper & Envelopes,19.42,1,19.42,0.2,3.88,15.54,11.04,4.5,28.96,Express Air,UPI / QR,Delivered
ORD-2026-12075,2023-07-24,2023-07-27,CUST-1118,Shweta Nair,Consumer,North,New Delhi,Technology,Laptops & Desktops,1504.79,2,3009.58,0.25,752.39,2257.19,2174.29,82.9,3.67,Express Air,UPI / QR,Shipped
ORD-2023-12172,2023-07-24,2023-07-26,CUST-1025,Siddharth Iyer,Corporate,West,Surat,Technology,Printers & Scanners,523.56,1,523.56,0.0,0.0,523.56,453.95,69.61,13.3,Standard Delivery,UPI / QR,Delivered
ORD-2023-10224,2023-07-26,2023-07-29,CUST-1138,Amit Sharma,Home Office,East,Ranchi,Technology,Printers & Scanners,407.41,2,814.82,0.0,0.0,814.82,684.21,130.61,16.03,Freight Saver,UPI / QR,Delivered
ORD-2025-11754,2023-07-26,2023-07-27,CUST-1045,Kavita Singh,Consumer,East,Bhubaneswar,Furniture,Office Chairs,374.74,1,374.74,0.1,37.47,337.27,304.24,33.03,9.79,Freight Saver,Net Banking,Delivered
ORD-2026-11763,2023-07-27,2023-07-29,CUST-1138,Amit Sharma,Home Office,South,Hyderabad,Furniture,Executive Desks,661.93,3,1985.79,0.1,198.58,1787.21,1552.69,234.52,13.12,Standard Delivery,Corporate Purchase Order,Delivered
ORD-2025-11790,2023-07-28,2023-07-31,CUST-1064,Deepak Saxena,Consumer,East,Kolkata,Office Supplies,Writing Instruments,8.08,5,40.4,0.2,8.08,32.32,20.78,11.54,35.71,Express Air,Cash on Delivery,Shipped
ORD-2025-11642,2023-07-29,2023-08-01,CUST-1067,Sanjay Chopra,Consumer,Central,Jabalpur,Furniture,Office Chairs,320.14,4,1280.56,0.05,64.03,1216.53,1063.18,153.35,12.61,Standard Delivery,UPI / QR,Delivered
ORD-2024-12337,2023-07-29,2023-08-01,CUST-1100,Karan Singh,Consumer,North,Chandigarh,Furniture,Office Chairs,81.89,2,163.78,0.0,0.0,163.78,117.89,45.89,28.02,Freight Saver,Cash on Delivery,Delivered
ORD-2026-12435,2023-07-31,2023-08-02,CUST-1013,Aditya Reddy,Consumer,North,Jaipur,Technology,Audio & Accessories,87.19,1,87.19,0.0,0.0,87.19,59.19,28.0,32.11,Same Day Priority,Net Banking,Delivered
ORD-2025-10406,2023-08-01,2023-08-04,CUST-1090,Tanvi Singh,Corporate,South,Hyderabad,Technology,Laptops & Desktops,637.92,1,637.92,0.2,127.58,510.34,481.21,29.13,5.71,Express Air,Cash on Delivery,Processing
ORD-2024-10757,2023-08-01,2023-08-03,CUST-1130,Karan Rao,Home Office,West,Surat,Technology,Laptops & Desktops,1079.88,2,2159.76,0.0,0.0,2159.76,1720.26,439.5,20.35,Same Day Priority,Cash on Delivery,Processing
ORD-2023-11864,2023-08-01,2023-08-03,CUST-1125,Amit Joshi,Corporate,West,Surat,Furniture,Office Chairs,268.36,2,536.72,0.15,80.51,456.21,446.13,10.08,2.21,Express Air,Corporate Purchase Order,Delivered
ORD-2023-10844,2023-08-03,2023-08-06,CUST-1003,Neha Reddy,Home Office,South,Kochi,Furniture,Bookcases & Shelving,290.84,1,290.84,0.2,58.17,232.67,245.25,-12.58,-5.41,Freight Saver,Cash on Delivery,Delivered
ORD-2023-11092,2023-08-03,2023-08-05,CUST-1129,Arjun Patel,Consumer,South,Chennai,Technology,Audio & Accessories,120.25,4,481.0,0.25,120.25,0.0,301.83,-45.27,16.33,Express Air,Corporate Purchase Order,Returned
ORD-2025-11230,2023-08-03,2023-08-04,CUST-1047,Deepak Verma,Consumer,North,New Delhi,Furniture,Office Chairs,245.2,3,735.5999999999999,0.1,73.56,662.04,523.14,138.9,20.98,Freight Saver,Credit Card,Delivered
ORD-2024-12025,2023-08-03,2023-08-05,CUST-1010,Neha Kapoor,Home Office,West,Surat,Furniture,Bookcases & Shelving,268.13,2,536.26,0.05,26.81,509.45,433.47,75.98,14.91,Same Day Priority,Net Banking,Processing
ORD-2024-12185,2023-08-03,2023-08-05,CUST-1067,Sanjay Chopra,Consumer,South,Coimbatore,Furniture,Executive Desks,238.36,4,953.44,0.05,47.67,905.77,765.84,139.93,15.45,Freight Saver,Credit Card,Delivered
ORD-2024-10245,2023-08-06,2023-08-08,CUST-1052,Isha Sharma,Home Office,East,Guwahati,Office Supplies,Writing Instruments,18.77,1,18.77,0.0,0.0,18.77,11.28,7.49,39.9,Express Air,Corporate Purchase Order,Delivered
ORD-2024-12493,2023-08-06,2023-08-07,CUST-1018,Karan Choudhury,Consumer,North,Jaipur,Technology,Printers & Scanners,500.78,2,1001.56,0.0,0.0,1001.56,862.05,139.51,13.93,Same Day Priority,Cash on Delivery,Delivered
ORD-2025-11110,2023-08-07,2023-08-11,CUST-1011,Aditya Sharma,Consumer,West,Ahmedabad,Furniture,Office Chairs,177.78,2,355.56,0.05,17.78,337.78,259.87,77.91,23.07,Standard Delivery,Net Banking,Delivered
ORD-2026-11843,2023-08-07,2023-08-12,CUST-1002,Sunita Iyer,Consumer,Central,Raipur,Office Supplies,Paper & Envelopes,27.8,2,55.6,0.05,2.78,0.0,29.07,-4.36,44.96,Standard Delivery,Corporate Purchase Order,Returned
ORD-2026-10715,2023-08-08,2023-08-09,CUST-1068,Priya Singh,Home Office,South,Bengaluru,Technology,Audio & Accessories,185.16,1,185.16,0.0,0.0,185.16,109.41,75.75,40.91,Freight Saver,UPI / QR,Delivered
ORD-2026-10735,2023-08-08,2023-08-11,CUST-1062,Vikram Reddy,Corporate,North,Lucknow,Technology,Laptops & Desktops,1361.98,2,2723.96,0.0,0.0,2723.96,2201.42,522.54,19.18,Standard Delivery,Net Banking,Delivered
ORD-2023-11016,2023-08-08,2023-08-12,CUST-1008,Aarav Choudhury,Consumer,Central,Bhopal,Office Supplies,Writing Instruments,23.53,1,23.53,0.0,0.0,23.53,13.8,9.73,41.35,Express Air,UPI / QR,Delivered
ORD-2023-10508,2023-08-09,2023-08-11,CUST-1106,Sneha Kulkarni,Consumer,North,Lucknow,Furniture,Bookcases & Shelving,200.19,2,400.38,0.1,40.04,0.0,351.55,-52.73,2.44,Freight Saver,Credit Card,Returned
ORD-2024-10557,2023-08-09,2023-08-11,CUST-1088,Isha Reddy,Home Office,North,Jaipur,Furniture,Executive Desks,907.66,3,2722.98,0.1,272.3,2450.68,2138.59,312.09,12.73,Freight Saver,Cash on Delivery,Delivered
ORD-2026-10931,2023-08-09,2023-08-11,CUST-1026,Rajesh Bose,Consumer,Central,Bhopal,Technology,Smartphones & Tablets,588.56,2,1177.12,0.2,235.42,941.7,950.9,-9.2,-0.98,Freight Saver,UPI / QR,Delivered
ORD-2023-10952,2023-08-09,2023-08-11,CUST-1047,Deepak Verma,Consumer,Central,Jabalpur,Technology,Laptops & Desktops,1396.24,2,2792.48,0.25,698.12,0.0,2032.93,-304.94,2.93,Freight Saver,Cash on Delivery,Returned
ORD-2023-10004,2023-08-10,2023-08-12,CUST-1010,Neha Kapoor,Home Office,West,Pune,Technology,Printers & Scanners,307.35,3,922.05,0.15,138.31,783.74,790.85,-7.11,-0.91,Express Air,Corporate Purchase Order,Delivered
ORD-2024-10469,2023-08-13,2023-08-15,CUST-1126,Vikram Joshi,Consumer,Central,Jabalpur,Furniture,Conference Tables,996.59,1,996.59,0.0,0.0,996.59,870.68,125.91,12.63,Freight Saver,Cash on Delivery,Processing
ORD-2024-11345,2023-08-13,2023-08-14,CUST-1093,Meera Bose,Corporate,Central,Jabalpur,Furniture,Office Chairs,329.06,3,987.18,0.1,98.72,888.46,820.21,68.25,7.68,Express Air,UPI / QR,Delivered
ORD-2024-10425,2023-08-14,2023-08-16,CUST-1026,Rajesh Bose,Consumer,South,Kochi,Office Supplies,Storage Solutions,109.68,1,109.68,0.05,5.48,104.2,86.85,17.35,16.65,Freight Saver,Credit Card,Delivered
ORD-2024-10461,2023-08-14,2023-08-16,CUST-1127,Aditya Kulkarni,Consumer,East,Patna,Furniture,Office Chairs,110.43,2,220.86,0.0,0.0,220.86,172.59,48.27,21.86,Same Day Priority,Corporate Purchase Order,Delivered
ORD-2026-10675,2023-08-14,2023-08-15,CUST-1073,Sneha Iyer,Home Office,East,Kolkata,Furniture,Office Chairs,213.38,4,853.52,0.0,0.0,853.52,719.94,133.58,15.65,Express Air,Credit Card,Delivered
ORD-2026-12079,2023-08-15,2023-08-22,CUST-1080,Ananya Singh,Consumer,South,Hyderabad,Furniture,Conference Tables,1300.73,2,2601.46,0.0,0.0,2601.46,2307.42,294.04,11.3,Standard Delivery,Cash on Delivery,Shipped
ORD-2026-10427,2023-08-16,2023-08-20,CUST-1118,Shweta Nair,Consumer,West,Pune,Office Supplies,Binders & Organizers,31.59,2,63.18,0.15,9.48,53.7,33.01,20.69,38.53,Express Air,Cash on Delivery,Shipped
ORD-2024-10981,2023-08-16,2023-08-23,CUST-1051,Karan Saxena,Corporate,East,Patna,Furniture,Office Chairs,211.24,8,1689.92,0.05,84.5,1605.42,1278.8,326.62,20.34,Freight Saver,Credit Card,Delivered
ORD-2024-10937,2023-08-17,2023-08-18,CUST-1080,Ananya Singh,Consumer,Central,Jabalpur,Technology,Smartphones & Tablets,618.38,2,1236.76,0.0,0.0,1236.76,1040.05,196.71,15.91,Freight Saver,Net Banking,Delivered
ORD-2023-11432,2023-08-18,2023-08-19,CUST-1115,Naveen Malhotra,Home Office,South,Kochi,Furniture,Bookcases & Shelving,268.36,2,536.72,0.1,53.67,483.05,439.23,43.82,9.07,Express Air,UPI / QR,Processing
ORD-2026-11503,2023-08-18,2023-08-25,CUST-1029,Preeti Patel,Home Office,Central,Indore,Furniture,Office Chairs,255.37,1,255.37,0.0,0.0,0.0,207.68,-31.15,18.67,Standard Delivery,Credit Card,Returned
ORD-2024-10809,2023-08-19,2023-08-24,CUST-1074,Shweta Rao,Corporate,West,Surat,Technology,Printers & Scanners,202.12,2,404.24,0.0,0.0,0.0,351.14,-52.67,13.14,Freight Saver,Credit Card,Returned
ORD-2026-11259,2023-08-19,2023-08-21,CUST-1012,Manish Deshmukh,Corporate,West,Goa,Furniture,Executive Desks,565.63,2,1131.26,0.15,169.69,961.57,924.26,37.31,3.88,Express Air,Net Banking,Processing
ORD-2023-11828,2023-08-20,2023-08-21,CUST-1036,Siddharth Iyer,Consumer,South,Bengaluru,Office Supplies,Paper & Envelopes,40.98,3,122.94,0.05,6.15,116.79,73.68,43.11,36.91,Same Day Priority,Credit Card,Delivered
ORD-2024-12045,2023-08-20,2023-08-22,CUST-1007,Neha Saxena,Home Office,Central,Jabalpur,Furniture,Bookcases & Shelving,249.46,1,249.46,0.15,37.42,212.04,201.46,10.58,4.99,Express Air,Net Banking,Shipped
ORD-2025-11622,2023-08-22,2023-08-24,CUST-1136,Alok Choudhury,Home Office,Central,Bhopal,Technology,Audio & Accessories,180.02,2,360.04,0.1,36.0,324.04,259.81,64.23,19.82,Standard Delivery,Net Banking,Delivered
ORD-2025-11814,2023-08-22,2023-08-24,CUST-1141,Aditya Mehta,Consumer,West,Mumbai,Technology,Printers & Scanners,434.67,1,434.67,0.0,0.0,434.67,375.94,58.73,13.51,Freight Saver,UPI / QR,Shipped
ORD-2026-10063,2023-08-23,2023-08-27,CUST-1142,Sunita Choudhury,Consumer,South,Kochi,Furniture,Executive Desks,510.36,3,1531.08,0.0,0.0,1531.08,1210.41,320.67,20.94,Same Day Priority,Corporate Purchase Order,Delivered
ORD-2026-11339,2023-08-23,2023-08-24,CUST-1089,Preeti Menon,Home Office,South,Chennai,Furniture,Office Chairs,146.95,1,146.95,0.2,29.39,117.56,122.73,-5.17,-4.4,Express Air,UPI / QR,Delivered
ORD-2025-12494,2023-08-23,2023-08-28,CUST-1001,Rajesh Mehta,Consumer,North,Dehradun,Office Supplies,Storage Solutions,83.07,5,415.35,0.1,41.53,373.82,318.94,54.88,14.68,Express Air,Cash on Delivery,Delivered
ORD-2025-11186,2023-08-24,2023-08-28,CUST-1046,Amit Malhotra,Consumer,Central,Nagpur,Furniture,Bookcases & Shelving,160.96,3,482.88,0.2,96.58,386.3,423.61,-37.31,-9.66,Freight Saver,Corporate Purchase Order,Processing
ORD-2024-12069,2023-08-24,2023-08-26,CUST-1061,Pooja Saxena,Home Office,South,Chennai,Furniture,Office Chairs,254.27,1,254.27,0.0,0.0,254.27,214.55,39.72,15.62,Freight Saver,Net Banking,Delivered
ORD-2025-10618,2023-08-25,2023-08-27,CUST-1139,Alok Choudhury,Corporate,South,Chennai,Technology,Laptops & Desktops,768.75,10,7687.5,0.0,0.0,0.0,5589.58,-838.44,27.29,Same Day Priority,Corporate Purchase Order,Returned
ORD-2023-12156,2023-08-26,2023-08-27,CUST-1057,Karan Sharma,Home Office,South,Bengaluru,Furniture,Office Chairs,303.85,2,607.7,0.0,0.0,607.7,471.0,136.7,22.49,Standard Delivery,Net Banking,Delivered
ORD-2023-11540,2023-08-28,2023-08-29,CUST-1128,Swati Chopra,Corporate,North,Dehradun,Office Supplies,Storage Solutions,29.33,3,87.99,0.15,13.2,74.79,60.39,14.4,19.25,Express Air,Net Banking,Processing
ORD-2025-12054,2023-08-28,2023-08-30,CUST-1089,Preeti Menon,Home Office,West,Mumbai,Office Supplies,Writing Instruments,7.41,1,7.41,0.05,0.37,7.04,3.93,3.11,44.18,Same Day Priority,Cash on Delivery,Processing
ORD-2023-10140,2023-08-29,2023-09-01,CUST-1123,Divya Patel,Corporate,South,Coimbatore,Furniture,Conference Tables,1402.4,2,2804.8,0.1,280.48,2524.32,2417.55,106.77,4.23,Same Day Priority,Net Banking,Delivered
ORD-2026-12379,2023-08-29,2023-08-30,CUST-1048,Rohan Nair,Home Office,South,Coimbatore,Technology,Laptops & Desktops,2087.01,1,2087.01,0.0,0.0,2087.01,1668.2,418.81,20.07,Standard Delivery,Net Banking,Processing
ORD-2026-10775,2023-08-30,2023-09-03,CUST-1095,Priya Mehta,Consumer,East,Bhubaneswar,Technology,Laptops & Desktops,981.07,1,981.07,0.0,0.0,0.0,763.95,-114.59,22.13,Standard Delivery,UPI / QR,Returned
ORD-2026-10287,2023-08-31,2023-09-03,CUST-1107,Siddharth Iyer,Corporate,East,Kolkata,Furniture,Conference Tables,900.87,2,1801.74,0.1,180.17,1621.57,1547.53,74.04,4.57,Express Air,UPI / QR,Delivered
ORD-2024-10801,2023-08-31,2023-09-02,CUST-1125,Amit Joshi,Corporate,West,Pune,Office Supplies,Writing Instruments,23.72,1,23.72,0.1,2.37,21.35,16.1,5.25,24.59,Express Air,Net Banking,Delivered
ORD-2026-11187,2023-09-01,2023-09-03,CUST-1016,Kavita Bose,Home Office,West,Surat,Technology,Printers & Scanners,383.22,3,1149.66,0.15,172.45,977.21,1009.92,-32.71,-3.35,Standard Delivery,Corporate Purchase Order,Shipped
ORD-2023-10836,2023-09-02,2023-09-03,CUST-1016,Kavita Bose,Home Office,East,Kolkata,Office Supplies,Writing Instruments,24.65,1,24.65,0.1,2.46,22.19,17.17,5.02,22.62,Same Day Priority,Credit Card,Shipped
ORD-2025-11126,2023-09-04,2023-09-11,CUST-1116,Preeti Saxena,Consumer,South,Bengaluru,Technology,Smartphones & Tablets,789.42,1,789.42,0.0,0.0,789.42,623.77,165.65,20.98,Express Air,UPI / QR,Delivered
ORD-2026-11255,2023-09-04,2023-09-06,CUST-1092,Ananya Mehta,Home Office,Central,Jabalpur,Office Supplies,Binders & Organizers,22.13,1,22.13,0.05,1.11,21.02,12.45,8.57,40.77,Standard Delivery,Cash on Delivery,Delivered
ORD-2025-11542,2023-09-04,2023-09-05,CUST-1113,Isha Verma,Home Office,East,Bhubaneswar,Technology,Smartphones & Tablets,864.94,1,864.94,0.2,172.99,691.95,686.93,5.02,0.73,Freight Saver,Cash on Delivery,Processing
ORD-2023-11612,2023-09-04,2023-09-06,CUST-1035,Neha Verma,Corporate,South,Chennai,Furniture,Conference Tables,1397.91,2,2795.82,0.1,279.58,2516.24,2344.49,171.75,6.83,Freight Saver,Cash on Delivery,Processing
ORD-2025-12382,2023-09-05,2023-09-07,CUST-1055,Deepak Joshi,Consumer,Central,Raipur,Office Supplies,Binders & Organizers,19.42,3,58.260000000000005,0.1,5.83,52.43,36.31,16.12,30.75,Same Day Priority,Credit Card,Shipped
ORD-2023-10312,2023-09-06,2023-09-08,CUST-1051,Karan Saxena,Corporate,Central,Jabalpur,Furniture,Executive Desks,934.53,1,934.53,0.0,0.0,934.53,769.52,165.01,17.66,Freight Saver,UPI / QR,Delivered
ORD-2026-10823,2023-09-06,2023-09-07,CUST-1113,Isha Verma,Home Office,North,New Delhi,Office Supplies,Storage Solutions,41.22,3,123.66,0.05,6.18,117.48,85.03,32.45,27.62,Freight Saver,Corporate Purchase Order,Delivered
ORD-2026-11099,2023-09-06,2023-09-10,CUST-1001,Rajesh Mehta,Consumer,South,Bengaluru,Office Supplies,Writing Instruments,24.27,1,24.27,0.05,1.21,23.06,16.4,6.66,28.88,Freight Saver,Cash on Delivery,Delivered
ORD-2025-11478,2023-09-06,2023-09-07,CUST-1062,Vikram Reddy,Corporate,Central,Bhopal,Technology,Smartphones & Tablets,982.27,8,7858.16,0.0,0.0,7858.16,6171.55,1686.61,21.46,Same Day Priority,Net Banking,Delivered
ORD-2025-11994,2023-09-06,2023-09-09,CUST-1066,Aarav Mehta,Corporate,Central,Jabalpur,Office Supplies,Writing Instruments,19.33,2,38.66,0.2,7.73,30.93,22.66,8.27,26.74,Same Day Priority,UPI / QR,Shipped
ORD-2023-12100,2023-09-06,2023-09-10,CUST-1101,Karan Choudhury,Consumer,West,Pune,Technology,Smartphones & Tablets,1084.53,1,1084.53,0.0,0.0,1084.53,836.84,247.69,22.84,Standard Delivery,Corporate Purchase Order,Delivered
ORD-2026-10407,2023-09-07,2023-09-10,CUST-1031,Sunita Singh,Consumer,North,Dehradun,Technology,Smartphones & Tablets,1016.8,2,2033.6,0.0,0.0,2033.6,1633.6,400.0,19.67,Standard Delivery,Corporate Purchase Order,Delivered
ORD-2023-11380,2023-09-07,2023-09-10,CUST-1083,Naveen Singh,Consumer,South,Bengaluru,Office Supplies,Paper & Envelopes,16.13,1,16.13,0.05,0.81,15.32,11.11,4.21,27.48,Same Day Priority,Corporate Purchase Order,Delivered
ORD-2026-11995,2023-09-07,2023-09-09,CUST-1145,Swati Iyer,Home Office,North,Jaipur,Technology,Printers & Scanners,207.67,1,207.67,0.0,0.0,207.67,180.82,26.85,12.93,Freight Saver,Corporate Purchase Order,Delivered
ORD-2026-10731,2023-09-08,2023-09-10,CUST-1062,Vikram Reddy,Corporate,Central,Raipur,Furniture,Bookcases & Shelving,189.79,3,569.37,0.0,0.0,569.37,483.02,86.35,15.17,Same Day Priority,UPI / QR,Delivered
ORD-2026-11363,2023-09-08,2023-09-13,CUST-1074,Shweta Rao,Corporate,North,Jaipur,Furniture,Executive Desks,385.86,4,1543.44,0.2,308.69,1234.75,1200.05,34.7,2.81,Same Day Priority,Net Banking,Delivered
ORD-2023-11088,2023-09-09,2023-09-14,CUST-1142,Sunita Choudhury,Consumer,Central,Nagpur,Office Supplies,Binders & Organizers,31.87,2,63.74,0.0,0.0,63.74,36.45,27.29,42.81,Same Day Priority,UPI / QR,Delivered
ORD-2025-11454,2023-09-09,2023-09-10,CUST-1070,Tanvi Patel,Home Office,East,Patna,Office Supplies,Writing Instruments,6.76,2,13.52,0.0,0.0,13.52,8.16,5.36,39.64,Same Day Priority,Corporate Purchase Order,Shipped
ORD-2026-10183,2023-09-10,2023-09-12,CUST-1099,Meera Nair,Corporate,East,Ranchi,Technology,Smartphones & Tablets,498.23,2,996.46,0.0,0.0,0.0,787.1,-118.06,21.01,Same Day Priority,UPI / QR,Returned
ORD-2025-11370,2023-09-10,2023-09-13,CUST-1056,Pooja Deshmukh,Consumer,West,Goa,Office Supplies,Paper & Envelopes,26.29,1,26.29,0.0,0.0,26.29,17.76,8.53,32.45,Freight Saver,Cash on Delivery,Delivered
ORD-2025-12170,2023-09-11,2023-09-13,CUST-1110,Manish Malhotra,Consumer,Central,Raipur,Office Supplies,Storage Solutions,94.05,1,94.05,0.0,0.0,94.05,63.13,30.92,32.88,Same Day Priority,Net Banking,Delivered
ORD-2026-12487,2023-09-11,2023-09-12,CUST-1143,Aditya Chopra,Home Office,South,Kochi,Furniture,Executive Desks,417.79,1,417.79,0.05,20.89,396.9,340.25,56.65,14.27,Express Air,Credit Card,Delivered
ORD-2026-10927,2023-09-13,2023-09-15,CUST-1117,Priya Saxena,Consumer,South,Bengaluru,Office Supplies,Writing Instruments,22.38,5,111.9,0.0,0.0,111.9,59.58,52.32,46.76,Same Day Priority,UPI / QR,Processing
ORD-2025-12078,2023-09-13,2023-09-14,CUST-1055,Deepak Joshi,Consumer,Central,Raipur,Technology,Smartphones & Tablets,1078.88,4,4315.52,0.05,215.78,4099.74,3309.79,789.95,19.27,Freight Saver,Net Banking,Processing
ORD-2025-12150,2023-09-13,2023-09-15,CUST-1120,Shweta Singh,Corporate,South,Kochi,Office Supplies,Writing Instruments,24.36,3,73.08,0.0,0.0,73.08,49.13,23.95,32.77,Standard Delivery,Cash on Delivery,Shipped
ORD-2026-11735,2023-09-14,2023-09-16,CUST-1074,Shweta Rao,Corporate,South,Chennai,Office Supplies,Paper & Envelopes,38.04,1,38.04,0.15,5.71,32.33,23.98,8.35,25.83,Standard Delivery,Cash on Delivery,Processing
ORD-2026-12311,2023-09-14,2023-09-18,CUST-1100,Karan Singh,Consumer,East,Patna,Technology,Audio & Accessories,191.92,1,191.92,0.0,0.0,0.0,108.99,-16.35,43.21,Standard Delivery,Corporate Purchase Order,Returned
ORD-2024-12313,2023-09-14,2023-09-16,CUST-1143,Aditya Chopra,Home Office,South,Kochi,Office Supplies,Paper & Envelopes,10.29,3,30.87,0.15,4.63,26.24,16.18,10.06,38.34,Freight Saver,Corporate Purchase Order,Shipped
ORD-2026-11399,2023-09-15,2023-09-16,CUST-1003,Neha Reddy,Home Office,North,Jaipur,Technology,Printers & Scanners,531.72,1,531.72,0.0,0.0,531.72,429.44,102.28,19.24,Express Air,Cash on Delivery,Delivered
ORD-2023-12096,2023-09-15,2023-09-16,CUST-1034,Swati Joshi,Consumer,East,Kolkata,Office Supplies,Storage Solutions,92.33,1,92.33,0.0,0.0,0.0,66.46,-9.97,28.02,Freight Saver,UPI / QR,Returned
ORD-2025-10622,2023-09-16,2023-09-18,CUST-1057,Karan Sharma,Home Office,North,Lucknow,Technology,Printers & Scanners,292.17,3,876.51,0.0,0.0,876.51,752.14,124.37,14.19,Freight Saver,Credit Card,Shipped
ORD-2023-10712,2023-09-16,2023-09-18,CUST-1148,Priya Sharma,Corporate,West,Ahmedabad,Office Supplies,Binders & Organizers,33.46,1,33.46,0.0,0.0,33.46,18.82,14.64,43.75,Express Air,UPI / QR,Shipped
ORD-2026-11755,2023-09-16,2023-09-17,CUST-1048,Rohan Nair,Home Office,Central,Raipur,Technology,Audio & Accessories,133.6,1,133.6,0.0,0.0,133.6,93.15,40.45,30.28,Freight Saver,Corporate Purchase Order,Delivered
ORD-2026-11823,2023-09-16,2023-09-19,CUST-1107,Siddharth Iyer,Corporate,West,Pune,Furniture,Executive Desks,754.77,3,2264.31,0.1,226.43,2037.88,1839.42,198.46,9.74,Express Air,Net Banking,Processing
ORD-2025-10190,2023-09-17,2023-09-20,CUST-1069,Rahul Patel,Home Office,North,New Delhi,Technology,Printers & Scanners,272.39,1,272.39,0.1,27.24,245.15,224.0,21.15,8.63,Standard Delivery,Corporate Purchase Order,Delivered
ORD-2026-10387,2023-09-18,2023-09-20,CUST-1104,Meera Malhotra,Corporate,North,Jaipur,Furniture,Office Chairs,373.2,2,746.4,0.05,37.32,709.08,588.15,120.93,17.05,Express Air,Cash on Delivery,Delivered
ORD-2024-10533,2023-09-18,2023-09-20,CUST-1118,Shweta Nair,Consumer,South,Coimbatore,Office Supplies,Paper & Envelopes,33.7,2,67.4,0.0,0.0,67.4,45.07,22.33,33.13,Same Day Priority,UPI / QR,Shipped
ORD-2024-10797,2023-09-19,2023-09-21,CUST-1143,Aditya Chopra,Home Office,South,Hyderabad,Technology,Audio & Accessories,130.55,2,261.1,0.25,65.28,195.82,193.46,2.36,1.21,Same Day Priority,Corporate Purchase Order,Delivered
ORD-2025-10910,2023-09-20,2023-09-22,CUST-1036,Siddharth Iyer,Consumer,West,Mumbai,Technology,Smartphones & Tablets,993.08,2,1986.16,0.0,0.0,1986.16,1605.83,380.33,19.15,Express Air,Corporate Purchase Order,Delivered
ORD-2024-12373,2023-09-20,2023-09-21,CUST-1009,Manish Choudhury,Corporate,West,Ahmedabad,Furniture,Office Chairs,175.06,5,875.3,0.0,0.0,0.0,660.56,-99.08,24.53,Standard Delivery,UPI / QR,Returned
ORD-2025-10850,2023-09-21,2023-09-23,CUST-1035,Neha Verma,Corporate,West,Ahmedabad,Office Supplies,Storage Solutions,81.71,2,163.42,0.0,0.0,163.42,114.32,49.1,30.05,Standard Delivery,Credit Card,Shipped
ORD-2025-10854,2023-09-21,2023-09-23,CUST-1099,Meera Nair,Corporate,West,Mumbai,Furniture,Conference Tables,835.83,1,835.83,0.05,41.79,0.0,690.22,-103.53,13.07,Standard Delivery,Cash on Delivery,Returned
ORD-2025-10942,2023-09-21,2023-09-22,CUST-1130,Karan Rao,Home Office,West,Goa,Technology,Smartphones & Tablets,876.08,3,2628.24,0.1,262.82,2365.42,2088.38,277.04,11.71,Express Air,Corporate Purchase Order,Delivered
ORD-2024-11209,2023-09-21,2023-09-23,CUST-1031,Sunita Singh,Consumer,North,Lucknow,Office Supplies,Paper & Envelopes,13.04,4,52.16,0.15,7.82,44.34,36.06,8.28,18.67,Same Day Priority,Net Banking,Processing
ORD-2026-11855,2023-09-21,2023-09-23,CUST-1011,Aditya Sharma,Consumer,North,Chandigarh,Technology,Printers & Scanners,448.83,1,448.83,0.1,44.88,403.95,378.05,25.9,6.41,Standard Delivery,Net Banking,Delivered
ORD-2023-12076,2023-09-22,2023-09-24,CUST-1147,Rahul Deshmukh,Corporate,South,Bengaluru,Technology,Smartphones & Tablets,739.77,3,2219.31,0.0,0.0,2219.31,1836.07,383.24,17.27,Express Air,Cash on Delivery,Delivered
ORD-2026-11195,2023-09-23,2023-09-25,CUST-1148,Priya Sharma,Corporate,South,Kochi,Office Supplies,Paper & Envelopes,37.25,2,74.5,0.1,7.45,67.05,52.14,14.91,22.24,Express Air,Credit Card,Delivered
ORD-2026-10107,2023-09-25,2023-09-28,CUST-1132,Vikram Saxena,Corporate,Central,Bhopal,Technology,Printers & Scanners,205.13,1,205.13,0.0,0.0,205.13,179.48,25.65,12.5,Freight Saver,Cash on Delivery,Delivered
ORD-2025-10198,2023-09-25,2023-09-26,CUST-1067,Sanjay Chopra,Consumer,East,Ranchi,Furniture,Bookcases & Shelving,188.6,1,188.6,0.0,0.0,188.6,161.38,27.22,14.43,Standard Delivery,Credit Card,Delivered
ORD-2024-11277,2023-09-25,2023-09-29,CUST-1048,Rohan Nair,Home Office,West,Ahmedabad,Furniture,Office Chairs,120.11,2,240.22,0.1,24.02,216.2,191.68,24.52,11.34,Standard Delivery,UPI / QR,Processing
ORD-2024-12237,2023-09-25,2023-09-27,CUST-1077,Pooja Kulkarni,Home Office,South,Chennai,Technology,Printers & Scanners,582.1,1,582.1,0.15,87.31,494.79,474.38,20.41,4.12,Freight Saver,UPI / QR,Shipped
ORD-2026-11791,2023-09-26,2023-10-01,CUST-1002,Sunita Iyer,Consumer,West,Ahmedabad,Technology,Audio & Accessories,192.61,2,385.22,0.0,0.0,385.22,230.43,154.79,40.18,Express Air,UPI / QR,Delivered
ORD-2026-10355,2023-09-27,2023-09-28,CUST-1036,Siddharth Iyer,Consumer,Central,Jabalpur,Furniture,Executive Desks,846.94,1,846.94,0.1,84.69,0.0,695.7,-104.36,8.73,Express Air,Corporate Purchase Order,Returned
ORD-2023-11316,2023-09-27,2023-09-29,CUST-1072,Swati Malhotra,Home Office,West,Mumbai,Furniture,Office Chairs,434.95,3,1304.85,0.05,65.24,0.0,1081.48,-162.22,12.76,Freight Saver,Credit Card,Returned
ORD-2026-12355,2023-09-27,2023-09-30,CUST-1117,Priya Saxena,Consumer,East,Patna,Technology,Smartphones & Tablets,847.41,2,1694.82,0.2,338.96,1355.86,1381.55,-25.69,-1.89,Standard Delivery,Corporate Purchase Order,Delivered
ORD-2026-10179,2023-09-28,2023-10-02,CUST-1078,Rajesh Bose,Corporate,South,Hyderabad,Technology,Audio & Accessories,72.57,1,72.57,0.2,14.51,58.06,52.03,6.03,10.39,Freight Saver,Net Banking,Processing
ORD-2026-10439,2023-09-28,2023-10-02,CUST-1079,Sanjay Saxena,Corporate,South,Hyderabad,Technology,Audio & Accessories,195.02,3,585.0600000000001,0.0,0.0,585.06,397.48,187.58,32.06,Freight Saver,Credit Card,Shipped
ORD-2025-11294,2023-09-28,2023-10-03,CUST-1143,Aditya Chopra,Home Office,South,Coimbatore,Furniture,Executive Desks,378.7,3,1136.1,0.0,0.0,1136.1,1003.28,132.82,11.69,Freight Saver,UPI / QR,Delivered
ORD-2023-11904,2023-09-28,2023-09-30,CUST-1019,Preeti Kulkarni,Consumer,North,Jaipur,Technology,Smartphones & Tablets,524.65,1,524.65,0.05,26.23,498.42,437.57,60.85,12.21,Standard Delivery,UPI / QR,Delivered
ORD-2023-10400,2023-09-29,2023-10-02,CUST-1071,Deepak Reddy,Consumer,East,Kolkata,Office Supplies,Binders & Organizers,32.3,3,96.9,0.1,9.69,0.0,55.82,-8.37,35.99,Express Air,Net Banking,Returned
ORD-2024-11305,2023-09-29,2023-10-01,CUST-1092,Ananya Mehta,Home Office,West,Goa,Furniture,Executive Desks,485.11,1,485.11,0.0,0.0,485.11,374.4,110.71,22.82,Same Day Priority,Credit Card,Delivered
ORD-2026-10647,2023-10-01,2023-10-03,CUST-1014,Deepak Joshi,Consumer,West,Surat,Technology,Audio & Accessories,194.85,1,194.85,0.1,19.48,175.37,113.73,61.64,35.15,Standard Delivery,Net Banking,Delivered
ORD-2024-12165,2023-10-01,2023-10-02,CUST-1115,Naveen Malhotra,Home Office,North,Dehradun,Technology,Printers & Scanners,264.02,2,528.04,0.05,26.4,501.64,426.84,74.8,14.91,Freight Saver,Cash on Delivery,Processing
ORD-2025-11150,2023-10-02,2023-10-04,CUST-1016,Kavita Bose,Home Office,East,Kolkata,Technology,Laptops & Desktops,2189.0,1,2189.0,0.0,0.0,0.0,1747.67,-262.15,20.16,Same Day Priority,Credit Card,Returned
ORD-2026-11279,2023-10-03,2023-10-06,CUST-1018,Karan Choudhury,Consumer,West,Mumbai,Technology,Smartphones & Tablets,524.74,8,4197.92,0.0,0.0,0.0,3185.92,-477.89,24.11,Same Day Priority,Cash on Delivery,Returned
ORD-2026-11487,2023-10-03,2023-10-08,CUST-1131,Ananya Patel,Home Office,North,Jaipur,Furniture,Bookcases & Shelving,230.52,2,461.04,0.05,23.05,437.99,372.96,65.03,14.85,Express Air,UPI / QR,Shipped
ORD-2023-12168,2023-10-03,2023-10-04,CUST-1083,Naveen Singh,Consumer,North,Chandigarh,Office Supplies,Binders & Organizers,5.08,4,20.32,0.1,2.03,18.29,10.43,7.86,42.97,Same Day Priority,Credit Card,Delivered
ORD-2024-11777,2023-10-04,2023-10-07,CUST-1026,Rajesh Bose,Consumer,Central,Nagpur,Office Supplies,Paper & Envelopes,44.87,1,44.87,0.05,2.24,42.63,23.62,19.01,44.59,Express Air,Cash on Delivery,Shipped
ORD-2023-11920,2023-10-04,2023-10-05,CUST-1032,Karan Kulkarni,Corporate,North,Jaipur,Furniture,Conference Tables,1259.11,8,10072.88,0.0,0.0,10072.88,8322.45,1750.43,17.38,Standard Delivery,UPI / QR,Delivered
ORD-2026-10955,2023-10-05,2023-10-07,CUST-1051,Karan Saxena,Corporate,East,Ranchi,Furniture,Conference Tables,444.75,1,444.75,0.0,0.0,444.75,375.31,69.44,15.61,Freight Saver,Net Banking,Delivered
ORD-2026-12151,2023-10-06,2023-10-10,CUST-1006,Aarav Patel,Consumer,West,Pune,Office Supplies,Storage Solutions,103.09,1,103.09,0.0,0.0,103.09,72.61,30.48,29.57,Express Air,UPI / QR,Delivered
ORD-2024-10589,2023-10-07,2023-10-09,CUST-1119,Divya Patel,Home Office,West,Surat,Technology,Smartphones & Tablets,870.87,1,870.87,0.05,43.54,0.0,715.93,-107.39,13.47,Express Air,Credit Card,Returned
ORD-2023-10604,2023-10-07,2023-10-10,CUST-1051,Karan Saxena,Corporate,South,Chennai,Technology,Audio & Accessories,113.55,4,454.2,0.2,90.84,363.36,252.49,110.87,30.51,Same Day Priority,Corporate Purchase Order,Delivered
ORD-2024-10645,2023-10-07,2023-10-09,CUST-1132,Vikram Saxena,Corporate,Central,Bhopal,Furniture,Executive Desks,883.16,3,2649.48,0.1,264.95,2384.53,2105.31,279.22,11.71,Same Day Priority,Credit Card,Processing
ORD-2023-10448,2023-10-08,2023-10-09,CUST-1098,Isha Kapoor,Consumer,East,Guwahati,Furniture,Bookcases & Shelving,348.72,1,348.72,0.05,17.44,331.28,287.48,43.8,13.22,Standard Delivery,UPI / QR,Delivered
ORD-2023-12200,2023-10-08,2023-10-10,CUST-1050,Siddharth Kulkarni,Home Office,Central,Jabalpur,Technology,Printers & Scanners,165.91,2,331.82,0.1,33.18,298.64,264.63,34.01,11.39,Freight Saver,Cash on Delivery,Delivered
ORD-2024-10205,2023-10-09,2023-10-11,CUST-1135,Pooja Nair,Corporate,South,Coimbatore,Office Supplies,Storage Solutions,99.28,1,99.28,0.05,4.96,94.32,72.21,22.11,23.44,Same Day Priority,Corporate Purchase Order,Delivered
ORD-2023-10116,2023-10-10,2023-10-12,CUST-1144,Vikram Joshi,Consumer,East,Ranchi,Furniture,Bookcases & Shelving,386.57,2,773.14,0.05,38.66,734.48,629.68,104.8,14.27,Same Day Priority,Cash on Delivery,Delivered
ORD-2024-12425,2023-10-10,2023-10-12,CUST-1071,Deepak Reddy,Consumer,South,Coimbatore,Technology,Laptops & Desktops,1407.11,1,1407.11,0.0,0.0,0.0,1062.86,-159.43,24.47,Freight Saver,Cash on Delivery,Returned
ORD-2023-10248,2023-10-11,2023-10-14,CUST-1044,Sanjay Menon,Corporate,East,Patna,Office Supplies,Writing Instruments,22.45,1,22.45,0.15,3.37,19.08,14.89,4.19,21.96,Freight Saver,Corporate Purchase Order,Delivered
ORD-2024-12193,2023-10-11,2023-10-16,CUST-1101,Karan Choudhury,Consumer,East,Bhubaneswar,Technology,Smartphones & Tablets,550.85,2,1101.7,0.0,0.0,1101.7,923.35,178.35,16.19,Freight Saver,Credit Card,Delivered
ORD-2026-11615,2023-10-12,2023-10-16,CUST-1117,Priya Saxena,Consumer,North,Jaipur,Furniture,Conference Tables,1229.74,3,3689.22,0.05,184.46,3504.76,3172.19,332.57,9.49,Freight Saver,UPI / QR,Delivered
ORD-2025-11854,2023-10-12,2023-10-16,CUST-1105,Vikram Kulkarni,Consumer,West,Ahmedabad,Technology,Smartphones & Tablets,548.3,2,1096.6,0.0,0.0,1096.6,834.63,261.97,23.89,Express Air,Corporate Purchase Order,Processing
ORD-2025-12462,2023-10-12,2023-10-16,CUST-1062,Vikram Reddy,Corporate,West,Surat,Office Supplies,Binders & Organizers,18.64,1,18.64,0.0,0.0,18.64,8.8,9.84,52.79,Same Day Priority,Corporate Purchase Order,Shipped
ORD-2025-10174,2023-10-13,2023-10-16,CUST-1053,Sunita Mehta,Home Office,North,Dehradun,Technology,Audio & Accessories,131.47,1,131.47,0.25,32.87,98.6,90.91,7.69,7.8,Same Day Priority,Cash on Delivery,Processing
ORD-2024-10681,2023-10-13,2023-10-15,CUST-1037,Vikram Menon,Home Office,Central,Raipur,Technology,Smartphones & Tablets,344.69,1,344.69,0.2,68.94,275.75,268.72,7.03,2.55,Freight Saver,UPI / QR,Processing
ORD-2026-10055,2023-10-14,2023-10-15,CUST-1010,Neha Kapoor,Home Office,East,Ranchi,Technology,Smartphones & Tablets,1009.81,1,1009.81,0.05,50.49,959.32,790.63,168.69,17.58,Freight Saver,Cash on Delivery,Processing
ORD-2026-10547,2023-10-14,2023-10-17,CUST-1072,Swati Malhotra,Home Office,West,Pune,Furniture,Bookcases & Shelving,364.02,5,1820.1,0.1,182.01,1638.09,1387.72,250.37,15.28,Freight Saver,Net Banking,Delivered
ORD-2025-10894,2023-10-14,2023-10-21,CUST-1071,Deepak Reddy,Consumer,North,Chandigarh,Technology,Audio & Accessories,80.12,1,80.12,0.0,0.0,80.12,47.42,32.7,40.81,Same Day Priority,Cash on Delivery,Shipped
ORD-2024-10753,2023-10-15,2023-10-18,CUST-1078,Rajesh Bose,Corporate,South,Coimbatore,Furniture,Executive Desks,665.67,4,2662.68,0.15,399.4,2263.28,2375.03,-111.75,-4.94,Freight Saver,Credit Card,Delivered
ORD-2026-10767,2023-10-15,2023-10-19,CUST-1093,Meera Bose,Corporate,West,Goa,Furniture,Office Chairs,206.06,2,412.12,0.2,82.42,0.0,305.28,-45.79,7.41,Freight Saver,Credit Card,Returned
ORD-2026-11955,2023-10-17,2023-10-19,CUST-1148,Priya Sharma,Corporate,West,Goa,Technology,Smartphones & Tablets,301.23,1,301.23,0.2,60.25,240.98,230.15,10.83,4.49,Express Air,Corporate Purchase Order,Delivered
ORD-2023-10744,2023-10-18,2023-10-20,CUST-1008,Aarav Choudhury,Consumer,South,Coimbatore,Office Supplies,Storage Solutions,59.14,3,177.42000000000002,0.0,0.0,177.42,116.53,60.89,34.32,Standard Delivery,Net Banking,Processing
ORD-2023-10960,2023-10-18,2023-10-20,CUST-1067,Sanjay Chopra,Consumer,West,Goa,Furniture,Bookcases & Shelving,153.51,4,614.04,0.1,61.4,0.0,520.27,-78.04,5.86,Standard Delivery,Corporate Purchase Order,Returned
ORD-2025-10994,2023-10-18,2023-10-21,CUST-1099,Meera Nair,Corporate,West,Mumbai,Office Supplies,Writing Instruments,12.01,4,48.04,0.0,0.0,48.04,30.11,17.93,37.32,Freight Saver,Credit Card,Delivered
ORD-2023-11184,2023-10-18,2023-10-23,CUST-1128,Swati Chopra,Corporate,Central,Indore,Office Supplies,Paper & Envelopes,8.52,1,8.52,0.0,0.0,8.52,5.13,3.39,39.79,Express Air,UPI / QR,Processing
ORD-2026-11235,2023-10-18,2023-10-20,CUST-1109,Sunita Choudhury,Home Office,East,Guwahati,Technology,Audio & Accessories,95.85,3,287.54999999999995,0.0,0.0,287.55,166.99,120.56,41.93,Same Day Priority,UPI / QR,Processing
ORD-2023-12356,2023-10-18,2023-10-21,CUST-1071,Deepak Reddy,Consumer,North,Jaipur,Technology,Laptops & Desktops,1064.57,1,1064.57,0.2,212.91,851.66,766.83,84.83,9.96,Freight Saver,Corporate Purchase Order,Delivered
ORD-2023-10176,2023-10-19,2023-10-21,CUST-1069,Rahul Patel,Home Office,West,Surat,Furniture,Office Chairs,229.05,3,687.1500000000001,0.1,68.72,618.43,493.65,124.78,20.18,Freight Saver,Corporate Purchase Order,Delivered
ORD-2024-11069,2023-10-19,2023-10-20,CUST-1059,Deepak Nair,Home Office,West,Ahmedabad,Furniture,Conference Tables,1169.82,1,1169.82,0.0,0.0,1169.82,1037.58,132.24,11.3,Standard Delivery,Credit Card,Delivered
ORD-2025-11074,2023-10-19,2023-10-22,CUST-1051,Karan Saxena,Corporate,North,Dehradun,Technology,Printers & Scanners,249.11,1,249.11,0.0,0.0,249.11,215.91,33.2,13.33,Freight Saver,Cash on Delivery,Delivered
ORD-2025-11810,2023-10-20,2023-10-21,CUST-1074,Shweta Rao,Corporate,East,Bhubaneswar,Technology,Smartphones & Tablets,366.28,1,366.28,0.1,36.63,329.65,294.29,35.36,10.73,Standard Delivery,Net Banking,Delivered
ORD-2023-11188,2023-10-22,2023-10-23,CUST-1044,Sanjay Menon,Corporate,South,Chennai,Furniture,Bookcases & Shelving,298.9,1,298.9,0.0,0.0,0.0,231.7,-34.75,22.48,Same Day Priority,UPI / QR,Returned
ORD-2023-11700,2023-10-22,2023-10-26,CUST-1052,Isha Sharma,Home Office,South,Coimbatore,Furniture,Conference Tables,369.54,3,1108.62,0.15,166.29,942.33,906.79,35.54,3.77,Standard Delivery,UPI / QR,Delivered
ORD-2024-10569,2023-10-23,2023-10-27,CUST-1034,Swati Joshi,Consumer,South,Chennai,Furniture,Bookcases & Shelving,188.56,1,188.56,0.1,18.86,169.7,145.09,24.61,14.5,Express Air,Cash on Delivery,Delivered
ORD-2023-11004,2023-10-23,2023-10-25,CUST-1008,Aarav Choudhury,Consumer,West,Mumbai,Technology,Smartphones & Tablets,657.35,1,657.35,0.0,0.0,657.35,529.55,127.8,19.44,Same Day Priority,UPI / QR,Delivered
ORD-2023-11496,2023-10-23,2023-10-24,CUST-1071,Deepak Reddy,Consumer,Central,Raipur,Technology,Printers & Scanners,217.96,1,217.96,0.0,0.0,217.96,171.46,46.5,21.33,Freight Saver,Credit Card,Delivered
ORD-2026-10059,2023-10-24,2023-10-31,CUST-1139,Alok Choudhury,Corporate,East,Bhubaneswar,Technology,Laptops & Desktops,810.89,1,810.89,0.15,121.63,689.26,617.18,72.08,10.46,Standard Delivery,Credit Card,Delivered
ORD-2023-11388,2023-10-24,2023-10-25,CUST-1031,Sunita Singh,Consumer,Central,Bhopal,Technology,Laptops & Desktops,1839.35,2,3678.7,0.0,0.0,3678.7,2651.17,1027.53,27.93,Freight Saver,Net Banking,Delivered
ORD-2024-12005,2023-10-24,2023-10-25,CUST-1072,Swati Malhotra,Home Office,Central,Indore,Technology,Smartphones & Tablets,683.68,1,683.68,0.0,0.0,683.68,538.16,145.52,21.28,Same Day Priority,Corporate Purchase Order,Processing
ORD-2023-10356,2023-10-25,2023-10-28,CUST-1145,Swati Iyer,Home Office,South,Hyderabad,Technology,Laptops & Desktops,894.62,3,2683.86,0.0,0.0,2683.86,2192.85,491.01,18.29,Same Day Priority,Corporate Purchase Order,Delivered
ORD-2025-10442,2023-10-25,2023-10-30,CUST-1082,Naveen Choudhury,Consumer,South,Bengaluru,Office Supplies,Writing Instruments,17.59,1,17.59,0.15,2.64,14.95,8.9,6.05,40.47,Express Air,Cash on Delivery,Processing
ORD-2026-10723,2023-10-25,2023-10-28,CUST-1032,Karan Kulkarni,Corporate,North,Jaipur,Furniture,Bookcases & Shelving,156.27,2,312.54,0.0,0.0,312.54,266.31,46.23,14.79,Standard Delivery,Corporate Purchase Order,Delivered
ORD-2026-10087,2023-10-27,2023-10-28,CUST-1074,Shweta Rao,Corporate,West,Pune,Office Supplies,Storage Solutions,67.62,1,67.62,0.0,0.0,67.62,51.5,16.12,23.84,Express Air,Cash on Delivery,Processing
ORD-2026-12327,2023-10-27,2023-10-30,CUST-1120,Shweta Singh,Corporate,South,Kochi,Furniture,Executive Desks,712.17,8,5697.36,0.0,0.0,5697.36,4793.88,903.48,15.86,Freight Saver,Credit Card,Processing
ORD-2026-10979,2023-10-28,2023-11-02,CUST-1025,Siddharth Iyer,Corporate,North,Chandigarh,Office Supplies,Storage Solutions,61.04,1,61.04,0.0,0.0,61.04,42.53,18.51,30.32,Same Day Priority,Corporate Purchase Order,Shipped
ORD-2026-11167,2023-10-28,2023-10-30,CUST-1027,Kavita Bose,Consumer,East,Kolkata,Office Supplies,Writing Instruments,15.96,3,47.88,0.15,7.18,40.7,24.39,16.31,40.07,Express Air,UPI / QR,Delivered
ORD-2025-11330,2023-10-28,2023-10-29,CUST-1100,Karan Singh,Consumer,North,New Delhi,Technology,Printers & Scanners,406.23,2,812.46,0.1,81.25,731.21,682.65,48.56,6.64,Freight Saver,Cash on Delivery,Delivered
ORD-2026-11639,2023-10-28,2023-11-01,CUST-1018,Karan Choudhury,Consumer,East,Bhubaneswar,Office Supplies,Writing Instruments,19.35,2,38.7,0.0,0.0,0.0,26.18,-3.93,32.35,Express Air,Cash on Delivery,Returned
ORD-2026-10747,2023-10-29,2023-10-31,CUST-1039,Tanvi Kulkarni,Home Office,Central,Nagpur,Furniture,Executive Desks,427.73,1,427.73,0.15,64.16,363.57,383.96,-20.39,-5.61,Standard Delivery,Credit Card,Delivered
ORD-2025-11282,2023-10-29,2023-11-01,CUST-1043,Sunita Menon,Corporate,North,Chandigarh,Furniture,Executive Desks,751.56,4,3006.24,0.0,0.0,3006.24,2511.68,494.56,16.45,Freight Saver,Cash on Delivery,Delivered
ORD-2024-11729,2023-10-29,2023-11-01,CUST-1060,Preeti Mehta,Home Office,North,Dehradun,Technology,Smartphones & Tablets,868.54,1,868.54,0.15,130.28,738.26,709.47,28.79,3.9,Same Day Priority,Net Banking,Processing
ORD-2025-10210,2023-10-30,2023-11-01,CUST-1037,Vikram Menon,Home Office,North,Dehradun,Office Supplies,Paper & Envelopes,21.82,5,109.1,0.0,0.0,109.1,74.17,34.93,32.02,Same Day Priority,Net Banking,Delivered
ORD-2023-10944,2023-10-30,2023-10-31,CUST-1091,Ritu Deshmukh,Consumer,North,Jaipur,Furniture,Office Chairs,344.04,2,688.08,0.1,68.81,619.27,487.57,131.7,21.27,Freight Saver,Credit Card,Processing
ORD-2023-11356,2023-10-30,2023-11-02,CUST-1080,Ananya Singh,Consumer,North,Dehradun,Furniture,Conference Tables,653.22,1,653.22,0.0,0.0,653.22,572.26,80.96,12.39,Express Air,Net Banking,Delivered
ORD-2026-11559,2023-10-30,2023-11-03,CUST-1048,Rohan Nair,Home Office,Central,Jabalpur,Office Supplies,Paper & Envelopes,24.6,1,24.6,0.0,0.0,24.6,15.03,9.57,38.9,Freight Saver,Credit Card,Delivered
ORD-2024-12345,2023-10-30,2023-11-01,CUST-1053,Sunita Mehta,Home Office,South,Coimbatore,Office Supplies,Writing Instruments,4.36,4,17.44,0.1,1.74,15.7,10.11,5.59,35.61,Standard Delivery,Credit Card,Shipped
ORD-2025-10062,2023-10-31,2023-11-01,CUST-1071,Deepak Reddy,Consumer,Central,Jabalpur,Furniture,Bookcases & Shelving,208.08,2,416.16,0.0,0.0,0.0,340.97,-51.15,18.07,Freight Saver,UPI / QR,Returned
ORD-2023-10368,2023-10-31,2023-11-01,CUST-1090,Tanvi Singh,Corporate,North,Chandigarh,Office Supplies,Writing Instruments,10.95,1,10.95,0.0,0.0,10.95,5.49,5.46,49.86,Express Air,Net Banking,Shipped
ORD-2024-10437,2023-10-31,2023-11-02,CUST-1053,Sunita Mehta,Home Office,Central,Bhopal,Technology,Smartphones & Tablets,679.12,1,679.12,0.1,67.91,611.21,575.79,35.42,5.8,Express Air,UPI / QR,Delivered
ORD-2025-10570,2023-11-01,2023-11-03,CUST-1014,Deepak Joshi,Consumer,East,Bhubaneswar,Office Supplies,Storage Solutions,44.88,1,44.88,0.05,2.24,42.64,31.44,11.2,26.27,Standard Delivery,Credit Card,Shipped
ORD-2025-11250,2023-11-01,2023-11-02,CUST-1074,Shweta Rao,Corporate,North,Lucknow,Furniture,Bookcases & Shelving,166.95,3,500.85,0.1,50.09,450.76,414.49,36.27,8.05,Express Air,Cash on Delivery,Processing
ORD-2024-11529,2023-11-01,2023-11-03,CUST-1090,Tanvi Singh,Corporate,Central,Raipur,Technology,Printers & Scanners,390.64,1,390.64,0.0,0.0,390.64,339.8,50.84,13.01,Express Air,Corporate Purchase Order,Processing
ORD-2025-10382,2023-11-02,2023-11-03,CUST-1030,Rajesh Nair,Home Office,North,Dehradun,Furniture,Office Chairs,156.43,1,156.43,0.0,0.0,156.43,129.64,26.79,17.13,Same Day Priority,Cash on Delivery,Delivered
ORD-2026-11227,2023-11-02,2023-11-05,CUST-1043,Sunita Menon,Corporate,Central,Nagpur,Furniture,Office Chairs,192.03,2,384.06,0.1,38.41,345.65,284.11,61.54,17.8,Express Air,UPI / QR,Shipped
ORD-2025-11346,2023-11-02,2023-11-03,CUST-1034,Swati Joshi,Consumer,South,Kochi,Furniture,Executive Desks,721.59,1,721.59,0.0,0.0,721.59,628.44,93.15,12.91,Express Air,Cash on Delivery,Delivered
ORD-2026-11451,2023-11-02,2023-11-07,CUST-1115,Naveen Malhotra,Home Office,East,Kolkata,Technology,Smartphones & Tablets,336.74,1,336.74,0.0,0.0,0.0,263.37,-39.51,21.79,Standard Delivery,Cash on Delivery,Returned
ORD-2025-10310,2023-11-03,2023-11-05,CUST-1003,Neha Reddy,Home Office,South,Kochi,Furniture,Bookcases & Shelving,333.45,1,333.45,0.05,16.67,316.78,270.71,46.07,14.54,Freight Saver,UPI / QR,Processing
ORD-2023-11232,2023-11-03,2023-11-06,CUST-1073,Sneha Iyer,Home Office,South,Bengaluru,Technology,Laptops & Desktops,1863.74,2,3727.48,0.1,372.75,3354.73,3004.12,350.61,10.45,Same Day Priority,UPI / QR,Shipped
ORD-2026-12363,2023-11-04,2023-11-05,CUST-1093,Meera Bose,Corporate,South,Hyderabad,Technology,Laptops & Desktops,901.47,1,901.47,0.0,0.0,901.47,656.4,245.07,27.19,Standard Delivery,Net Banking,Shipped
ORD-2025-10478,2023-11-05,2023-11-08,CUST-1077,Pooja Kulkarni,Home Office,West,Surat,Technology,Laptops & Desktops,1614.28,3,4842.84,0.0,0.0,4842.84,3832.12,1010.72,20.87,Express Air,Net Banking,Processing
ORD-2024-10977,2023-11-05,2023-11-10,CUST-1079,Sanjay Saxena,Corporate,North,Jaipur,Furniture,Bookcases & Shelving,270.87,3,812.61,0.05,40.63,771.98,646.49,125.49,16.26,Same Day Priority,Net Banking,Delivered
ORD-2025-11258,2023-11-05,2023-11-07,CUST-1101,Karan Choudhury,Consumer,Central,Raipur,Furniture,Office Chairs,178.84,2,357.68,0.0,0.0,357.68,297.7,59.98,16.77,Standard Delivery,Cash on Delivery,Delivered
ORD-2026-12351,2023-11-05,2023-11-06,CUST-1073,Sneha Iyer,Home Office,East,Guwahati,Furniture,Office Chairs,392.95,4,1571.8,0.1,157.18,1414.62,1186.72,227.9,16.11,Freight Saver,Cash on Delivery,Delivered
ORD-2024-11417,2023-11-06,2023-11-08,CUST-1065,Divya Joshi,Corporate,East,Bhubaneswar,Furniture,Office Chairs,262.78,1,262.78,0.0,0.0,262.78,203.96,58.82,22.38,Freight Saver,Net Banking,Delivered
ORD-2026-10411,2023-11-07,2023-11-10,CUST-1101,Karan Choudhury,Consumer,Central,Bhopal,Furniture,Conference Tables,899.86,1,899.86,0.1,89.99,809.87,736.78,73.09,9.02,Standard Delivery,Cash on Delivery,Delivered
ORD-2025-10926,2023-11-07,2023-11-08,CUST-1037,Vikram Menon,Home Office,East,Patna,Technology,Laptops & Desktops,1432.99,2,2865.98,0.1,286.6,2579.38,2178.59,400.79,15.54,Express Air,Corporate Purchase Order,Delivered
ORD-2023-11424,2023-11-07,2023-11-09,CUST-1081,Rahul Joshi,Consumer,Central,Raipur,Technology,Smartphones & Tablets,670.62,3,2011.86,0.0,0.0,2011.86,1627.88,383.98,19.09,Same Day Priority,Credit Card,Delivered
ORD-2025-12270,2023-11-07,2023-11-08,CUST-1111,Vikram Chopra,Consumer,West,Surat,Technology,Audio & Accessories,195.55,3,586.6500000000001,0.1,58.67,527.98,431.87,96.11,18.2,Freight Saver,UPI / QR,Delivered
ORD-2024-11369,2023-11-08,2023-11-10,CUST-1046,Amit Malhotra,Consumer,South,Bengaluru,Technology,Audio & Accessories,108.73,3,326.19,0.0,0.0,326.19,216.89,109.3,33.51,Same Day Priority,Credit Card,Shipped
ORD-2023-11816,2023-11-08,2023-11-11,CUST-1050,Siddharth Kulkarni,Home Office,North,New Delhi,Technology,Smartphones & Tablets,662.84,1,662.84,0.2,132.57,530.27,525.65,4.62,0.87,Express Air,Credit Card,Processing
ORD-2023-11868,2023-11-08,2023-11-10,CUST-1127,Aditya Kulkarni,Consumer,West,Ahmedabad,Technology,Smartphones & Tablets,1029.71,1,1029.71,0.1,102.97,926.74,872.72,54.02,5.83,Standard Delivery,UPI / QR,Processing
ORD-2023-10828,2023-11-09,2023-11-10,CUST-1056,Pooja Deshmukh,Consumer,East,Bhubaneswar,Technology,Laptops & Desktops,802.73,2,1605.46,0.1,160.55,1444.91,1255.0,189.91,13.14,Same Day Priority,Cash on Delivery,Processing
ORD-2024-11377,2023-11-09,2023-11-10,CUST-1042,Isha Choudhury,Corporate,Central,Bhopal,Furniture,Bookcases & Shelving,168.66,1,168.66,0.05,8.43,160.23,134.85,25.38,15.84,Express Air,Credit Card,Delivered
ORD-2024-11725,2023-11-09,2023-11-14,CUST-1083,Naveen Singh,Consumer,North,Chandigarh,Furniture,Conference Tables,480.91,2,961.82,0.0,0.0,961.82,775.77,186.05,19.34,Standard Delivery,UPI / QR,Shipped
ORD-2026-10023,2023-11-10,2023-11-12,CUST-1134,Sanjay Singh,Corporate,East,Guwahati,Office Supplies,Storage Solutions,69.16,3,207.48,0.05,10.37,197.11,155.95,41.16,20.88,Express Air,UPI / QR,Delivered
ORD-2026-11079,2023-11-10,2023-11-15,CUST-1139,Alok Choudhury,Corporate,Central,Nagpur,Furniture,Conference Tables,832.19,1,832.19,0.0,0.0,0.0,735.45,-110.32,11.62,Freight Saver,UPI / QR,Returned
ORD-2023-11704,2023-11-10,2023-11-12,CUST-1029,Preeti Patel,Home Office,South,Hyderabad,Technology,Audio & Accessories,119.53,1,119.53,0.2,23.91,0.0,78.55,-11.78,17.85,Same Day Priority,Corporate Purchase Order,Returned
ORD-2023-10272,2023-11-11,2023-11-12,CUST-1085,Rahul Verma,Corporate,North,New Delhi,Technology,Smartphones & Tablets,935.37,2,1870.74,0.05,93.54,1777.2,1547.54,229.66,12.92,Same Day Priority,Corporate Purchase Order,Delivered
ORD-2025-10638,2023-11-11,2023-11-13,CUST-1112,Priya Menon,Home Office,West,Mumbai,Office Supplies,Binders & Organizers,7.33,1,7.33,0.0,0.0,7.33,3.96,3.37,45.98,Standard Delivery,Net Banking,Processing
ORD-2026-11751,2023-11-11,2023-11-12,CUST-1105,Vikram Kulkarni,Consumer,West,Mumbai,Technology,Laptops & Desktops,1009.75,3,3029.25,0.05,151.46,2877.79,2478.2,399.59,13.89,Freight Saver,Corporate Purchase Order,Delivered
ORD-2026-10379,2023-11-12,2023-11-13,CUST-1124,Swati Menon,Home Office,Central,Nagpur,Office Supplies,Binders & Organizers,28.08,1,28.08,0.25,7.02,21.06,15.35,5.71,27.11,Express Air,Credit Card,Processing
ORD-2025-10986,2023-11-12,2023-11-14,CUST-1061,Pooja Saxena,Home Office,North,New Delhi,Technology,Laptops & Desktops,1778.41,1,1778.41,0.2,355.68,0.0,1445.78,-216.87,-1.62,Freight Saver,Net Banking,Returned
ORD-2025-12102,2023-11-12,2023-11-13,CUST-1144,Vikram Joshi,Consumer,West,Goa,Office Supplies,Storage Solutions,81.59,2,163.18,0.0,0.0,163.18,125.9,37.28,22.85,Express Air,Corporate Purchase Order,Delivered
ORD-2024-12433,2023-11-12,2023-11-14,CUST-1057,Karan Sharma,Home Office,East,Kolkata,Office Supplies,Storage Solutions,65.94,1,65.94,0.1,6.59,0.0,52.55,-7.88,11.46,Same Day Priority,UPI / QR,Returned
ORD-2023-10056,2023-11-13,2023-11-17,CUST-1026,Rajesh Bose,Consumer,West,Goa,Furniture,Bookcases & Shelving,100.14,1,100.14,0.05,5.01,95.13,76.7,18.43,19.37,Same Day Priority,UPI / QR,Processing
ORD-2026-10951,2023-11-13,2023-11-15,CUST-1147,Rahul Deshmukh,Corporate,South,Kochi,Furniture,Executive Desks,580.5,3,1741.5,0.05,87.08,1654.42,1404.85,249.57,15.09,Standard Delivery,Net Banking,Delivered
ORD-2023-11544,2023-11-13,2023-11-14,CUST-1052,Isha Sharma,Home Office,Central,Jabalpur,Furniture,Conference Tables,639.01,2,1278.02,0.0,0.0,1278.02,1124.92,153.1,11.98,Same Day Priority,Credit Card,Delivered
ORD-2026-10331,2023-11-14,2023-11-16,CUST-1068,Priya Singh,Home Office,Central,Nagpur,Furniture,Conference Tables,1193.71,4,4774.84,0.1,477.48,4297.36,4123.52,173.84,4.05,Express Air,Net Banking,Processing
ORD-2026-10939,2023-11-14,2023-11-17,CUST-1071,Deepak Reddy,Consumer,North,Lucknow,Technology,Smartphones & Tablets,496.28,1,496.28,0.1,49.63,446.65,411.12,35.53,7.95,Standard Delivery,Net Banking,Delivered
ORD-2025-12434,2023-11-14,2023-11-19,CUST-1040,Karan Reddy,Corporate,West,Pune,Furniture,Conference Tables,764.51,3,2293.53,0.2,458.71,1834.82,1876.79,-41.97,-2.29,Standard Delivery,Credit Card,Delivered
ORD-2023-12460,2023-11-14,2023-11-15,CUST-1063,Deepak Nair,Home Office,North,Dehradun,Technology,Audio & Accessories,72.31,1,72.31,0.05,3.62,68.69,48.29,20.4,29.7,Freight Saver,UPI / QR,Delivered
ORD-2024-11553,2023-11-15,2023-11-17,CUST-1150,Aditya Nair,Home Office,West,Mumbai,Technology,Smartphones & Tablets,741.45,1,741.45,0.1,74.15,0.0,566.15,-84.92,15.16,Express Air,Cash on Delivery,Returned
ORD-2025-12122,2023-11-15,2023-11-16,CUST-1041,Rohan Singh,Home Office,East,Guwahati,Technology,Printers & Scanners,236.13,1,236.13,0.15,35.42,200.71,202.25,-1.54,-0.77,Standard Delivery,Net Banking,Delivered
ORD-2023-11236,2023-11-16,2023-11-17,CUST-1124,Swati Menon,Home Office,North,Lucknow,Technology,Smartphones & Tablets,683.45,2,1366.9,0.0,0.0,1366.9,1139.13,227.77,16.66,Standard Delivery,Corporate Purchase Order,Processing
ORD-2026-11295,2023-11-18,2023-11-23,CUST-1146,Tanvi Iyer,Consumer,South,Chennai,Furniture,Office Chairs,343.33,2,686.66,0.0,0.0,686.66,568.65,118.01,17.19,Standard Delivery,UPI / QR,Delivered
ORD-2026-10211,2023-11-19,2023-11-22,CUST-1112,Priya Menon,Home Office,West,Ahmedabad,Technology,Audio & Accessories,67.95,2,135.9,0.0,0.0,135.9,93.59,42.31,31.13,Same Day Priority,Credit Card,Delivered
ORD-2026-11131,2023-11-19,2023-11-20,CUST-1040,Karan Reddy,Corporate,West,Mumbai,Furniture,Executive Desks,399.61,2,799.22,0.05,39.96,759.26,638.12,121.14,15.96,Same Day Priority,Corporate Purchase Order,Delivered
ORD-2023-10424,2023-11-20,2023-11-23,CUST-1125,Amit Joshi,Corporate,Central,Bhopal,Technology,Smartphones & Tablets,877.12,2,1754.24,0.0,0.0,0.0,1456.24,-218.44,16.99,Same Day Priority,Credit Card,Returned
ORD-2025-10770,2023-11-20,2023-11-25,CUST-1020,Isha Chopra,Home Office,Central,Jabalpur,Technology,Audio & Accessories,97.87,1,97.87,0.1,9.79,88.08,71.23,16.85,19.13,Freight Saver,Net Banking,Processing
ORD-2024-11325,2023-11-20,2023-11-24,CUST-1013,Aditya Reddy,Consumer,North,Jaipur,Technology,Smartphones & Tablets,990.26,5,4951.3,0.2,990.26,3961.04,4036.78,-75.74,-1.91,Same Day Priority,Corporate Purchase Order,Processing
ORD-2023-12088,2023-11-20,2023-11-22,CUST-1063,Deepak Nair,Home Office,East,Guwahati,Furniture,Conference Tables,1398.33,2,2796.66,0.05,139.83,0.0,2255.72,-338.36,15.1,Same Day Priority,Credit Card,Returned
ORD-2024-12001,2023-11-21,2023-11-26,CUST-1126,Vikram Joshi,Consumer,East,Guwahati,Furniture,Bookcases & Shelving,116.97,2,233.94,0.1,23.39,210.55,197.69,12.86,6.11,Freight Saver,Credit Card,Delivered
ORD-2026-10227,2023-11-22,2023-11-23,CUST-1130,Karan Rao,Home Office,West,Pune,Office Supplies,Paper & Envelopes,14.43,4,57.72,0.0,0.0,57.72,39.74,17.98,31.15,Standard Delivery,Corporate Purchase Order,Delivered
ORD-2025-10962,2023-11-22,2023-11-27,CUST-1126,Vikram Joshi,Consumer,North,Chandigarh,Furniture,Executive Desks,907.63,1,907.63,0.1,90.76,816.87,690.17,126.7,15.51,Freight Saver,Net Banking,Shipped
ORD-2024-12033,2023-11-22,2023-11-26,CUST-1022,Vikram Patel,Consumer,North,Dehradun,Furniture,Executive Desks,832.18,3,2496.54,0.15,374.48,2122.06,2099.22,22.84,1.08,Same Day Priority,Corporate Purchase Order,Delivered
ORD-2023-10480,2023-11-23,2023-11-25,CUST-1008,Aarav Choudhury,Consumer,East,Patna,Furniture,Executive Desks,683.22,1,683.22,0.1,68.32,614.9,534.73,80.17,13.04,Standard Delivery,UPI / QR,Delivered
ORD-2024-10925,2023-11-23,2023-11-26,CUST-1101,Karan Choudhury,Consumer,Central,Indore,Technology,Audio & Accessories,41.99,5,209.95,0.0,0.0,209.95,119.98,89.97,42.85,Standard Delivery,Cash on Delivery,Processing
ORD-2025-12174,2023-11-24,2023-11-27,CUST-1042,Isha Choudhury,Corporate,South,Coimbatore,Office Supplies,Writing Instruments,14.57,2,29.14,0.25,7.29,21.85,16.62,5.23,23.94,Same Day Priority,Credit Card,Delivered
ORD-2026-10971,2023-11-25,2023-11-27,CUST-1006,Aarav Patel,Consumer,West,Ahmedabad,Technology,Printers & Scanners,334.67,4,1338.68,0.15,200.8,1137.88,1045.85,92.03,8.09,Express Air,Net Banking,Delivered
ORD-2024-11653,2023-11-25,2023-11-28,CUST-1011,Aditya Sharma,Consumer,South,Coimbatore,Technology,Printers & Scanners,458.02,1,458.02,0.25,114.5,343.52,368.99,-25.47,-7.41,Freight Saver,Cash on Delivery,Shipped
ORD-2026-12259,2023-11-25,2023-11-28,CUST-1034,Swati Joshi,Consumer,East,Bhubaneswar,Office Supplies,Paper & Envelopes,42.87,4,171.48,0.1,17.15,154.33,97.91,56.42,36.56,Express Air,UPI / QR,Delivered
ORD-2026-10263,2023-11-26,2023-12-03,CUST-1065,Divya Joshi,Corporate,South,Bengaluru,Furniture,Bookcases & Shelving,153.24,2,306.48,0.0,0.0,306.48,253.06,53.42,17.43,Express Air,Cash on Delivery,Delivered
ORD-2023-10440,2023-11-26,2023-11-29,CUST-1074,Shweta Rao,Corporate,South,Chennai,Office Supplies,Binders & Organizers,9.84,1,9.84,0.25,2.46,7.38,5.27,2.11,28.59,Freight Saver,Net Banking,Delivered
ORD-2026-11179,2023-11-26,2023-11-28,CUST-1018,Karan Choudhury,Consumer,East,Kolkata,Technology,Audio & Accessories,41.42,1,41.42,0.0,0.0,41.42,29.14,12.28,29.65,Express Air,Net Banking,Delivered
ORD-2025-10814,2023-11-27,2023-12-02,CUST-1085,Rahul Verma,Corporate,West,Pune,Furniture,Executive Desks,905.01,1,905.01,0.0,0.0,905.01,686.85,218.16,24.11,Standard Delivery,Cash on Delivery,Delivered
ORD-2026-10991,2023-11-27,2023-11-28,CUST-1017,Aditya Verma,Home Office,West,Ahmedabad,Office Supplies,Paper & Envelopes,30.93,3,92.79,0.0,0.0,92.79,50.77,42.02,45.29,Freight Saver,UPI / QR,Processing
ORD-2025-11222,2023-11-28,2023-11-29,CUST-1064,Deepak Saxena,Consumer,Central,Raipur,Office Supplies,Storage Solutions,93.28,1,93.28,0.1,9.33,83.95,63.19,20.76,24.73,Express Air,Cash on Delivery,Shipped
ORD-2025-12138,2023-11-28,2023-11-29,CUST-1028,Swati Iyer,Home Office,West,Mumbai,Office Supplies,Binders & Organizers,15.81,4,63.24,0.15,9.49,53.75,31.53,22.22,41.34,Same Day Priority,Cash on Delivery,Processing
ORD-2026-10003,2023-11-29,2023-12-06,CUST-1046,Amit Malhotra,Consumer,West,Mumbai,Technology,Audio & Accessories,163.01,1,163.01,0.1,16.3,146.71,98.29,48.42,33.0,Express Air,Net Banking,Delivered
ORD-2024-11593,2023-11-29,2023-11-30,CUST-1071,Deepak Reddy,Consumer,North,Jaipur,Furniture,Executive Desks,645.52,3,1936.56,0.1,193.66,0.0,1552.6,-232.89,10.92,Freight Saver,Credit Card,Returned
ORD-2025-11034,2023-11-30,2023-12-01,CUST-1085,Rahul Verma,Corporate,West,Mumbai,Furniture,Office Chairs,153.68,2,307.36,0.0,0.0,307.36,225.49,81.87,26.64,Express Air,Corporate Purchase Order,Delivered
ORD-2026-10311,2023-12-01,2023-12-02,CUST-1066,Aarav Mehta,Corporate,West,Mumbai,Furniture,Bookcases & Shelving,170.53,1,170.53,0.05,8.53,162.0,133.49,28.51,17.6,Same Day Priority,UPI / QR,Delivered
ORD-2024-11181,2023-12-01,2023-12-02,CUST-1029,Preeti Patel,Home Office,South,Kochi,Technology,Audio & Accessories,52.5,2,105.0,0.05,5.25,99.75,71.51,28.24,28.31,Standard Delivery,Credit Card,Delivered
ORD-2026-11579,2023-12-01,2023-12-03,CUST-1034,Swati Joshi,Consumer,North,Dehradun,Technology,Smartphones & Tablets,397.96,3,1193.88,0.15,179.08,1014.8,924.94,89.86,8.85,Standard Delivery,Credit Card,Shipped
ORD-2024-12421,2023-12-01,2023-12-02,CUST-1038,Arjun Gupta,Home Office,Central,Nagpur,Technology,Audio & Accessories,30.74,1,30.74,0.0,0.0,0.0,18.97,-2.85,38.29,Express Air,UPI / QR,Returned
ORD-2025-11678,2023-12-02,2023-12-06,CUST-1118,Shweta Nair,Consumer,West,Goa,Office Supplies,Binders & Organizers,12.75,1,12.75,0.2,2.55,10.2,6.7,3.5,34.31,Express Air,Credit Card,Processing
ORD-2025-11730,2023-12-02,2023-12-09,CUST-1059,Deepak Nair,Home Office,South,Chennai,Technology,Printers & Scanners,534.54,3,1603.62,0.0,0.0,1603.62,1355.55,248.07,15.47,Same Day Priority,Cash on Delivery,Delivered
ORD-2024-12061,2023-12-02,2023-12-03,CUST-1062,Vikram Reddy,Corporate,North,Chandigarh,Technology,Smartphones & Tablets,501.78,1,501.78,0.15,75.27,426.51,385.65,40.86,9.58,Standard Delivery,Corporate Purchase Order,Shipped
ORD-2026-10199,2023-12-03,2023-12-05,CUST-1081,Rahul Joshi,Consumer,West,Mumbai,Furniture,Executive Desks,538.94,2,1077.88,0.15,161.68,916.2,955.47,-39.27,-4.29,Same Day Priority,Cash on Delivery,Delivered
ORD-2026-11199,2023-12-03,2023-12-05,CUST-1084,Rahul Verma,Consumer,South,Coimbatore,Office Supplies,Storage Solutions,41.9,5,209.5,0.0,0.0,209.5,137.16,72.34,34.53,Express Air,Corporate Purchase Order,Shipped
ORD-2023-10588,2023-12-04,2023-12-06,CUST-1130,Karan Rao,Home Office,North,Lucknow,Technology,Printers & Scanners,321.52,3,964.56,0.15,144.68,819.88,810.55,9.33,1.14,Standard Delivery,Net Banking,Delivered
ORD-2024-10377,2023-12-06,2023-12-08,CUST-1100,Karan Singh,Consumer,South,Coimbatore,Technology,Audio & Accessories,149.9,1,149.9,0.0,0.0,149.9,100.02,49.88,33.28,Freight Saver,Credit Card,Delivered
ORD-2026-11055,2023-12-06,2023-12-10,CUST-1057,Karan Sharma,Home Office,East,Kolkata,Technology,Audio & Accessories,103.98,4,415.92,0.15,62.39,0.0,274.83,-41.22,22.26,Express Air,UPI / QR,Returned
ORD-2026-12227,2023-12-06,2023-12-07,CUST-1092,Ananya Mehta,Home Office,Central,Raipur,Technology,Smartphones & Tablets,341.85,2,683.7,0.1,68.37,615.33,567.57,47.76,7.76,Same Day Priority,Cash on Delivery,Delivered
ORD-2023-12304,2023-12-06,2023-12-08,CUST-1147,Rahul Deshmukh,Corporate,Central,Bhopal,Furniture,Conference Tables,823.72,1,823.72,0.05,41.19,782.53,711.65,70.88,9.06,Express Air,Cash on Delivery,Delivered
ORD-2025-10866,2023-12-08,2023-12-11,CUST-1145,Swati Iyer,Home Office,West,Surat,Office Supplies,Paper & Envelopes,35.8,1,35.8,0.1,3.58,32.22,17.97,14.25,44.23,Freight Saver,Cash on Delivery,Delivered
ORD-2024-10593,2023-12-09,2023-12-10,CUST-1132,Vikram Saxena,Corporate,North,Jaipur,Technology,Smartphones & Tablets,799.74,5,3998.7,0.0,0.0,3998.7,3227.8,770.9,19.28,Express Air,Credit Card,Delivered
ORD-2023-10628,2023-12-11,2023-12-16,CUST-1025,Siddharth Iyer,Corporate,East,Ranchi,Technology,Laptops & Desktops,787.75,2,1575.5,0.0,0.0,1575.5,1223.56,351.94,22.34,Express Air,Corporate Purchase Order,Delivered
ORD-2026-10491,2023-12-12,2023-12-13,CUST-1110,Manish Malhotra,Consumer,Central,Nagpur,Technology,Audio & Accessories,58.92,2,117.84,0.0,0.0,117.84,75.99,41.85,35.51,Freight Saver,Corporate Purchase Order,Delivered
ORD-2025-12298,2023-12-13,2023-12-16,CUST-1121,Ananya Menon,Consumer,East,Ranchi,Furniture,Office Chairs,324.03,1,324.03,0.0,0.0,324.03,232.4,91.63,28.28,Freight Saver,Net Banking,Processing
ORD-2026-10235,2023-12-15,2023-12-19,CUST-1143,Aditya Chopra,Home Office,South,Hyderabad,Technology,Smartphones & Tablets,892.74,3,2678.2200000000003,0.05,133.91,2544.31,2032.07,512.24,20.13,Same Day Priority,UPI / QR,Delivered
ORD-2024-10881,2023-12-15,2023-12-22,CUST-1040,Karan Reddy,Corporate,Central,Jabalpur,Technology,Audio & Accessories,94.26,4,377.04,0.1,37.7,339.34,217.12,122.22,36.02,Freight Saver,Credit Card,Delivered
ORD-2026-10383,2023-12-17,2023-12-18,CUST-1087,Aditya Malhotra,Consumer,Central,Raipur,Technology,Laptops & Desktops,1353.18,2,2706.36,0.0,0.0,2706.36,2204.66,501.7,18.54,Freight Saver,Corporate Purchase Order,Delivered
ORD-2026-10739,2023-12-17,2023-12-20,CUST-1089,Preeti Menon,Home Office,East,Guwahati,Technology,Laptops & Desktops,750.79,2,1501.58,0.1,150.16,1351.42,1159.71,191.71,14.19,Same Day Priority,Credit Card,Delivered
ORD-2023-11180,2023-12-17,2023-12-18,CUST-1103,Rahul Singh,Consumer,North,Lucknow,Furniture,Office Chairs,251.77,1,251.77,0.25,62.94,188.83,179.73,9.1,4.82,Standard Delivery,UPI / QR,Shipped
ORD-2023-11448,2023-12-17,2023-12-18,CUST-1009,Manish Choudhury,Corporate,South,Kochi,Technology,Printers & Scanners,167.59,1,167.59,0.05,8.38,159.21,132.37,26.84,16.86,Standard Delivery,Cash on Delivery,Delivered
ORD-2024-11873,2023-12-17,2023-12-19,CUST-1006,Aarav Patel,Consumer,West,Goa,Technology,Smartphones & Tablets,429.64,4,1718.56,0.05,85.93,1632.63,1424.55,208.08,12.75,Standard Delivery,Cash on Delivery,Delivered
ORD-2023-12072,2023-12-17,2023-12-19,CUST-1147,Rahul Deshmukh,Corporate,West,Ahmedabad,Technology,Laptops & Desktops,967.7,3,2903.1000000000004,0.0,0.0,2903.1,2225.36,677.74,23.35,Same Day Priority,Net Banking,Processing
ORD-2024-10581,2023-12-18,2023-12-19,CUST-1142,Sunita Choudhury,Consumer,South,Bengaluru,Office Supplies,Storage Solutions,27.55,1,27.55,0.2,5.51,22.04,20.45,1.59,7.21,Express Air,Credit Card,Delivered
ORD-2023-10892,2023-12-18,2023-12-22,CUST-1041,Rohan Singh,Home Office,East,Guwahati,Office Supplies,Storage Solutions,99.08,1,99.08,0.2,19.82,79.26,72.25,7.01,8.84,Same Day Priority,Net Banking,Delivered
ORD-2025-10870,2023-12-19,2023-12-22,CUST-1026,Rajesh Bose,Consumer,West,Goa,Furniture,Conference Tables,821.84,2,1643.68,0.1,164.37,1479.31,1456.54,22.77,1.54,Standard Delivery,Cash on Delivery,Shipped
ORD-2025-10838,2023-12-21,2023-12-24,CUST-1001,Rajesh Mehta,Consumer,East,Patna,Furniture,Office Chairs,206.34,2,412.68,0.1,41.27,371.41,315.73,55.68,14.99,Freight Saver,UPI / QR,Delivered
ORD-2025-11398,2023-12-21,2023-12-22,CUST-1123,Divya Patel,Corporate,North,Lucknow,Technology,Audio & Accessories,62.76,2,125.52,0.15,18.83,106.69,84.84,21.85,20.48,Freight Saver,Cash on Delivery,Delivered
ORD-2024-10549,2023-12-22,2023-12-24,CUST-1126,Vikram Joshi,Consumer,West,Goa,Technology,Laptops & Desktops,1461.84,4,5847.36,0.15,877.1,0.0,4534.52,-680.18,8.77,Standard Delivery,Net Banking,Returned
ORD-2023-10684,2023-12-22,2023-12-24,CUST-1003,Neha Reddy,Home Office,West,Surat,Furniture,Conference Tables,987.28,3,2961.84,0.2,592.37,2369.47,2517.01,-147.54,-6.23,Express Air,Corporate Purchase Order,Delivered
ORD-2023-11204,2023-12-22,2023-12-24,CUST-1055,Deepak Joshi,Consumer,West,Surat,Office Supplies,Paper & Envelopes,16.81,1,16.81,0.15,2.52,14.29,11.61,2.68,18.75,Same Day Priority,Credit Card,Processing
ORD-2026-12395,2023-12-22,2023-12-23,CUST-1131,Ananya Patel,Home Office,West,Goa,Furniture,Executive Desks,871.85,4,3487.4,0.1,348.74,3138.66,2893.34,245.32,7.82,Same Day Priority,Net Banking,Processing
ORD-2026-10567,2023-12-23,2023-12-24,CUST-1068,Priya Singh,Home Office,South,Hyderabad,Office Supplies,Binders & Organizers,10.36,1,10.36,0.15,1.55,8.81,4.85,3.96,44.95,Standard Delivery,Credit Card,Delivered
ORD-2026-10911,2023-12-24,2023-12-29,CUST-1039,Tanvi Kulkarni,Home Office,South,Hyderabad,Office Supplies,Paper & Envelopes,37.1,1,37.1,0.0,0.0,37.1,22.97,14.13,38.09,Same Day Priority,Net Banking,Shipped
ORD-2023-12044,2023-12-25,2023-12-26,CUST-1086,Rahul Saxena,Consumer,South,Bengaluru,Furniture,Conference Tables,1187.92,3,3563.76,0.0,0.0,3563.76,3146.13,417.63,11.72,Standard Delivery,Credit Card,Delivered
ORD-2023-10596,2023-12-26,2023-12-29,CUST-1082,Naveen Choudhury,Consumer,West,Mumbai,Technology,Printers & Scanners,322.07,2,644.14,0.0,0.0,644.14,529.0,115.14,17.87,Standard Delivery,Credit Card,Delivered
ORD-2026-11567,2023-12-26,2023-12-31,CUST-1109,Sunita Choudhury,Home Office,Central,Bhopal,Technology,Smartphones & Tablets,449.74,4,1798.96,0.1,179.9,1619.06,1350.14,268.92,16.61,Standard Delivery,UPI / QR,Delivered
ORD-2026-11939,2023-12-26,2023-12-27,CUST-1045,Kavita Singh,Consumer,South,Kochi,Technology,Printers & Scanners,344.75,2,689.5,0.25,172.38,517.12,565.39,-48.27,-9.33,Express Air,Cash on Delivery,Delivered
ORD-2025-10122,2023-12-27,2024-01-01,CUST-1010,Neha Kapoor,Home Office,West,Surat,Technology,Audio & Accessories,179.05,1,179.05,0.05,8.95,170.1,130.45,39.65,23.31,Same Day Priority,Net Banking,Delivered
ORD-2023-10700,2023-12-27,2023-12-28,CUST-1018,Karan Choudhury,Consumer,East,Ranchi,Technology,Printers & Scanners,542.08,2,1084.16,0.1,108.42,975.74,925.93,49.81,5.1,Standard Delivery,UPI / QR,Delivered
ORD-2025-11366,2023-12-27,2023-12-29,CUST-1130,Karan Rao,Home Office,West,Ahmedabad,Technology,Printers & Scanners,171.87,2,343.74,0.1,34.37,309.37,296.87,12.5,4.04,Standard Delivery,Cash on Delivery,Delivered
ORD-2024-11565,2023-12-27,2023-12-28,CUST-1038,Arjun Gupta,Home Office,West,Mumbai,Technology,Laptops & Desktops,1937.47,3,5812.41,0.1,581.24,5231.17,4481.31,749.86,14.33,Standard Delivery,Corporate Purchase Order,Delivered
ORD-2024-11753,2023-12-27,2023-12-28,CUST-1097,Neha Gupta,Consumer,South,Bengaluru,Technology,Laptops & Desktops,1960.54,1,1960.54,0.0,0.0,1960.54,1502.91,457.63,23.34,Express Air,Credit Card,Shipped
ORD-2025-12218,2023-12-28,2023-12-29,CUST-1013,Aditya Reddy,Consumer,South,Hyderabad,Furniture,Conference Tables,537.99,3,1613.97,0.1,161.4,1452.57,1339.06,113.51,7.81,Express Air,UPI / QR,Delivered
ORD-2024-10841,2023-12-29,2024-01-05,CUST-1067,Sanjay Chopra,Consumer,West,Ahmedabad,Technology,Audio & Accessories,128.38,1,128.38,0.1,12.84,0.0,84.74,-12.71,26.66,Express Air,UPI / QR,Returned
ORD-2026-10291,2023-12-30,2024-01-01,CUST-1010,Neha Kapoor,Home Office,Central,Jabalpur,Office Supplies,Paper & Envelopes,25.84,1,25.84,0.1,2.58,23.26,13.81,9.45,40.63,Freight Saver,Cash on Delivery,Delivered
ORD-2024-11497,2023-12-30,2024-01-01,CUST-1127,Aditya Kulkarni,Consumer,East,Bhubaneswar,Technology,Laptops & Desktops,1024.02,4,4096.08,0.1,409.61,3686.47,3271.14,415.33,11.27,Freight Saver,UPI / QR,Delivered
ORD-2026-10851,2023-12-31,2024-01-03,CUST-1095,Priya Mehta,Consumer,East,Patna,Furniture,Office Chairs,305.91,3,917.73,0.2,183.55,734.18,691.2,42.98,5.85,Express Air,Corporate Purchase Order,Delivered
ORD-2025-11922,2023-12-31,2024-01-03,CUST-1107,Siddharth Iyer,Corporate,North,Lucknow,Furniture,Conference Tables,600.61,4,2402.44,0.05,120.12,0.0,2140.89,-321.13,6.2,Express Air,Cash on Delivery,Returned
ORD-2023-10132,2024-01-01,2024-01-08,CUST-1101,Karan Choudhury,Consumer,Central,Indore,Office Supplies,Binders & Organizers,30.04,3,90.12,0.25,22.53,67.59,50.23,17.36,25.68,Freight Saver,Cash on Delivery,Delivered
ORD-2023-12284,2024-01-01,2024-01-03,CUST-1080,Ananya Singh,Consumer,South,Kochi,Office Supplies,Paper & Envelopes,23.32,1,23.32,0.0,0.0,23.32,14.52,8.8,37.74,Standard Delivery,Credit Card,Delivered
ORD-2024-10833,2024-01-02,2024-01-07,CUST-1003,Neha Reddy,Home Office,South,Kochi,Technology,Smartphones & Tablets,304.49,1,304.49,0.0,0.0,304.49,247.58,56.91,18.69,Same Day Priority,Cash on Delivery,Delivered
ORD-2025-10890,2024-01-02,2024-01-03,CUST-1111,Vikram Chopra,Consumer,East,Kolkata,Office Supplies,Storage Solutions,57.53,2,115.06,0.15,17.26,97.8,88.71,9.09,9.29,Standard Delivery,Credit Card,Delivered
ORD-2025-10586,2024-01-03,2024-01-07,CUST-1111,Vikram Chopra,Consumer,West,Surat,Office Supplies,Binders & Organizers,25.96,1,25.96,0.1,2.6,23.36,16.65,6.71,28.72,Express Air,Net Banking,Processing
ORD-2024-10853,2024-01-03,2024-01-04,CUST-1133,Rohan Bose,Consumer,North,Lucknow,Office Supplies,Writing Instruments,18.41,1,18.41,0.15,2.76,15.65,9.93,5.72,36.55,Standard Delivery,Credit Card,Delivered
ORD-2025-10206,2024-01-04,2024-01-05,CUST-1057,Karan Sharma,Home Office,North,Jaipur,Technology,Printers & Scanners,388.24,3,1164.72,0.25,291.18,873.54,911.51,-37.97,-4.35,Standard Delivery,Credit Card,Processing
ORD-2026-10363,2024-01-04,2024-01-07,CUST-1140,Preeti Mehta,Consumer,South,Kochi,Furniture,Conference Tables,378.65,2,757.3,0.15,113.59,643.71,613.73,29.98,4.66,Freight Saver,UPI / QR,Delivered
ORD-2025-10238,2024-01-05,2024-01-08,CUST-1125,Amit Joshi,Corporate,East,Bhubaneswar,Technology,Laptops & Desktops,607.54,1,607.54,0.1,60.75,0.0,487.94,-73.19,10.76,Express Air,Corporate Purchase Order,Returned
ORD-2024-10493,2024-01-05,2024-01-07,CUST-1038,Arjun Gupta,Home Office,North,Jaipur,Office Supplies,Binders & Organizers,23.53,4,94.12,0.0,0.0,94.12,48.3,45.82,48.68,Freight Saver,UPI / QR,Delivered
ORD-2024-10933,2024-01-06,2024-01-07,CUST-1085,Rahul Verma,Corporate,North,Jaipur,Office Supplies,Paper & Envelopes,34.98,3,104.94,0.0,0.0,104.94,56.28,48.66,46.37,Same Day Priority,Net Banking,Delivered
ORD-2023-12292,2024-01-07,2024-01-09,CUST-1091,Ritu Deshmukh,Consumer,East,Patna,Furniture,Conference Tables,841.91,1,841.91,0.0,0.0,0.0,750.6,-112.59,10.85,Freight Saver,Net Banking,Returned
ORD-2025-10902,2024-01-08,2024-01-11,CUST-1087,Aditya Malhotra,Consumer,West,Goa,Office Supplies,Storage Solutions,109.49,1,109.49,0.0,0.0,109.49,77.35,32.14,29.35,Freight Saver,UPI / QR,Delivered
ORD-2023-11484,2024-01-08,2024-01-10,CUST-1041,Rohan Singh,Home Office,Central,Jabalpur,Furniture,Conference Tables,821.34,1,821.34,0.0,0.0,0.0,724.66,-108.7,11.77,Standard Delivery,Corporate Purchase Order,Returned
ORD-2023-10092,2024-01-09,2024-01-13,CUST-1017,Aditya Verma,Home Office,West,Mumbai,Technology,Laptops & Desktops,1865.77,4,7463.08,0.0,0.0,7463.08,5888.31,1574.77,21.1,Freight Saver,Cash on Delivery,Delivered
ORD-2024-10509,2024-01-09,2024-01-13,CUST-1012,Manish Deshmukh,Corporate,North,Lucknow,Office Supplies,Writing Instruments,10.59,3,31.77,0.1,3.18,0.0,19.38,-2.91,32.21,Same Day Priority,Net Banking,Returned
ORD-2026-10683,2024-01-09,2024-01-11,CUST-1036,Siddharth Iyer,Consumer,Central,Nagpur,Furniture,Bookcases & Shelving,227.63,2,455.26,0.0,0.0,455.26,394.55,60.71,13.34,Standard Delivery,UPI / QR,Shipped
ORD-2023-12412,2024-01-09,2024-01-10,CUST-1103,Rahul Singh,Consumer,North,Chandigarh,Furniture,Executive Desks,340.7,2,681.4,0.0,0.0,681.4,547.37,134.03,19.67,Same Day Priority,UPI / QR,Processing
ORD-2023-11820,2024-01-10,2024-01-17,CUST-1081,Rahul Joshi,Consumer,East,Bhubaneswar,Office Supplies,Binders & Organizers,19.67,3,59.010000000000005,0.1,5.9,53.11,34.65,18.46,34.76,Freight Saver,Cash on Delivery,Delivered
ORD-2025-10386,2024-01-11,2024-01-14,CUST-1085,Rahul Verma,Corporate,East,Ranchi,Furniture,Office Chairs,255.87,1,255.87,0.05,12.79,243.08,210.93,32.15,13.23,Same Day Priority,Cash on Delivery,Shipped
ORD-2025-11530,2024-01-11,2024-01-13,CUST-1001,Rajesh Mehta,Consumer,Central,Raipur,Office Supplies,Storage Solutions,113.82,5,569.0999999999999,0.15,85.36,483.74,373.95,109.79,22.7,Express Air,Net Banking,Delivered
ORD-2025-11334,2024-01-12,2024-01-14,CUST-1048,Rohan Nair,Home Office,Central,Indore,Technology,Smartphones & Tablets,546.17,4,2184.68,0.0,0.0,2184.68,1695.92,488.76,22.37,Standard Delivery,Cash on Delivery,Delivered
ORD-2025-11866,2024-01-12,2024-01-14,CUST-1112,Priya Menon,Home Office,West,Goa,Office Supplies,Paper & Envelopes,29.09,2,58.18,0.05,2.91,55.27,36.11,19.16,34.67,Freight Saver,Net Banking,Delivered
ORD-2024-10441,2024-01-13,2024-01-14,CUST-1009,Manish Choudhury,Corporate,East,Patna,Technology,Printers & Scanners,392.94,1,392.94,0.0,0.0,0.0,309.62,-46.44,21.2,Freight Saver,Corporate Purchase Order,Returned
ORD-2023-11568,2024-01-13,2024-01-16,CUST-1069,Rahul Patel,Home Office,West,Mumbai,Technology,Laptops & Desktops,1989.36,2,3978.72,0.15,596.81,3381.91,2960.38,421.53,12.46,Express Air,UPI / QR,Delivered
ORD-2025-10458,2024-01-14,2024-01-17,CUST-1008,Aarav Choudhury,Consumer,North,Chandigarh,Office Supplies,Writing Instruments,23.92,1,23.92,0.0,0.0,23.92,14.35,9.57,40.01,Express Air,Cash on Delivery,Shipped
ORD-2024-11225,2024-01-14,2024-01-15,CUST-1137,Pooja Rao,Home Office,West,Mumbai,Office Supplies,Paper & Envelopes,15.47,1,15.47,0.0,0.0,0.0,7.97,-1.2,48.48,Standard Delivery,Cash on Delivery,Returned
ORD-2025-11750,2024-01-14,2024-01-19,CUST-1111,Vikram Chopra,Consumer,East,Patna,Office Supplies,Paper & Envelopes,32.99,4,131.96,0.0,0.0,131.96,84.76,47.2,35.77,Standard Delivery,UPI / QR,Delivered
ORD-2025-11886,2024-01-14,2024-01-18,CUST-1068,Priya Singh,Home Office,South,Coimbatore,Furniture,Conference Tables,1392.03,3,4176.09,0.0,0.0,4176.09,3469.54,706.55,16.92,Same Day Priority,Corporate Purchase Order,Delivered
ORD-2026-11111,2024-01-15,2024-01-18,CUST-1146,Tanvi Iyer,Consumer,North,New Delhi,Furniture,Executive Desks,327.03,5,1635.15,0.15,245.27,1389.88,1346.62,43.26,3.11,Freight Saver,UPI / QR,Processing
ORD-2023-11296,2024-01-15,2024-01-16,CUST-1001,Rajesh Mehta,Consumer,North,New Delhi,Furniture,Conference Tables,880.51,1,880.51,0.0,0.0,880.51,789.84,90.67,10.3,Freight Saver,Corporate Purchase Order,Delivered
ORD-2025-11386,2024-01-15,2024-01-16,CUST-1100,Karan Singh,Consumer,North,Lucknow,Office Supplies,Storage Solutions,86.63,1,86.63,0.0,0.0,86.63,61.02,25.61,29.56,Express Air,Cash on Delivery,Processing
ORD-2023-12328,2024-01-16,2024-01-17,CUST-1053,Sunita Mehta,Home Office,East,Guwahati,Furniture,Executive Desks,648.79,1,648.79,0.1,64.88,583.91,583.42,0.49,0.08,Standard Delivery,Cash on Delivery,Delivered
ORD-2026-12455,2024-01-16,2024-01-20,CUST-1145,Swati Iyer,Home Office,Central,Raipur,Office Supplies,Storage Solutions,92.47,1,92.47,0.15,13.87,78.6,64.66,13.94,17.74,Standard Delivery,Net Banking,Delivered
ORD-2024-11889,2024-01-17,2024-01-19,CUST-1028,Swati Iyer,Home Office,West,Surat,Technology,Printers & Scanners,262.58,1,262.58,0.15,39.39,223.19,208.86,14.33,6.42,Same Day Priority,Corporate Purchase Order,Delivered
ORD-2024-11357,2024-01-18,2024-01-22,CUST-1015,Rahul Kulkarni,Consumer,East,Guwahati,Technology,Smartphones & Tablets,508.59,1,508.59,0.15,76.29,432.3,391.16,41.14,9.52,Express Air,UPI / QR,Delivered
ORD-2023-10204,2024-01-19,2024-01-21,CUST-1115,Naveen Malhotra,Home Office,South,Bengaluru,Furniture,Executive Desks,685.46,2,1370.92,0.15,205.64,1165.28,1135.32,29.96,2.57,Standard Delivery,Net Banking,Delivered
ORD-2025-10510,2024-01-19,2024-01-20,CUST-1021,Divya Bose,Home Office,Central,Nagpur,Office Supplies,Paper & Envelopes,24.05,1,24.05,0.0,0.0,24.05,16.77,7.28,30.27,Freight Saver,Corporate Purchase Order,Processing
ORD-2026-11867,2024-01-19,2024-01-21,CUST-1138,Amit Sharma,Home Office,Central,Bhopal,Furniture,Executive Desks,806.32,2,1612.64,0.0,0.0,1612.64,1373.13,239.51,14.85,Freight Saver,Corporate Purchase Order,Delivered
ORD-2023-12436,2024-01-19,2024-01-24,CUST-1109,Sunita Choudhury,Home Office,Central,Indore,Technology,Printers & Scanners,464.71,4,1858.84,0.05,92.94,1765.9,1541.17,224.73,12.73,Same Day Priority,UPI / QR,Delivered
ORD-2025-10826,2024-01-20,2024-01-21,CUST-1025,Siddharth Iyer,Corporate,Central,Raipur,Technology,Laptops & Desktops,1599.96,2,3199.92,0.0,0.0,3199.92,2420.31,779.61,24.36,Express Air,Net Banking,Processing
ORD-2023-10904,2024-01-22,2024-01-25,CUST-1053,Sunita Mehta,Home Office,East,Bhubaneswar,Technology,Laptops & Desktops,1847.14,2,3694.28,0.2,738.86,2955.42,2908.34,47.08,1.59,Same Day Priority,Credit Card,Processing
ORD-2025-11050,2024-01-22,2024-01-26,CUST-1066,Aarav Mehta,Corporate,West,Surat,Office Supplies,Writing Instruments,14.73,1,14.73,0.0,0.0,14.73,7.42,7.31,49.63,Freight Saver,Cash on Delivery,Delivered
ORD-2026-12291,2024-01-22,2024-01-26,CUST-1122,Naveen Rao,Consumer,West,Mumbai,Technology,Printers & Scanners,227.72,2,455.44,0.05,22.77,432.67,368.34,64.33,14.87,Same Day Priority,UPI / QR,Delivered
ORD-2024-10737,2024-01-23,2024-01-25,CUST-1071,Deepak Reddy,Consumer,Central,Jabalpur,Furniture,Conference Tables,475.56,1,475.56,0.0,0.0,475.56,422.72,52.84,11.11,Standard Delivery,UPI / QR,Delivered
ORD-2025-11402,2024-01-23,2024-01-25,CUST-1084,Rahul Verma,Consumer,West,Surat,Technology,Laptops & Desktops,956.52,2,1913.04,0.0,0.0,1913.04,1399.39,513.65,26.85,Same Day Priority,Credit Card,Delivered
ORD-2025-11438,2024-01-24,2024-01-25,CUST-1130,Karan Rao,Home Office,South,Chennai,Office Supplies,Binders & Organizers,7.97,2,15.94,0.05,0.8,15.14,7.27,7.87,51.98,Same Day Priority,Credit Card,Delivered
ORD-2023-12152,2024-01-24,2024-01-26,CUST-1030,Rajesh Nair,Home Office,West,Goa,Technology,Smartphones & Tablets,553.49,2,1106.98,0.05,55.35,1051.63,895.12,156.51,14.88,Freight Saver,Corporate Purchase Order,Delivered
ORD-2023-12500,2024-01-24,2024-01-26,CUST-1020,Isha Chopra,Home Office,East,Kolkata,Office Supplies,Paper & Envelopes,41.77,1,41.77,0.1,4.18,37.59,25.17,12.42,33.04,Freight Saver,UPI / QR,Delivered
ORD-2024-10993,2024-01-25,2024-01-26,CUST-1044,Sanjay Menon,Corporate,North,Jaipur,Furniture,Conference Tables,723.02,3,2169.06,0.2,433.81,1735.25,1864.69,-129.44,-7.46,Freight Saver,Corporate Purchase Order,Delivered
ORD-2024-10973,2024-01-27,2024-01-29,CUST-1094,Meera Kapoor,Home Office,West,Goa,Office Supplies,Storage Solutions,60.61,1,60.61,0.0,0.0,0.0,44.21,-6.63,27.06,Freight Saver,Net Banking,Returned
ORD-2025-11114,2024-01-27,2024-01-30,CUST-1033,Preeti Choudhury,Consumer,Central,Indore,Office Supplies,Paper & Envelopes,43.79,1,43.79,0.1,4.38,39.41,28.63,10.78,27.35,Express Air,UPI / QR,Processing
ORD-2025-11942,2024-01-27,2024-01-28,CUST-1077,Pooja Kulkarni,Home Office,Central,Jabalpur,Furniture,Executive Desks,393.02,2,786.04,0.0,0.0,786.04,594.59,191.45,24.36,Freight Saver,Corporate Purchase Order,Shipped
ORD-2024-10117,2024-01-29,2024-02-03,CUST-1072,Swati Malhotra,Home Office,Central,Nagpur,Technology,Audio & Accessories,161.1,3,483.3,0.1,48.33,434.97,315.21,119.76,27.53,Freight Saver,Net Banking,Shipped
ORD-2023-10872,2024-01-31,2024-02-04,CUST-1042,Isha Choudhury,Corporate,West,Ahmedabad,Office Supplies,Binders & Organizers,10.26,5,51.3,0.2,10.26,41.04,30.03,11.01,26.83,Same Day Priority,UPI / QR,Delivered
ORD-2024-11185,2024-02-01,2024-02-03,CUST-1108,Pooja Deshmukh,Home Office,South,Coimbatore,Furniture,Conference Tables,1252.05,2,2504.1,0.05,125.2,2378.9,2063.91,314.99,13.24,Express Air,Cash on Delivery,Delivered
ORD-2024-11285,2024-02-01,2024-02-02,CUST-1115,Naveen Malhotra,Home Office,East,Guwahati,Furniture,Conference Tables,1134.5,2,2269.0,0.15,340.35,0.0,2022.84,-303.43,-4.88,Freight Saver,Corporate Purchase Order,Returned
ORD-2025-11434,2024-02-01,2024-02-03,CUST-1049,Meera Rao,Consumer,North,New Delhi,Technology,Laptops & Desktops,1122.62,1,1122.62,0.0,0.0,1122.62,861.11,261.51,23.29,Express Air,Cash on Delivery,Processing
ORD-2025-12022,2024-02-01,2024-02-03,CUST-1062,Vikram Reddy,Corporate,South,Hyderabad,Furniture,Bookcases & Shelving,95.66,1,95.66,0.05,4.78,90.88,77.37,13.51,14.87,Freight Saver,UPI / QR,Delivered
ORD-2025-11202,2024-02-02,2024-02-04,CUST-1031,Sunita Singh,Consumer,Central,Jabalpur,Technology,Laptops & Desktops,2062.21,2,4124.42,0.0,0.0,4124.42,3299.89,824.53,19.99,Same Day Priority,Cash on Delivery,Delivered
ORD-2024-11569,2024-02-02,2024-02-04,CUST-1011,Aditya Sharma,Consumer,East,Kolkata,Office Supplies,Writing Instruments,16.25,1,16.25,0.05,0.81,15.44,9.88,5.56,36.01,Same Day Priority,Net Banking,Delivered
ORD-2024-10445,2024-02-03,2024-02-05,CUST-1131,Ananya Patel,Home Office,North,Jaipur,Technology,Printers & Scanners,316.33,1,316.33,0.0,0.0,316.33,267.26,49.07,15.51,Freight Saver,Cash on Delivery,Delivered
ORD-2025-10170,2024-02-04,2024-02-08,CUST-1144,Vikram Joshi,Consumer,Central,Raipur,Furniture,Conference Tables,827.98,3,2483.94,0.05,124.2,2359.74,2215.01,144.73,6.13,Standard Delivery,Credit Card,Delivered
ORD-2025-10626,2024-02-04,2024-02-07,CUST-1141,Aditya Mehta,Consumer,West,Mumbai,Technology,Laptops & Desktops,1959.7,3,5879.1,0.05,293.96,5585.14,4724.62,860.52,15.41,Express Air,Corporate Purchase Order,Processing
ORD-2025-10774,2024-02-06,2024-02-08,CUST-1098,Isha Kapoor,Consumer,North,Dehradun,Furniture,Conference Tables,1230.53,2,2461.06,0.05,123.05,2338.01,2109.91,228.1,9.76,Express Air,UPI / QR,Delivered
ORD-2023-10104,2024-02-07,2024-02-10,CUST-1142,Sunita Choudhury,Consumer,East,Bhubaneswar,Furniture,Office Chairs,265.95,1,265.95,0.2,53.19,212.76,219.91,-7.15,-3.36,Same Day Priority,Cash on Delivery,Delivered
ORD-2023-11228,2024-02-07,2024-02-12,CUST-1148,Priya Sharma,Corporate,West,Surat,Technology,Printers & Scanners,191.82,5,959.1,0.0,0.0,959.1,839.36,119.74,12.48,Express Air,Credit Card,Delivered
ORD-2024-12477,2024-02-07,2024-02-14,CUST-1128,Swati Chopra,Corporate,West,Pune,Furniture,Bookcases & Shelving,378.01,3,1134.03,0.1,113.4,0.0,926.65,-139.0,9.21,Freight Saver,Corporate Purchase Order,Returned
ORD-2026-11835,2024-02-08,2024-02-09,CUST-1004,Ananya Choudhury,Consumer,North,Lucknow,Furniture,Bookcases & Shelving,208.24,1,208.24,0.05,10.41,197.83,162.87,34.96,17.67,Same Day Priority,UPI / QR,Delivered
ORD-2024-11633,2024-02-09,2024-02-14,CUST-1060,Preeti Mehta,Home Office,West,Mumbai,Technology,Printers & Scanners,421.94,2,843.88,0.05,42.19,801.69,718.67,83.02,10.36,Standard Delivery,Credit Card,Delivered
ORD-2026-12027,2024-02-10,2024-02-13,CUST-1125,Amit Joshi,Corporate,South,Hyderabad,Office Supplies,Writing Instruments,18.77,2,37.54,0.0,0.0,37.54,25.84,11.7,31.17,Express Air,Credit Card,Shipped
ORD-2026-11299,2024-02-11,2024-02-14,CUST-1005,Naveen Deshmukh,Consumer,West,Surat,Office Supplies,Paper & Envelopes,21.69,3,65.07000000000001,0.2,13.01,0.0,33.15,-4.97,36.32,Freight Saver,Corporate Purchase Order,Returned
ORD-2024-11845,2024-02-11,2024-02-12,CUST-1016,Kavita Bose,Home Office,North,Lucknow,Office Supplies,Binders & Organizers,7.2,3,21.6,0.1,2.16,19.44,12.84,6.6,33.95,Express Air,Net Banking,Processing
ORD-2024-12037,2024-02-11,2024-02-12,CUST-1069,Rahul Patel,Home Office,North,New Delhi,Technology,Printers & Scanners,226.04,1,226.04,0.0,0.0,226.04,194.49,31.55,13.96,Freight Saver,Corporate Purchase Order,Delivered
ORD-2026-10895,2024-02-13,2024-02-16,CUST-1129,Arjun Patel,Consumer,West,Ahmedabad,Technology,Smartphones & Tablets,428.33,3,1284.99,0.2,257.0,1027.99,1016.05,11.94,1.16,Standard Delivery,Corporate Purchase Order,Processing
ORD-2026-11623,2024-02-14,2024-02-19,CUST-1012,Manish Deshmukh,Corporate,North,Lucknow,Technology,Smartphones & Tablets,629.81,1,629.81,0.05,31.49,598.32,532.32,66.0,11.03,Standard Delivery,Cash on Delivery,Processing
ORD-2025-11638,2024-02-14,2024-02-17,CUST-1049,Meera Rao,Consumer,Central,Bhopal,Technology,Smartphones & Tablets,621.96,1,621.96,0.15,93.29,528.67,510.65,18.02,3.41,Standard Delivery,Corporate Purchase Order,Delivered
ORD-2024-11665,2024-02-14,2024-02-17,CUST-1118,Shweta Nair,Consumer,East,Guwahati,Furniture,Bookcases & Shelving,161.69,1,161.69,0.1,16.17,145.52,138.67,6.85,4.71,Freight Saver,UPI / QR,Delivered
ORD-2024-11245,2024-02-15,2024-02-18,CUST-1041,Rohan Singh,Home Office,West,Ahmedabad,Office Supplies,Storage Solutions,66.5,1,66.5,0.0,0.0,66.5,52.56,13.94,20.96,Express Air,Credit Card,Processing
ORD-2026-11775,2024-02-15,2024-02-17,CUST-1085,Rahul Verma,Corporate,East,Guwahati,Technology,Smartphones & Tablets,1097.13,1,1097.13,0.0,0.0,1097.13,885.88,211.25,19.25,Freight Saver,Cash on Delivery,Processing
ORD-2025-10514,2024-02-17,2024-02-19,CUST-1101,Karan Choudhury,Consumer,North,Jaipur,Technology,Printers & Scanners,590.77,3,1772.31,0.1,177.23,1595.08,1454.03,141.05,8.84,Same Day Priority,UPI / QR,Delivered
ORD-2025-10474,2024-02-18,2024-02-20,CUST-1020,Isha Chopra,Home Office,Central,Indore,Technology,Laptops & Desktops,1075.71,2,2151.42,0.15,322.71,1828.71,1629.79,198.92,10.88,Standard Delivery,Cash on Delivery,Delivered
ORD-2026-11175,2024-02-18,2024-02-19,CUST-1050,Siddharth Kulkarni,Home Office,Central,Nagpur,Office Supplies,Paper & Envelopes,9.77,1,9.77,0.05,0.49,9.28,5.64,3.64,39.22,Same Day Priority,UPI / QR,Delivered
ORD-2026-11539,2024-02-19,2024-02-20,CUST-1052,Isha Sharma,Home Office,North,Dehradun,Furniture,Office Chairs,109.67,3,329.01,0.0,0.0,0.0,279.01,-41.85,15.2,Same Day Priority,Corporate Purchase Order,Returned
ORD-2025-12090,2024-02-20,2024-02-21,CUST-1145,Swati Iyer,Home Office,North,Dehradun,Technology,Laptops & Desktops,1291.72,3,3875.16,0.05,193.76,3681.4,2842.56,838.84,22.79,Same Day Priority,Net Banking,Delivered
ORD-2025-11826,2024-02-21,2024-02-22,CUST-1136,Alok Choudhury,Home Office,South,Bengaluru,Technology,Smartphones & Tablets,919.34,1,919.34,0.1,91.93,827.41,700.46,126.95,15.34,Standard Delivery,Cash on Delivery,Processing
ORD-2025-11974,2024-02-21,2024-02-26,CUST-1020,Isha Chopra,Home Office,Central,Indore,Technology,Audio & Accessories,117.4,1,117.4,0.2,23.48,0.0,65.26,-9.79,30.52,Same Day Priority,Cash on Delivery,Returned
ORD-2025-10434,2024-02-24,2024-02-25,CUST-1086,Rahul Saxena,Consumer,South,Coimbatore,Technology,Printers & Scanners,481.82,3,1445.46,0.15,216.82,1228.64,1170.41,58.23,4.74,Express Air,Net Banking,Delivered
ORD-2025-11018,2024-02-24,2024-02-25,CUST-1008,Aarav Choudhury,Consumer,West,Pune,Technology,Laptops & Desktops,1759.69,2,3519.38,0.15,527.91,2991.47,2641.32,350.15,11.7,Same Day Priority,Net Banking,Delivered
ORD-2025-12182,2024-02-25,2024-02-26,CUST-1134,Sanjay Singh,Corporate,Central,Raipur,Technology,Smartphones & Tablets,517.84,1,517.84,0.1,51.78,466.06,433.44,32.62,7.0,Express Air,UPI / QR,Processing
ORD-2026-10959,2024-02-26,2024-03-02,CUST-1030,Rajesh Nair,Home Office,East,Kolkata,Office Supplies,Writing Instruments,24.67,8,197.36,0.15,29.6,167.76,123.48,44.28,26.39,Freight Saver,UPI / QR,Delivered
ORD-2023-11752,2024-02-26,2024-03-01,CUST-1133,Rohan Bose,Consumer,South,Chennai,Technology,Smartphones & Tablets,522.3,1,522.3,0.0,0.0,522.3,398.56,123.74,23.69,Express Air,Credit Card,Processing
ORD-2026-11903,2024-02-26,2024-02-28,CUST-1118,Shweta Nair,Consumer,East,Patna,Furniture,Executive Desks,380.07,1,380.07,0.05,19.0,361.07,339.52,21.55,5.97,Express Air,Cash on Delivery,Processing
ORD-2026-12383,2024-02-26,2024-02-27,CUST-1003,Neha Reddy,Home Office,East,Patna,Furniture,Conference Tables,1005.41,2,2010.82,0.0,0.0,2010.82,1728.84,281.98,14.02,Freight Saver,UPI / QR,Delivered
ORD-2025-11286,2024-02-27,2024-02-28,CUST-1076,Manish Gupta,Home Office,South,Kochi,Technology,Smartphones & Tablets,994.09,2,1988.18,0.0,0.0,1988.18,1656.21,331.97,16.7,Standard Delivery,Corporate Purchase Order,Delivered
ORD-2026-10255,2024-02-28,2024-03-02,CUST-1117,Priya Saxena,Consumer,East,Patna,Office Supplies,Binders & Organizers,30.33,1,30.33,0.1,3.03,27.3,16.08,11.22,41.1,Same Day Priority,Corporate Purchase Order,Delivered
ORD-2024-10873,2024-02-28,2024-03-01,CUST-1118,Shweta Nair,Consumer,South,Coimbatore,Furniture,Executive Desks,797.57,8,6380.56,0.05,319.03,6061.53,5636.12,425.41,7.02,Same Day Priority,Credit Card,Delivered
ORD-2023-10768,2024-02-29,2024-03-02,CUST-1122,Naveen Rao,Consumer,Central,Nagpur,Technology,Smartphones & Tablets,941.28,1,941.28,0.1,94.13,0.0,717.82,-107.67,15.27,Standard Delivery,Credit Card,Returned
ORD-2024-11229,2024-02-29,2024-03-01,CUST-1118,Shweta Nair,Consumer,West,Surat,Office Supplies,Binders & Organizers,6.61,2,13.22,0.1,1.32,11.9,8.36,3.54,29.75,Standard Delivery,Corporate Purchase Order,Delivered
ORD-2024-12413,2024-02-29,2024-03-05,CUST-1064,Deepak Saxena,Consumer,West,Surat,Office Supplies,Storage Solutions,25.85,4,103.4,0.05,5.17,98.23,67.53,30.7,31.25,Freight Saver,Cash on Delivery,Delivered
ORD-2023-12456,2024-02-29,2024-03-01,CUST-1025,Siddharth Iyer,Corporate,North,Lucknow,Technology,Laptops & Desktops,1778.69,2,3557.38,0.0,0.0,3557.38,2863.3,694.08,19.51,Standard Delivery,Cash on Delivery,Delivered
ORD-2023-10820,2024-03-01,2024-03-05,CUST-1126,Vikram Joshi,Consumer,Central,Indore,Technology,Printers & Scanners,427.42,2,854.84,0.1,85.48,0.0,703.82,-105.57,8.52,Express Air,UPI / QR,Returned
ORD-2024-11929,2024-03-01,2024-03-04,CUST-1143,Aditya Chopra,Home Office,East,Patna,Technology,Audio & Accessories,96.23,3,288.69,0.1,28.87,259.82,216.02,43.8,16.86,Freight Saver,Cash on Delivery,Delivered
ORD-2023-10504,2024-03-02,2024-03-03,CUST-1104,Meera Malhotra,Corporate,East,Bhubaneswar,Technology,Printers & Scanners,510.5,3,1531.5,0.2,306.3,1225.2,1209.31,15.89,1.3,Express Air,Net Banking,Processing
ORD-2026-11491,2024-03-02,2024-03-04,CUST-1134,Sanjay Singh,Corporate,North,Dehradun,Furniture,Conference Tables,859.67,3,2579.01,0.2,515.8,2063.21,2263.74,-200.53,-9.72,Express Air,Credit Card,Delivered
ORD-2024-11601,2024-03-02,2024-03-05,CUST-1075,Vikram Choudhury,Home Office,South,Coimbatore,Office Supplies,Writing Instruments,22.48,3,67.44,0.05,3.37,64.07,35.63,28.44,44.39,Standard Delivery,Cash on Delivery,Shipped
ORD-2024-10905,2024-03-03,2024-03-04,CUST-1042,Isha Choudhury,Corporate,West,Ahmedabad,Technology,Smartphones & Tablets,917.88,1,917.88,0.15,137.68,780.2,693.51,86.69,11.11,Standard Delivery,Corporate Purchase Order,Delivered
ORD-2026-11011,2024-03-03,2024-03-04,CUST-1126,Vikram Joshi,Consumer,North,Jaipur,Furniture,Bookcases & Shelving,247.84,3,743.52,0.0,0.0,743.52,640.71,102.81,13.83,Standard Delivery,Cash on Delivery,Delivered
ORD-2025-11154,2024-03-03,2024-03-07,CUST-1008,Aarav Choudhury,Consumer,Central,Bhopal,Technology,Printers & Scanners,200.41,1,200.41,0.05,10.02,190.39,157.84,32.55,17.1,Express Air,Corporate Purchase Order,Delivered
ORD-2025-12314,2024-03-03,2024-03-04,CUST-1127,Aditya Kulkarni,Consumer,West,Pune,Technology,Audio & Accessories,52.02,2,104.04,0.0,0.0,104.04,69.7,34.34,33.01,Express Air,Corporate Purchase Order,Delivered
ORD-2023-11028,2024-03-04,2024-03-06,CUST-1025,Siddharth Iyer,Corporate,South,Bengaluru,Technology,Audio & Accessories,50.58,1,50.58,0.1,5.06,45.52,37.21,8.31,18.26,Same Day Priority,Corporate Purchase Order,Delivered
ORD-2026-11711,2024-03-05,2024-03-06,CUST-1114,Arjun Verma,Consumer,South,Bengaluru,Technology,Smartphones & Tablets,974.74,1,974.74,0.2,194.95,779.79,739.36,40.43,5.18,Standard Delivery,Net Banking,Delivered
ORD-2024-10009,2024-03-06,2024-03-08,CUST-1149,Deepak Reddy,Home Office,Central,Nagpur,Furniture,Conference Tables,1126.97,2,2253.94,0.15,338.09,1915.85,1812.21,103.64,5.41,Express Air,UPI / QR,Delivered
ORD-2026-10843,2024-03-07,2024-03-09,CUST-1120,Shweta Singh,Corporate,East,Kolkata,Office Supplies,Binders & Organizers,19.26,2,38.52,0.0,0.0,38.52,20.69,17.83,46.29,Standard Delivery,Net Banking,Processing
ORD-2025-10018,2024-03-09,2024-03-11,CUST-1087,Aditya Malhotra,Consumer,West,Ahmedabad,Office Supplies,Storage Solutions,48.97,1,48.97,0.0,0.0,48.97,35.21,13.76,28.1,Same Day Priority,Credit Card,Processing
ORD-2023-10736,2024-03-10,2024-03-11,CUST-1129,Arjun Patel,Consumer,West,Goa,Technology,Printers & Scanners,272.66,1,272.66,0.1,27.27,245.39,219.98,25.41,10.35,Freight Saver,Credit Card,Delivered
ORD-2023-11108,2024-03-10,2024-03-12,CUST-1021,Divya Bose,Home Office,South,Bengaluru,Technology,Laptops & Desktops,1898.52,2,3797.04,0.05,189.85,3607.19,2851.39,755.8,20.95,Same Day Priority,Cash on Delivery,Processing
ORD-2023-11164,2024-03-10,2024-03-11,CUST-1096,Siddharth Joshi,Consumer,Central,Bhopal,Technology,Audio & Accessories,106.76,2,213.52,0.1,21.35,192.17,158.11,34.06,17.72,Same Day Priority,Cash on Delivery,Shipped
ORD-2024-12093,2024-03-10,2024-03-13,CUST-1047,Deepak Verma,Consumer,East,Bhubaneswar,Furniture,Executive Desks,450.78,1,450.78,0.15,67.62,383.16,349.85,33.31,8.69,Standard Delivery,Credit Card,Delivered
ORD-2026-10611,2024-03-11,2024-03-12,CUST-1016,Kavita Bose,Home Office,South,Chennai,Technology,Printers & Scanners,348.33,4,1393.32,0.0,0.0,1393.32,1137.45,255.87,18.36,Standard Delivery,Net Banking,Delivered
ORD-2024-10477,2024-03-12,2024-03-15,CUST-1120,Shweta Singh,Corporate,East,Guwahati,Office Supplies,Storage Solutions,113.79,3,341.37,0.0,0.0,341.37,262.82,78.55,23.01,Freight Saver,Credit Card,Delivered
ORD-2023-11040,2024-03-13,2024-03-14,CUST-1122,Naveen Rao,Consumer,West,Surat,Technology,Smartphones & Tablets,610.29,2,1220.58,0.05,61.03,0.0,939.37,-140.91,18.99,Express Air,Credit Card,Returned
ORD-2023-11364,2024-03-13,2024-03-16,CUST-1015,Rahul Kulkarni,Consumer,West,Goa,Furniture,Conference Tables,609.91,5,3049.55,0.1,304.95,2744.6,2739.08,5.52,0.2,Standard Delivery,Corporate Purchase Order,Shipped
ORD-2025-11898,2024-03-13,2024-03-17,CUST-1131,Ananya Patel,Home Office,North,Lucknow,Technology,Laptops & Desktops,1789.82,3,5369.46,0.05,268.47,5100.99,3962.61,1138.38,22.32,Express Air,Credit Card,Delivered
ORD-2026-10807,2024-03-14,2024-03-15,CUST-1018,Karan Choudhury,Consumer,West,Goa,Furniture,Executive Desks,229.11,2,458.22,0.1,45.82,412.4,369.03,43.37,10.52,Express Air,Net Banking,Delivered
ORD-2023-11252,2024-03-14,2024-03-16,CUST-1132,Vikram Saxena,Corporate,West,Goa,Office Supplies,Paper & Envelopes,11.29,1,11.29,0.0,0.0,11.29,6.4,4.89,43.31,Standard Delivery,Net Banking,Delivered
ORD-2023-12452,2024-03-15,2024-03-20,CUST-1058,Sanjay Iyer,Home Office,South,Kochi,Technology,Printers & Scanners,198.32,5,991.6,0.0,0.0,991.6,785.07,206.53,20.83,Same Day Priority,Credit Card,Delivered
ORD-2023-10200,2024-03-16,2024-03-20,CUST-1084,Rahul Verma,Consumer,South,Bengaluru,Furniture,Bookcases & Shelving,212.84,1,212.84,0.0,0.0,212.84,166.35,46.49,21.84,Express Air,UPI / QR,Delivered
ORD-2023-10636,2024-03-16,2024-03-21,CUST-1142,Sunita Choudhury,Consumer,South,Coimbatore,Technology,Smartphones & Tablets,883.28,1,883.28,0.05,44.16,839.12,727.76,111.36,13.27,Express Air,Corporate Purchase Order,Delivered
ORD-2025-10446,2024-03-17,2024-03-20,CUST-1114,Arjun Verma,Consumer,West,Surat,Technology,Printers & Scanners,477.87,1,477.87,0.15,71.68,406.19,391.95,14.24,3.51,Express Air,Credit Card,Delivered
ORD-2023-11408,2024-03-17,2024-03-18,CUST-1003,Neha Reddy,Home Office,South,Bengaluru,Technology,Audio & Accessories,99.41,1,99.41,0.1,9.94,89.47,72.11,17.36,19.4,Freight Saver,Corporate Purchase Order,Delivered
ORD-2026-12483,2024-03-18,2024-03-20,CUST-1096,Siddharth Joshi,Consumer,West,Goa,Furniture,Conference Tables,1214.48,1,1214.48,0.0,0.0,1214.48,1088.65,125.83,10.36,Standard Delivery,Cash on Delivery,Delivered
ORD-2024-10289,2024-03-19,2024-03-21,CUST-1121,Ananya Menon,Consumer,West,Pune,Technology,Printers & Scanners,420.38,3,1261.14,0.15,189.17,1071.97,1086.87,-14.9,-1.39,Same Day Priority,Credit Card,Processing
ORD-2026-10591,2024-03-19,2024-03-22,CUST-1137,Pooja Rao,Home Office,South,Kochi,Furniture,Office Chairs,224.53,1,224.53,0.0,0.0,224.53,190.69,33.84,15.07,Freight Saver,Credit Card,Delivered
ORD-2026-11591,2024-03-19,2024-03-23,CUST-1082,Naveen Choudhury,Consumer,East,Kolkata,Office Supplies,Storage Solutions,41.03,1,41.03,0.0,0.0,41.03,30.67,10.36,25.25,Standard Delivery,Cash on Delivery,Delivered
ORD-2023-11664,2024-03-19,2024-03-21,CUST-1031,Sunita Singh,Consumer,South,Bengaluru,Office Supplies,Binders & Organizers,24.17,1,24.17,0.0,0.0,24.17,12.77,11.4,47.17,Same Day Priority,Credit Card,Processing
ORD-2024-11833,2024-03-19,2024-03-24,CUST-1131,Ananya Patel,Home Office,Central,Bhopal,Technology,Laptops & Desktops,698.0,1,698.0,0.0,0.0,698.0,548.03,149.97,21.49,Freight Saver,Cash on Delivery,Delivered
ORD-2024-10261,2024-03-21,2024-03-22,CUST-1075,Vikram Choudhury,Home Office,East,Bhubaneswar,Office Supplies,Binders & Organizers,20.12,2,40.24,0.0,0.0,40.24,25.23,15.01,37.3,Same Day Priority,Cash on Delivery,Delivered
ORD-2023-11688,2024-03-21,2024-03-28,CUST-1147,Rahul Deshmukh,Corporate,West,Goa,Office Supplies,Writing Instruments,21.68,2,43.36,0.0,0.0,43.36,25.16,18.2,41.97,Freight Saver,UPI / QR,Shipped
ORD-2026-10483,2024-03-22,2024-03-23,CUST-1045,Kavita Singh,Consumer,South,Hyderabad,Furniture,Bookcases & Shelving,357.5,1,357.5,0.05,17.88,339.62,284.59,55.03,16.2,Standard Delivery,Net Banking,Shipped
ORD-2023-11728,2024-03-22,2024-03-27,CUST-1082,Naveen Choudhury,Consumer,West,Pune,Office Supplies,Binders & Organizers,31.06,1,31.06,0.2,6.21,24.85,17.92,6.93,27.89,Express Air,Cash on Delivery,Processing
ORD-2026-10595,2024-03-23,2024-03-25,CUST-1128,Swati Chopra,Corporate,North,Dehradun,Office Supplies,Binders & Organizers,12.56,1,12.56,0.0,0.0,12.56,6.58,5.98,47.61,Freight Saver,Credit Card,Delivered
ORD-2023-11072,2024-03-23,2024-03-26,CUST-1096,Siddharth Joshi,Consumer,North,Lucknow,Furniture,Conference Tables,748.96,1,748.96,0.0,0.0,0.0,614.06,-92.11,18.01,Standard Delivery,Corporate Purchase Order,Returned
ORD-2023-11880,2024-03-23,2024-03-26,CUST-1065,Divya Joshi,Corporate,East,Bhubaneswar,Office Supplies,Storage Solutions,119.7,2,239.4,0.15,35.91,203.49,190.38,13.11,6.44,Standard Delivery,Net Banking,Delivered
ORD-2023-11120,2024-03-24,2024-03-31,CUST-1142,Sunita Choudhury,Consumer,Central,Indore,Technology,Audio & Accessories,118.74,2,237.48,0.0,0.0,237.48,146.84,90.64,38.17,Same Day Priority,Corporate Purchase Order,Delivered
ORD-2026-12315,2024-03-24,2024-03-26,CUST-1046,Amit Malhotra,Consumer,South,Hyderabad,Office Supplies,Binders & Organizers,8.06,1,8.06,0.0,0.0,8.06,4.48,3.58,44.42,Standard Delivery,UPI / QR,Shipped
ORD-2025-12318,2024-03-24,2024-03-26,CUST-1135,Pooja Nair,Corporate,East,Kolkata,Furniture,Conference Tables,1007.07,1,1007.07,0.0,0.0,1007.07,807.95,199.12,19.77,Freight Saver,Net Banking,Delivered
ORD-2023-10680,2024-03-25,2024-03-28,CUST-1061,Pooja Saxena,Home Office,East,Kolkata,Technology,Laptops & Desktops,1179.84,2,2359.68,0.0,0.0,0.0,1908.94,-286.34,19.1,Same Day Priority,Net Banking,Returned
ORD-2025-11710,2024-03-26,2024-03-27,CUST-1110,Manish Malhotra,Consumer,North,Jaipur,Office Supplies,Storage Solutions,93.06,3,279.18,0.0,0.0,279.18,205.76,73.42,26.3,Freight Saver,Net Banking,Shipped
ORD-2025-12346,2024-03-26,2024-03-27,CUST-1036,Siddharth Iyer,Consumer,North,Chandigarh,Technology,Audio & Accessories,57.74,1,57.74,0.05,2.89,54.85,32.43,22.42,40.88,Same Day Priority,UPI / QR,Processing
ORD-2024-11053,2024-03-27,2024-03-30,CUST-1147,Rahul Deshmukh,Corporate,East,Guwahati,Technology,Smartphones & Tablets,421.36,2,842.72,0.0,0.0,842.72,697.78,144.94,17.2,Freight Saver,Credit Card,Shipped
ORD-2023-11136,2024-03-27,2024-03-30,CUST-1023,Swati Singh,Corporate,Central,Indore,Furniture,Office Chairs,236.19,2,472.38,0.0,0.0,472.38,347.66,124.72,26.4,Freight Saver,Credit Card,Processing
ORD-2025-11418,2024-03-27,2024-03-29,CUST-1047,Deepak Verma,Consumer,South,Bengaluru,Technology,Audio & Accessories,55.44,1,55.44,0.0,0.0,55.44,34.05,21.39,38.58,Same Day Priority,Cash on Delivery,Processing
ORD-2023-12184,2024-03-27,2024-03-28,CUST-1125,Amit Joshi,Corporate,Central,Jabalpur,Furniture,Executive Desks,585.02,3,1755.06,0.2,351.01,1404.05,1431.91,-27.86,-1.98,Freight Saver,Cash on Delivery,Processing
ORD-2025-10142,2024-03-29,2024-04-01,CUST-1005,Naveen Deshmukh,Consumer,East,Guwahati,Office Supplies,Storage Solutions,53.04,1,53.04,0.0,0.0,53.04,37.9,15.14,28.54,Express Air,Corporate Purchase Order,Shipped
ORD-2023-11200,2024-03-29,2024-04-02,CUST-1057,Karan Sharma,Home Office,East,Guwahati,Furniture,Bookcases & Shelving,121.69,4,486.76,0.2,97.35,389.41,422.14,-32.73,-8.41,Freight Saver,Net Banking,Delivered
ORD-2026-11395,2024-03-29,2024-03-31,CUST-1066,Aarav Mehta,Corporate,North,Jaipur,Furniture,Conference Tables,1004.79,2,2009.58,0.0,0.0,2009.58,1686.55,323.03,16.07,Same Day Priority,Net Banking,Shipped
ORD-2024-12461,2024-03-29,2024-03-30,CUST-1023,Swati Singh,Corporate,West,Ahmedabad,Technology,Laptops & Desktops,1269.63,1,1269.63,0.05,63.48,1206.15,998.98,207.17,17.18,Express Air,Corporate Purchase Order,Delivered
ORD-2023-11212,2024-03-30,2024-04-01,CUST-1113,Isha Verma,Home Office,East,Ranchi,Technology,Laptops & Desktops,807.58,3,2422.74,0.25,605.69,1817.05,1816.16,0.89,0.05,Same Day Priority,Net Banking,Delivered
ORD-2025-11550,2024-03-30,2024-04-01,CUST-1074,Shweta Rao,Corporate,Central,Nagpur,Furniture,Executive Desks,217.69,1,217.69,0.0,0.0,217.69,182.04,35.65,16.38,Standard Delivery,UPI / QR,Delivered
ORD-2023-12108,2024-03-30,2024-03-31,CUST-1103,Rahul Singh,Consumer,Central,Raipur,Office Supplies,Writing Instruments,6.17,1,6.17,0.25,1.54,4.63,3.57,1.06,22.89,Express Air,Corporate Purchase Order,Delivered
ORD-2024-10429,2024-03-31,2024-04-04,CUST-1039,Tanvi Kulkarni,Home Office,Central,Bhopal,Furniture,Office Chairs,94.82,2,189.64,0.1,18.96,0.0,160.24,-24.04,6.12,Freight Saver,Corporate Purchase Order,Returned
ORD-2025-11690,2024-03-31,2024-04-07,CUST-1066,Aarav Mehta,Corporate,West,Mumbai,Technology,Smartphones & Tablets,874.88,2,1749.76,0.2,349.95,1399.81,1393.92,5.89,0.42,Standard Delivery,UPI / QR,Delivered
ORD-2025-11786,2024-03-31,2024-04-01,CUST-1097,Neha Gupta,Consumer,Central,Raipur,Office Supplies,Writing Instruments,4.85,3,14.55,0.05,0.73,13.82,7.83,5.99,43.34,Standard Delivery,UPI / QR,Processing
ORD-2024-10565,2024-04-01,2024-04-04,CUST-1120,Shweta Singh,Corporate,Central,Indore,Technology,Audio & Accessories,167.24,1,167.24,0.05,8.36,158.88,97.8,61.08,38.44,Standard Delivery,Net Banking,Delivered
ORD-2023-11168,2024-04-01,2024-04-03,CUST-1037,Vikram Menon,Home Office,West,Surat,Furniture,Office Chairs,230.89,2,461.78,0.25,115.44,346.34,359.75,-13.41,-3.87,Freight Saver,UPI / QR,Delivered
ORD-2026-11599,2024-04-01,2024-04-04,CUST-1053,Sunita Mehta,Home Office,South,Kochi,Technology,Audio & Accessories,78.13,1,78.13,0.05,3.91,74.22,56.45,17.77,23.94,Express Air,UPI / QR,Delivered
ORD-2025-11002,2024-04-02,2024-04-05,CUST-1084,Rahul Verma,Consumer,East,Guwahati,Furniture,Executive Desks,787.76,5,3938.8,0.05,196.94,3741.86,3359.3,382.56,10.22,Express Air,Credit Card,Shipped
ORD-2023-11844,2024-04-03,2024-04-05,CUST-1043,Sunita Menon,Corporate,West,Surat,Furniture,Office Chairs,124.72,3,374.16,0.0,0.0,374.16,300.13,74.03,19.79,Freight Saver,Cash on Delivery,Delivered
ORD-2025-12470,2024-04-03,2024-04-07,CUST-1145,Swati Iyer,Home Office,West,Mumbai,Furniture,Bookcases & Shelving,208.01,1,208.01,0.0,0.0,208.01,171.95,36.06,17.34,Standard Delivery,Net Banking,Shipped
ORD-2025-10242,2024-04-04,2024-04-07,CUST-1034,Swati Joshi,Consumer,South,Bengaluru,Furniture,Executive Desks,292.37,3,877.11,0.15,131.57,745.54,740.04,5.5,0.74,Same Day Priority,Cash on Delivery,Shipped
ORD-2023-10492,2024-04-04,2024-04-07,CUST-1049,Meera Rao,Consumer,East,Patna,Office Supplies,Storage Solutions,37.37,4,149.48,0.1,14.95,134.53,97.27,37.26,27.7,Same Day Priority,Credit Card,Delivered
ORD-2025-10674,2024-04-04,2024-04-05,CUST-1110,Manish Malhotra,Consumer,West,Pune,Technology,Audio & Accessories,68.4,4,273.6,0.0,0.0,273.6,156.82,116.78,42.68,Standard Delivery,Corporate Purchase Order,Delivered
ORD-2024-10969,2024-04-04,2024-04-07,CUST-1010,Neha Kapoor,Home Office,Central,Jabalpur,Technology,Printers & Scanners,571.74,2,1143.48,0.0,0.0,1143.48,935.82,207.66,18.16,Freight Saver,Credit Card,Processing
ORD-2026-10863,2024-04-05,2024-04-06,CUST-1084,Rahul Verma,Consumer,South,Bengaluru,Furniture,Conference Tables,1026.1,2,2052.2,0.0,0.0,2052.2,1767.14,285.06,13.89,Standard Delivery,Net Banking,Delivered
ORD-2026-10903,2024-04-06,2024-04-08,CUST-1039,Tanvi Kulkarni,Home Office,East,Bhubaneswar,Furniture,Bookcases & Shelving,255.03,2,510.06,0.0,0.0,510.06,398.57,111.49,21.86,Same Day Priority,Cash on Delivery,Delivered
ORD-2023-11504,2024-04-06,2024-04-09,CUST-1076,Manish Gupta,Home Office,South,Chennai,Technology,Laptops & Desktops,1636.71,1,1636.71,0.0,0.0,1636.71,1306.97,329.74,20.15,Same Day Priority,UPI / QR,Delivered
ORD-2025-11722,2024-04-06,2024-04-13,CUST-1049,Meera Rao,Consumer,East,Patna,Furniture,Office Chairs,376.14,1,376.14,0.1,37.61,338.53,276.5,62.03,18.32,Express Air,UPI / QR,Delivered
ORD-2024-10053,2024-04-07,2024-04-11,CUST-1102,Priya Choudhury,Consumer,Central,Nagpur,Technology,Printers & Scanners,156.26,2,312.52,0.05,15.63,296.89,253.99,42.9,14.45,Same Day Priority,Cash on Delivery,Delivered
ORD-2024-11157,2024-04-07,2024-04-08,CUST-1136,Alok Choudhury,Home Office,West,Ahmedabad,Office Supplies,Binders & Organizers,27.7,1,27.7,0.0,0.0,27.7,14.0,13.7,49.46,Express Air,Cash on Delivery,Shipped
ORD-2026-10359,2024-04-08,2024-04-09,CUST-1004,Ananya Choudhury,Consumer,East,Ranchi,Technology,Smartphones & Tablets,906.22,1,906.22,0.2,181.24,0.0,680.97,-102.15,6.07,Freight Saver,Net Banking,Returned
ORD-2024-11933,2024-04-08,2024-04-11,CUST-1003,Neha Reddy,Home Office,South,Hyderabad,Technology,Smartphones & Tablets,817.07,3,2451.21,0.2,490.24,1960.97,2060.47,-99.5,-5.07,Express Air,UPI / QR,Delivered
ORD-2024-12365,2024-04-08,2024-04-11,CUST-1071,Deepak Reddy,Consumer,North,Jaipur,Office Supplies,Storage Solutions,73.64,1,73.64,0.2,14.73,58.91,49.43,9.48,16.09,Freight Saver,Corporate Purchase Order,Shipped
ORD-2023-10456,2024-04-09,2024-04-11,CUST-1054,Sanjay Choudhury,Corporate,South,Bengaluru,Furniture,Office Chairs,108.76,3,326.28000000000003,0.1,32.63,0.0,275.26,-41.29,6.26,Standard Delivery,UPI / QR,Returned
ORD-2025-10886,2024-04-11,2024-04-12,CUST-1149,Deepak Reddy,Home Office,West,Surat,Technology,Laptops & Desktops,1110.17,2,2220.34,0.0,0.0,2220.34,1794.83,425.51,19.16,Standard Delivery,Corporate Purchase Order,Delivered
ORD-2023-11320,2024-04-11,2024-04-13,CUST-1077,Pooja Kulkarni,Home Office,West,Pune,Furniture,Bookcases & Shelving,193.54,1,193.54,0.05,9.68,183.86,163.89,19.97,10.86,Standard Delivery,Corporate Purchase Order,Delivered
ORD-2023-11680,2024-04-11,2024-04-14,CUST-1045,Kavita Singh,Consumer,Central,Nagpur,Technology,Smartphones & Tablets,1069.22,2,2138.44,0.0,0.0,2138.44,1691.29,447.15,20.91,Express Air,Cash on Delivery,Delivered
ORD-2025-11714,2024-04-11,2024-04-13,CUST-1147,Rahul Deshmukh,Corporate,North,New Delhi,Furniture,Conference Tables,713.81,1,713.81,0.15,107.07,606.74,603.73,3.01,0.5,Freight Saver,UPI / QR,Processing
ORD-2026-11551,2024-04-13,2024-04-14,CUST-1026,Rajesh Bose,Consumer,East,Kolkata,Technology,Audio & Accessories,159.82,3,479.46,0.25,119.86,359.6,292.63,66.97,18.62,Freight Saver,Credit Card,Delivered
ORD-2023-11584,2024-04-13,2024-04-14,CUST-1147,Rahul Deshmukh,Corporate,Central,Indore,Furniture,Bookcases & Shelving,187.78,1,187.78,0.0,0.0,187.78,161.5,26.28,14.0,Standard Delivery,UPI / QR,Delivered
ORD-2024-10133,2024-04-15,2024-04-16,CUST-1089,Preeti Menon,Home Office,South,Hyderabad,Technology,Laptops & Desktops,651.55,2,1303.1,0.1,130.31,1172.79,946.54,226.25,19.29,Standard Delivery,Credit Card,Delivered
ORD-2023-10428,2024-04-15,2024-04-16,CUST-1134,Sanjay Singh,Corporate,West,Pune,Furniture,Conference Tables,671.05,3,2013.15,0.1,201.31,1811.84,1762.18,49.66,2.74,Same Day Priority,Corporate Purchase Order,Shipped
ORD-2025-11210,2024-04-15,2024-04-17,CUST-1060,Preeti Mehta,Home Office,North,Chandigarh,Technology,Laptops & Desktops,1878.9,4,7515.6,0.0,0.0,7515.6,6158.61,1356.99,18.06,Same Day Priority,Corporate Purchase Order,Delivered
ORD-2023-11288,2024-04-15,2024-04-17,CUST-1140,Preeti Mehta,Consumer,Central,Indore,Technology,Smartphones & Tablets,564.82,1,564.82,0.0,0.0,564.82,478.08,86.74,15.36,Standard Delivery,Cash on Delivery,Delivered
ORD-2024-11585,2024-04-16,2024-04-20,CUST-1091,Ritu Deshmukh,Consumer,North,Jaipur,Technology,Smartphones & Tablets,875.84,1,875.84,0.05,43.79,832.05,735.26,96.79,11.63,Express Air,UPI / QR,Shipped
ORD-2024-12449,2024-04-16,2024-04-18,CUST-1143,Aditya Chopra,Home Office,East,Kolkata,Office Supplies,Paper & Envelopes,15.54,1,15.54,0.2,3.11,12.43,8.68,3.75,30.17,Same Day Priority,Corporate Purchase Order,Shipped
ORD-2025-10358,2024-04-17,2024-04-20,CUST-1092,Ananya Mehta,Home Office,North,Lucknow,Technology,Printers & Scanners,470.41,1,470.41,0.15,70.56,399.85,390.84,9.01,2.25,Express Air,Credit Card,Delivered
ORD-2026-11807,2024-04-17,2024-04-19,CUST-1129,Arjun Patel,Consumer,North,Jaipur,Furniture,Bookcases & Shelving,92.35,1,92.35,0.05,4.62,87.73,73.83,13.9,15.84,Standard Delivery,UPI / QR,Shipped
ORD-2026-11859,2024-04-17,2024-04-19,CUST-1072,Swati Malhotra,Home Office,North,Jaipur,Furniture,Executive Desks,668.74,1,668.74,0.1,66.87,601.87,596.91,4.96,0.82,Same Day Priority,Credit Card,Processing
ORD-2024-11941,2024-04-17,2024-04-20,CUST-1079,Sanjay Saxena,Corporate,South,Hyderabad,Furniture,Executive Desks,420.54,1,420.54,0.1,42.05,378.49,346.16,32.33,8.54,Express Air,Net Banking,Delivered
ORD-2025-12046,2024-04-17,2024-04-20,CUST-1077,Pooja Kulkarni,Home Office,South,Coimbatore,Furniture,Office Chairs,231.05,1,231.05,0.15,34.66,196.39,185.08,11.31,5.76,Standard Delivery,Corporate Purchase Order,Delivered
ORD-2023-10320,2024-04-18,2024-04-21,CUST-1141,Aditya Mehta,Consumer,East,Bhubaneswar,Furniture,Conference Tables,803.96,1,803.96,0.1,80.4,723.56,692.23,31.33,4.33,Freight Saver,Credit Card,Delivered
ORD-2023-11464,2024-04-18,2024-04-20,CUST-1137,Pooja Rao,Home Office,North,Chandigarh,Technology,Smartphones & Tablets,637.03,4,2548.12,0.0,0.0,2548.12,2114.67,433.45,17.01,Express Air,Corporate Purchase Order,Delivered
ORD-2025-12394,2024-04-18,2024-04-20,CUST-1047,Deepak Verma,Consumer,North,Dehradun,Furniture,Office Chairs,96.67,1,96.67,0.0,0.0,96.67,79.54,17.13,17.72,Same Day Priority,Credit Card,Processing
ORD-2024-10197,2024-04-19,2024-04-23,CUST-1134,Sanjay Singh,Corporate,West,Ahmedabad,Furniture,Office Chairs,294.89,2,589.78,0.1,58.98,530.8,466.43,64.37,12.13,Standard Delivery,Corporate Purchase Order,Processing
ORD-2026-11771,2024-04-19,2024-04-21,CUST-1070,Tanvi Patel,Home Office,South,Kochi,Office Supplies,Storage Solutions,104.16,2,208.32,0.0,0.0,208.32,145.23,63.09,30.29,Standard Delivery,Net Banking,Delivered
ORD-2025-10438,2024-04-20,2024-04-24,CUST-1134,Sanjay Singh,Corporate,East,Ranchi,Furniture,Bookcases & Shelving,240.71,2,481.42,0.05,24.07,457.35,391.96,65.39,14.3,Freight Saver,Net Banking,Shipped
ORD-2025-11494,2024-04-21,2024-04-25,CUST-1009,Manish Choudhury,Corporate,East,Ranchi,Furniture,Office Chairs,179.36,1,179.36,0.0,0.0,0.0,133.43,-20.01,25.61,Freight Saver,Cash on Delivery,Returned
ORD-2026-12443,2024-04-21,2024-04-23,CUST-1024,Rahul Singh,Consumer,South,Hyderabad,Technology,Printers & Scanners,345.73,2,691.46,0.0,0.0,0.0,552.05,-82.81,20.16,Same Day Priority,Net Banking,Returned
ORD-2024-10033,2024-04-23,2024-04-28,CUST-1051,Karan Saxena,Corporate,West,Mumbai,Furniture,Executive Desks,881.31,3,2643.93,0.0,0.0,2643.93,2313.73,330.2,12.49,Same Day Priority,Cash on Delivery,Processing
ORD-2023-11940,2024-04-23,2024-04-24,CUST-1099,Meera Nair,Corporate,North,Dehradun,Technology,Laptops & Desktops,1600.18,2,3200.36,0.1,320.04,0.0,2429.45,-364.42,15.65,Standard Delivery,Cash on Delivery,Returned
ORD-2023-10180,2024-04-24,2024-04-26,CUST-1024,Rahul Singh,Consumer,North,New Delhi,Technology,Laptops & Desktops,812.32,1,812.32,0.1,81.23,0.0,665.35,-99.8,8.99,Same Day Priority,UPI / QR,Returned
ORD-2025-10246,2024-04-25,2024-04-26,CUST-1023,Swati Singh,Corporate,North,Dehradun,Furniture,Executive Desks,912.08,3,2736.24,0.0,0.0,2736.24,2165.63,570.61,20.85,Same Day Priority,Credit Card,Delivered
ORD-2026-10315,2024-04-25,2024-04-28,CUST-1021,Divya Bose,Home Office,South,Chennai,Technology,Laptops & Desktops,702.07,4,2808.28,0.05,140.41,0.0,2295.39,-344.31,13.96,Freight Saver,Cash on Delivery,Returned
ORD-2025-10486,2024-04-27,2024-04-29,CUST-1042,Isha Choudhury,Corporate,West,Ahmedabad,Office Supplies,Storage Solutions,99.99,1,99.99,0.0,0.0,99.99,68.3,31.69,31.69,Freight Saver,Corporate Purchase Order,Processing
ORD-2025-11142,2024-04-27,2024-04-29,CUST-1069,Rahul Patel,Home Office,Central,Indore,Office Supplies,Writing Instruments,17.89,1,17.89,0.15,2.68,15.21,9.71,5.5,36.16,Freight Saver,UPI / QR,Shipped
ORD-2025-12486,2024-04-27,2024-04-29,CUST-1085,Rahul Verma,Corporate,South,Kochi,Furniture,Office Chairs,130.23,2,260.46,0.1,26.05,234.41,184.04,50.37,21.49,Same Day Priority,Corporate Purchase Order,Shipped
ORD-2024-10097,2024-04-28,2024-05-01,CUST-1094,Meera Kapoor,Home Office,East,Ranchi,Office Supplies,Paper & Envelopes,30.39,2,60.78,0.2,12.16,48.62,38.02,10.6,21.8,Standard Delivery,Cash on Delivery,Delivered
ORD-2024-10401,2024-04-28,2024-04-30,CUST-1136,Alok Choudhury,Home Office,North,Jaipur,Office Supplies,Binders & Organizers,22.87,3,68.61,0.15,10.29,58.32,34.27,24.05,41.24,Freight Saver,Corporate Purchase Order,Delivered
ORD-2026-11587,2024-04-28,2024-05-01,CUST-1066,Aarav Mehta,Corporate,East,Guwahati,Office Supplies,Binders & Organizers,27.08,5,135.39999999999998,0.0,0.0,135.4,73.31,62.09,45.86,Freight Saver,UPI / QR,Delivered
ORD-2025-10654,2024-04-29,2024-04-30,CUST-1088,Isha Reddy,Home Office,West,Goa,Office Supplies,Storage Solutions,70.62,1,70.62,0.0,0.0,70.62,51.95,18.67,26.44,Express Air,Cash on Delivery,Delivered
ORD-2026-11655,2024-04-29,2024-05-01,CUST-1107,Siddharth Iyer,Corporate,South,Chennai,Technology,Smartphones & Tablets,783.92,2,1567.84,0.0,0.0,1567.84,1329.42,238.42,15.21,Standard Delivery,Corporate Purchase Order,Delivered
ORD-2023-11000,2024-04-30,2024-05-04,CUST-1064,Deepak Saxena,Consumer,West,Goa,Furniture,Office Chairs,195.98,4,783.92,0.0,0.0,783.92,648.89,135.03,17.22,Same Day Priority,UPI / QR,Shipped
ORD-2024-10217,2024-05-01,2024-05-02,CUST-1101,Karan Choudhury,Consumer,Central,Jabalpur,Office Supplies,Binders & Organizers,6.64,1,6.64,0.0,0.0,6.64,3.22,3.42,51.51,Freight Saver,Credit Card,Delivered
ORD-2023-10264,2024-05-01,2024-05-03,CUST-1074,Shweta Rao,Corporate,North,Lucknow,Technology,Audio & Accessories,194.19,1,194.19,0.1,19.42,174.77,137.75,37.02,21.18,Freight Saver,Credit Card,Processing
ORD-2026-11619,2024-05-01,2024-05-06,CUST-1078,Rajesh Bose,Corporate,Central,Bhopal,Technology,Audio & Accessories,161.76,2,323.52,0.05,16.18,307.34,240.91,66.43,21.61,Freight Saver,Cash on Delivery,Delivered
ORD-2023-12080,2024-05-01,2024-05-04,CUST-1046,Amit Malhotra,Consumer,East,Guwahati,Office Supplies,Storage Solutions,94.12,1,94.12,0.2,18.82,75.3,69.17,6.13,8.14,Freight Saver,Corporate Purchase Order,Delivered
ORD-2026-10367,2024-05-02,2024-05-03,CUST-1122,Naveen Rao,Consumer,West,Surat,Furniture,Office Chairs,170.54,2,341.08,0.1,34.11,306.97,261.39,45.58,14.85,Express Air,UPI / QR,Delivered
ORD-2023-12468,2024-05-02,2024-05-03,CUST-1124,Swati Menon,Home Office,East,Patna,Technology,Laptops & Desktops,604.64,3,1813.92,0.15,272.09,1541.83,1465.73,76.1,4.94,Same Day Priority,Credit Card,Delivered
ORD-2025-12222,2024-05-03,2024-05-05,CUST-1059,Deepak Nair,Home Office,West,Surat,Office Supplies,Storage Solutions,95.45,3,286.35,0.1,28.64,0.0,209.87,-31.48,18.56,Standard Delivery,Corporate Purchase Order,Returned
ORD-2024-11649,2024-05-04,2024-05-09,CUST-1043,Sunita Menon,Corporate,Central,Jabalpur,Technology,Audio & Accessories,89.78,1,89.78,0.0,0.0,0.0,56.47,-8.47,37.1,Standard Delivery,Cash on Delivery,Returned
ORD-2024-12485,2024-05-04,2024-05-07,CUST-1055,Deepak Joshi,Consumer,North,Chandigarh,Office Supplies,Storage Solutions,77.9,1,77.9,0.1,7.79,70.11,56.12,13.99,19.95,Freight Saver,Net Banking,Delivered
ORD-2025-10614,2024-05-05,2024-05-10,CUST-1103,Rahul Singh,Consumer,West,Goa,Technology,Audio & Accessories,178.42,3,535.26,0.0,0.0,535.26,308.25,227.01,42.41,Freight Saver,Credit Card,Delivered
ORD-2025-11514,2024-05-05,2024-05-07,CUST-1002,Sunita Iyer,Consumer,North,Dehradun,Furniture,Office Chairs,124.89,1,124.89,0.15,18.73,106.16,105.72,0.44,0.41,Standard Delivery,Corporate Purchase Order,Shipped
ORD-2023-11808,2024-05-05,2024-05-08,CUST-1055,Deepak Joshi,Consumer,East,Guwahati,Technology,Printers & Scanners,188.14,1,188.14,0.0,0.0,188.14,165.16,22.98,12.21,Same Day Priority,Corporate Purchase Order,Delivered
ORD-2023-10644,2024-05-06,2024-05-11,CUST-1043,Sunita Menon,Corporate,Central,Bhopal,Technology,Audio & Accessories,124.21,2,248.42,0.15,37.26,211.16,138.51,72.65,34.41,Freight Saver,Cash on Delivery,Processing
ORD-2026-11091,2024-05-06,2024-05-08,CUST-1127,Aditya Kulkarni,Consumer,East,Bhubaneswar,Office Supplies,Storage Solutions,28.65,1,28.65,0.0,0.0,28.65,21.45,7.2,25.13,Same Day Priority,Net Banking,Delivered
ORD-2026-11879,2024-05-07,2024-05-08,CUST-1118,Shweta Nair,Consumer,West,Ahmedabad,Furniture,Office Chairs,422.0,4,1688.0,0.0,0.0,1688.0,1394.52,293.48,17.39,Freight Saver,Cash on Delivery,Shipped
ORD-2024-11953,2024-05-07,2024-05-09,CUST-1126,Vikram Joshi,Consumer,West,Pune,Office Supplies,Writing Instruments,14.8,3,44.400000000000006,0.1,4.44,39.96,24.33,15.63,39.11,Express Air,Cash on Delivery,Processing
ORD-2024-10185,2024-05-08,2024-05-10,CUST-1019,Preeti Kulkarni,Consumer,Central,Bhopal,Office Supplies,Writing Instruments,6.77,4,27.08,0.05,1.35,0.0,16.98,-2.55,34.01,Express Air,Corporate Purchase Order,Returned
ORD-2026-10207,2024-05-08,2024-05-10,CUST-1015,Rahul Kulkarni,Consumer,South,Coimbatore,Office Supplies,Storage Solutions,58.71,3,176.13,0.15,26.42,149.71,136.25,13.46,8.99,Same Day Priority,Net Banking,Shipped
ORD-2023-11124,2024-05-08,2024-05-10,CUST-1127,Aditya Kulkarni,Consumer,South,Kochi,Office Supplies,Paper & Envelopes,33.52,1,33.52,0.15,5.03,28.49,21.91,6.58,23.1,Standard Delivery,Credit Card,Delivered
ORD-2025-11806,2024-05-08,2024-05-10,CUST-1104,Meera Malhotra,Corporate,West,Goa,Technology,Laptops & Desktops,1233.94,8,9871.52,0.15,1480.73,0.0,7352.78,-1102.92,12.37,Express Air,UPI / QR,Returned
ORD-2024-12017,2024-05-08,2024-05-10,CUST-1029,Preeti Patel,Home Office,East,Bhubaneswar,Technology,Printers & Scanners,359.98,10,3599.8,0.1,359.98,3239.82,3128.3,111.52,3.44,Same Day Priority,Net Banking,Delivered
ORD-2026-12007,2024-05-10,2024-05-12,CUST-1135,Pooja Nair,Corporate,West,Surat,Office Supplies,Storage Solutions,34.91,1,34.91,0.0,0.0,34.91,25.75,9.16,26.24,Standard Delivery,Net Banking,Delivered
ORD-2025-12262,2024-05-10,2024-05-11,CUST-1024,Rahul Singh,Consumer,South,Hyderabad,Office Supplies,Writing Instruments,4.2,3,12.6,0.05,0.63,11.97,6.3,5.67,47.37,Freight Saver,Credit Card,Delivered
ORD-2026-10115,2024-05-11,2024-05-12,CUST-1029,Preeti Patel,Home Office,South,Bengaluru,Furniture,Conference Tables,524.15,2,1048.3,0.05,52.41,995.89,862.23,133.66,13.42,Freight Saver,UPI / QR,Processing
ORD-2026-12235,2024-05-11,2024-05-13,CUST-1090,Tanvi Singh,Corporate,West,Mumbai,Office Supplies,Paper & Envelopes,44.3,1,44.3,0.15,6.64,0.0,29.8,-4.47,20.87,Express Air,Credit Card,Returned
ORD-2026-11479,2024-05-13,2024-05-16,CUST-1011,Aditya Sharma,Consumer,Central,Bhopal,Furniture,Bookcases & Shelving,346.17,3,1038.51,0.15,155.78,882.73,824.51,58.22,6.6,Standard Delivery,Net Banking,Delivered
ORD-2023-11964,2024-05-15,2024-05-17,CUST-1086,Rahul Saxena,Consumer,West,Ahmedabad,Technology,Smartphones & Tablets,1031.03,4,4124.12,0.0,0.0,0.0,3335.75,-500.36,19.12,Standard Delivery,UPI / QR,Returned
ORD-2023-12048,2024-05-15,2024-05-16,CUST-1147,Rahul Deshmukh,Corporate,East,Patna,Furniture,Conference Tables,1001.2,1,1001.2,0.0,0.0,1001.2,820.18,181.02,18.08,Freight Saver,UPI / QR,Delivered
ORD-2025-12450,2024-05-15,2024-05-16,CUST-1068,Priya Singh,Home Office,East,Patna,Furniture,Bookcases & Shelving,299.49,1,299.49,0.0,0.0,299.49,234.1,65.39,21.83,Same Day Priority,Corporate Purchase Order,Shipped
ORD-2025-11934,2024-05-18,2024-05-19,CUST-1061,Pooja Saxena,Home Office,West,Ahmedabad,Technology,Laptops & Desktops,750.63,2,1501.26,0.1,150.13,1351.13,1184.49,166.64,12.33,Same Day Priority,Credit Card,Delivered
ORD-2025-11198,2024-05-20,2024-05-23,CUST-1035,Neha Verma,Corporate,Central,Jabalpur,Office Supplies,Storage Solutions,103.88,1,103.88,0.2,20.78,83.1,74.59,8.51,10.24,Standard Delivery,Net Banking,Delivered
ORD-2026-11611,2024-05-22,2024-05-24,CUST-1109,Sunita Choudhury,Home Office,Central,Jabalpur,Technology,Laptops & Desktops,1234.17,2,2468.34,0.1,246.83,2221.51,2018.55,202.96,9.14,Freight Saver,Corporate Purchase Order,Processing
ORD-2023-11644,2024-05-22,2024-05-25,CUST-1079,Sanjay Saxena,Corporate,West,Ahmedabad,Technology,Smartphones & Tablets,554.39,5,2771.95,0.1,277.19,2494.76,2222.5,272.26,10.91,Same Day Priority,Corporate Purchase Order,Delivered
ORD-2023-12276,2024-05-22,2024-05-23,CUST-1119,Divya Patel,Home Office,North,New Delhi,Furniture,Bookcases & Shelving,252.1,1,252.1,0.0,0.0,252.1,206.86,45.24,17.95,Standard Delivery,Net Banking,Processing
ORD-2023-10108,2024-05-23,2024-05-28,CUST-1041,Rohan Singh,Home Office,East,Guwahati,Office Supplies,Binders & Organizers,27.89,2,55.78,0.05,2.79,52.99,30.69,22.3,42.08,Same Day Priority,Corporate Purchase Order,Delivered
ORD-2024-10193,2024-05-23,2024-05-25,CUST-1082,Naveen Choudhury,Consumer,East,Kolkata,Furniture,Office Chairs,265.76,4,1063.04,0.0,0.0,1063.04,775.33,287.71,27.06,Standard Delivery,Corporate Purchase Order,Delivered
ORD-2023-10260,2024-05-23,2024-05-25,CUST-1088,Isha Reddy,Home Office,East,Ranchi,Office Supplies,Binders & Organizers,17.38,3,52.14,0.1,5.21,46.93,30.77,16.16,34.43,Same Day Priority,Cash on Delivery,Processing
ORD-2024-10325,2024-05-24,2024-05-26,CUST-1114,Arjun Verma,Consumer,South,Bengaluru,Technology,Laptops & Desktops,1433.82,8,11470.56,0.05,573.53,10897.03,8624.21,2272.82,20.86,Same Day Priority,Net Banking,Delivered
ORD-2024-11261,2024-05-24,2024-05-27,CUST-1110,Manish Malhotra,Consumer,North,Jaipur,Furniture,Bookcases & Shelving,137.02,1,137.02,0.0,0.0,137.02,115.02,22.0,16.06,Freight Saver,Credit Card,Delivered
ORD-2023-12124,2024-05-24,2024-05-27,CUST-1105,Vikram Kulkarni,Consumer,North,Lucknow,Technology,Audio & Accessories,107.21,3,321.63,0.0,0.0,0.0,208.97,-31.35,35.03,Standard Delivery,UPI / QR,Returned
ORD-2023-12272,2024-05-24,2024-05-26,CUST-1068,Priya Singh,Home Office,Central,Nagpur,Furniture,Conference Tables,438.11,4,1752.44,0.05,87.62,1664.82,1508.7,156.12,9.38,Standard Delivery,Corporate Purchase Order,Delivered
ORD-2026-10655,2024-05-25,2024-05-27,CUST-1030,Rajesh Nair,Home Office,East,Bhubaneswar,Furniture,Conference Tables,578.17,3,1734.5099999999998,0.15,260.18,0.0,1439.44,-215.92,2.37,Express Air,Credit Card,Returned
ORD-2026-11415,2024-05-25,2024-05-28,CUST-1116,Preeti Saxena,Consumer,Central,Bhopal,Office Supplies,Paper & Envelopes,12.81,1,12.81,0.0,0.0,12.81,7.61,5.2,40.59,Standard Delivery,Credit Card,Processing
ORD-2026-11459,2024-05-25,2024-05-27,CUST-1048,Rohan Nair,Home Office,North,New Delhi,Office Supplies,Storage Solutions,47.5,3,142.5,0.0,0.0,142.5,93.27,49.23,34.55,Freight Saver,Credit Card,Delivered
ORD-2023-11980,2024-05-25,2024-05-26,CUST-1092,Ananya Mehta,Home Office,East,Bhubaneswar,Office Supplies,Paper & Envelopes,19.87,1,19.87,0.0,0.0,19.87,12.69,7.18,36.13,Standard Delivery,Corporate Purchase Order,Delivered
ORD-2024-10305,2024-05-26,2024-05-30,CUST-1092,Ananya Mehta,Home Office,South,Bengaluru,Technology,Laptops & Desktops,1681.3,2,3362.6,0.1,336.26,3026.34,2500.35,525.99,17.38,Standard Delivery,Corporate Purchase Order,Delivered
ORD-2023-10556,2024-05-26,2024-05-27,CUST-1085,Rahul Verma,Corporate,East,Kolkata,Furniture,Office Chairs,90.31,1,90.31,0.0,0.0,90.31,65.96,24.35,26.96,Same Day Priority,Net Banking,Delivered
ORD-2023-10776,2024-05-26,2024-05-30,CUST-1020,Isha Chopra,Home Office,North,Chandigarh,Furniture,Bookcases & Shelving,103.55,1,103.55,0.1,10.36,93.19,88.09,5.1,5.47,Same Day Priority,Credit Card,Shipped
ORD-2025-12042,2024-05-27,2024-05-30,CUST-1146,Tanvi Iyer,Consumer,North,Dehradun,Furniture,Conference Tables,1091.95,1,1091.95,0.0,0.0,1091.95,893.83,198.12,18.14,Standard Delivery,Cash on Delivery,Delivered
ORD-2023-10916,2024-05-28,2024-05-29,CUST-1078,Rajesh Bose,Corporate,East,Ranchi,Furniture,Bookcases & Shelving,325.57,1,325.57,0.05,16.28,309.29,260.67,48.62,15.72,Standard Delivery,Corporate Purchase Order,Processing
ORD-2025-10966,2024-05-28,2024-06-02,CUST-1090,Tanvi Singh,Corporate,West,Pune,Office Supplies,Paper & Envelopes,22.48,1,22.48,0.0,0.0,22.48,15.45,7.03,31.27,Express Air,Credit Card,Delivered
ORD-2024-10825,2024-05-29,2024-05-31,CUST-1054,Sanjay Choudhury,Corporate,East,Bhubaneswar,Technology,Printers & Scanners,154.42,1,154.42,0.0,0.0,154.42,134.85,19.57,12.67,Standard Delivery,Net Banking,Processing
ORD-2025-12410,2024-05-30,2024-05-31,CUST-1083,Naveen Singh,Consumer,West,Ahmedabad,Technology,Printers & Scanners,387.65,1,387.65,0.0,0.0,387.65,304.47,83.18,21.46,Same Day Priority,Credit Card,Delivered
ORD-2026-10659,2024-05-31,2024-06-05,CUST-1094,Meera Kapoor,Home Office,East,Patna,Technology,Laptops & Desktops,1692.74,3,5078.22,0.0,0.0,5078.22,3981.04,1097.18,21.61,Same Day Priority,Cash on Delivery,Shipped
ORD-2024-10277,2024-06-01,2024-06-02,CUST-1047,Deepak Verma,Consumer,Central,Bhopal,Office Supplies,Storage Solutions,86.24,1,86.24,0.1,8.62,77.62,65.75,11.87,15.29,Express Air,Cash on Delivery,Delivered
ORD-2025-10662,2024-06-01,2024-06-05,CUST-1144,Vikram Joshi,Consumer,East,Patna,Furniture,Office Chairs,417.01,1,417.01,0.05,20.85,396.16,296.2,99.96,25.23,Standard Delivery,Credit Card,Shipped
ORD-2025-10982,2024-06-01,2024-06-02,CUST-1072,Swati Malhotra,Home Office,Central,Bhopal,Furniture,Executive Desks,239.01,1,239.01,0.0,0.0,239.01,199.01,40.0,16.74,Freight Saver,Net Banking,Delivered
ORD-2023-11744,2024-06-01,2024-06-06,CUST-1071,Deepak Reddy,Consumer,West,Mumbai,Technology,Printers & Scanners,281.58,3,844.74,0.0,0.0,844.74,735.53,109.21,12.93,Same Day Priority,Cash on Delivery,Delivered
ORD-2026-12171,2024-06-01,2024-06-02,CUST-1005,Naveen Deshmukh,Consumer,West,Mumbai,Furniture,Bookcases & Shelving,269.89,1,269.89,0.1,26.99,242.9,228.2,14.7,6.05,Same Day Priority,Cash on Delivery,Delivered
ORD-2024-10093,2024-06-02,2024-06-03,CUST-1049,Meera Rao,Consumer,East,Patna,Office Supplies,Paper & Envelopes,40.03,1,40.03,0.0,0.0,40.03,25.07,14.96,37.37,Freight Saver,Corporate Purchase Order,Delivered
ORD-2024-11829,2024-06-02,2024-06-05,CUST-1140,Preeti Mehta,Consumer,South,Chennai,Office Supplies,Binders & Organizers,17.69,2,35.38,0.05,1.77,33.61,22.83,10.78,32.07,Express Air,Cash on Delivery,Shipped
ORD-2024-11221,2024-06-03,2024-06-05,CUST-1128,Swati Chopra,Corporate,Central,Bhopal,Technology,Printers & Scanners,421.62,3,1264.86,0.05,63.24,1201.62,1112.74,88.88,7.4,Express Air,Corporate Purchase Order,Delivered
ORD-2024-11877,2024-06-04,2024-06-06,CUST-1017,Aditya Verma,Home Office,East,Ranchi,Furniture,Conference Tables,757.03,4,3028.12,0.0,0.0,3028.12,2498.94,529.18,17.48,Same Day Priority,Cash on Delivery,Delivered
ORD-2024-11901,2024-06-04,2024-06-06,CUST-1014,Deepak Joshi,Consumer,North,Chandigarh,Technology,Printers & Scanners,484.08,2,968.16,0.05,48.41,919.75,798.25,121.5,13.21,Standard Delivery,Credit Card,Processing
ORD-2024-10293,2024-06-05,2024-06-07,CUST-1060,Preeti Mehta,Home Office,North,Jaipur,Furniture,Conference Tables,646.48,1,646.48,0.1,64.65,581.83,581.37,0.46,0.08,Standard Delivery,Cash on Delivery,Delivered
ORD-2026-11943,2024-06-05,2024-06-08,CUST-1130,Karan Rao,Home Office,West,Ahmedabad,Office Supplies,Binders & Organizers,13.53,3,40.59,0.0,0.0,40.59,18.72,21.87,53.88,Express Air,Cash on Delivery,Delivered
ORD-2024-11485,2024-06-06,2024-06-08,CUST-1106,Sneha Kulkarni,Consumer,North,New Delhi,Office Supplies,Storage Solutions,116.1,1,116.1,0.15,17.41,0.0,87.05,-13.06,11.79,Same Day Priority,Corporate Purchase Order,Returned
ORD-2023-10020,2024-06-08,2024-06-11,CUST-1043,Sunita Menon,Corporate,Central,Jabalpur,Office Supplies,Paper & Envelopes,36.78,1,36.78,0.0,0.0,36.78,21.49,15.29,41.57,Same Day Priority,Cash on Delivery,Processing
ORD-2023-10668,2024-06-11,2024-06-15,CUST-1142,Sunita Choudhury,Consumer,South,Kochi,Technology,Audio & Accessories,64.67,2,129.34,0.15,19.4,109.94,86.78,23.16,21.07,Freight Saver,Credit Card,Processing
ORD-2024-12081,2024-06-12,2024-06-14,CUST-1079,Sanjay Saxena,Corporate,South,Hyderabad,Office Supplies,Storage Solutions,74.29,1,74.29,0.25,18.57,55.72,55.24,0.48,0.86,Freight Saver,UPI / QR,Delivered
ORD-2023-12312,2024-06-12,2024-06-15,CUST-1011,Aditya Sharma,Consumer,West,Pune,Technology,Printers & Scanners,381.72,1,381.72,0.0,0.0,381.72,318.16,63.56,16.65,Freight Saver,Net Banking,Delivered
ORD-2025-12062,2024-06-13,2024-06-16,CUST-1001,Rajesh Mehta,Consumer,West,Goa,Technology,Smartphones & Tablets,452.58,1,452.58,0.15,67.89,384.69,370.07,14.62,3.8,Express Air,Cash on Delivery,Delivered
ORD-2025-10410,2024-06-14,2024-06-15,CUST-1019,Preeti Kulkarni,Consumer,North,Dehradun,Office Supplies,Storage Solutions,26.78,2,53.56,0.1,5.36,48.2,42.84,5.36,11.12,Standard Delivery,Corporate Purchase Order,Delivered
ORD-2023-10788,2024-06-14,2024-06-21,CUST-1005,Naveen Deshmukh,Consumer,East,Guwahati,Furniture,Executive Desks,462.3,1,462.3,0.05,23.12,439.18,380.63,58.55,13.33,Express Air,Credit Card,Delivered
ORD-2026-12051,2024-06-14,2024-06-15,CUST-1143,Aditya Chopra,Home Office,West,Surat,Furniture,Conference Tables,1336.36,1,1336.36,0.0,0.0,0.0,1161.27,-174.19,13.1,Freight Saver,Credit Card,Returned
ORD-2023-12188,2024-06-14,2024-06-15,CUST-1149,Deepak Reddy,Home Office,Central,Indore,Office Supplies,Writing Instruments,24.05,2,48.1,0.15,7.21,40.89,26.54,14.35,35.09,Freight Saver,Cash on Delivery,Processing
ORD-2023-11060,2024-06-16,2024-06-18,CUST-1044,Sanjay Menon,Corporate,South,Coimbatore,Furniture,Executive Desks,834.43,8,6675.44,0.0,0.0,6675.44,5246.18,1429.26,21.41,Standard Delivery,Credit Card,Delivered
ORD-2023-10496,2024-06-17,2024-06-18,CUST-1127,Aditya Kulkarni,Consumer,East,Ranchi,Technology,Audio & Accessories,150.74,1,150.74,0.0,0.0,0.0,103.61,-15.54,31.27,Express Air,Corporate Purchase Order,Returned
ORD-2024-10861,2024-06-18,2024-06-25,CUST-1132,Vikram Saxena,Corporate,Central,Indore,Furniture,Office Chairs,218.47,2,436.94,0.1,43.69,393.25,342.76,50.49,12.84,Express Air,Net Banking,Shipped
ORD-2024-12085,2024-06-19,2024-06-21,CUST-1009,Manish Choudhury,Corporate,South,Kochi,Office Supplies,Binders & Organizers,6.59,3,19.77,0.1,1.98,17.79,11.79,6.0,33.73,Standard Delivery,UPI / QR,Processing
ORD-2026-11915,2024-06-20,2024-06-22,CUST-1065,Divya Joshi,Corporate,West,Ahmedabad,Technology,Printers & Scanners,416.92,4,1667.68,0.2,333.54,1334.14,1431.46,-97.32,-7.29,Express Air,UPI / QR,Delivered
ORD-2026-12371,2024-06-20,2024-06-22,CUST-1122,Naveen Rao,Consumer,West,Surat,Office Supplies,Paper & Envelopes,27.69,2,55.38,0.2,11.08,44.3,35.45,8.85,19.98,Freight Saver,UPI / QR,Processing
ORD-2026-10167,2024-06-21,2024-06-24,CUST-1126,Vikram Joshi,Consumer,Central,Nagpur,Furniture,Conference Tables,1025.06,1,1025.06,0.15,153.76,871.3,859.27,12.03,1.38,Same Day Priority,Cash on Delivery,Shipped
ORD-2024-10449,2024-06-21,2024-06-23,CUST-1121,Ananya Menon,Consumer,North,Jaipur,Furniture,Conference Tables,1392.81,2,2785.62,0.0,0.0,2785.62,2294.04,491.58,17.65,Freight Saver,UPI / QR,Shipped
ORD-2025-11042,2024-06-21,2024-06-23,CUST-1111,Vikram Chopra,Consumer,North,Jaipur,Office Supplies,Paper & Envelopes,15.13,3,45.39,0.0,0.0,45.39,27.69,17.7,39.0,Express Air,Credit Card,Delivered
ORD-2023-10804,2024-06-22,2024-06-23,CUST-1036,Siddharth Iyer,Consumer,East,Kolkata,Office Supplies,Paper & Envelopes,35.54,1,35.54,0.0,0.0,35.54,23.76,11.78,33.15,Same Day Priority,Net Banking,Delivered
ORD-2023-12400,2024-06-24,2024-06-27,CUST-1133,Rohan Bose,Consumer,West,Surat,Technology,Audio & Accessories,169.28,2,338.56,0.25,84.64,0.0,203.5,-30.52,19.86,Same Day Priority,Net Banking,Returned
ORD-2026-12251,2024-06-25,2024-06-28,CUST-1111,Vikram Chopra,Consumer,West,Pune,Technology,Smartphones & Tablets,798.88,1,798.88,0.1,79.89,718.99,656.41,62.58,8.7,Same Day Priority,Net Banking,Shipped
ORD-2023-11224,2024-06-27,2024-06-30,CUST-1126,Vikram Joshi,Consumer,Central,Raipur,Furniture,Conference Tables,751.71,1,751.71,0.1,75.17,676.54,623.55,52.99,7.83,Same Day Priority,Cash on Delivery,Delivered
ORD-2025-11486,2024-06-27,2024-06-28,CUST-1096,Siddharth Joshi,Consumer,North,New Delhi,Technology,Laptops & Desktops,816.59,8,6532.72,0.0,0.0,6532.72,5263.6,1269.12,19.43,Freight Saver,Credit Card,Delivered
ORD-2023-11676,2024-06-27,2024-06-28,CUST-1002,Sunita Iyer,Consumer,North,Dehradun,Technology,Laptops & Desktops,1565.55,1,1565.55,0.0,0.0,1565.55,1254.06,311.49,19.9,Express Air,Cash on Delivery,Processing
ORD-2023-11012,2024-06-28,2024-06-30,CUST-1131,Ananya Patel,Home Office,West,Pune,Office Supplies,Writing Instruments,11.02,1,11.02,0.0,0.0,11.02,7.45,3.57,32.4,Same Day Priority,Corporate Purchase Order,Delivered
ORD-2025-11474,2024-06-28,2024-07-01,CUST-1053,Sunita Mehta,Home Office,West,Surat,Office Supplies,Binders & Organizers,20.69,1,20.69,0.05,1.03,19.66,13.11,6.55,33.32,Express Air,UPI / QR,Delivered
ORD-2025-10346,2024-06-29,2024-07-02,CUST-1083,Naveen Singh,Consumer,Central,Bhopal,Technology,Printers & Scanners,340.59,1,340.59,0.0,0.0,340.59,279.49,61.1,17.94,Standard Delivery,Net Banking,Delivered
ORD-2025-12158,2024-06-29,2024-07-04,CUST-1061,Pooja Saxena,Home Office,West,Pune,Technology,Smartphones & Tablets,1009.06,5,5045.299999999999,0.0,0.0,5045.3,4277.16,768.14,15.22,Express Air,Credit Card,Delivered
ORD-2024-10985,2024-06-30,2024-07-01,CUST-1116,Preeti Saxena,Consumer,North,Jaipur,Office Supplies,Paper & Envelopes,8.85,1,8.85,0.1,0.89,7.96,5.76,2.2,27.64,Express Air,Net Banking,Delivered
ORD-2026-11603,2024-06-30,2024-07-03,CUST-1020,Isha Chopra,Home Office,West,Pune,Technology,Audio & Accessories,102.83,1,102.83,0.0,0.0,102.83,60.18,42.65,41.48,Same Day Priority,Corporate Purchase Order,Shipped
ORD-2026-10067,2024-07-01,2024-07-02,CUST-1070,Tanvi Patel,Home Office,East,Patna,Technology,Smartphones & Tablets,995.89,2,1991.78,0.05,99.59,1892.19,1664.75,227.44,12.02,Standard Delivery,UPI / QR,Processing
ORD-2025-10314,2024-07-01,2024-07-04,CUST-1102,Priya Choudhury,Consumer,East,Ranchi,Office Supplies,Writing Instruments,19.71,2,39.42,0.05,1.97,37.45,26.27,11.18,29.85,Standard Delivery,Credit Card,Processing
ORD-2026-10435,2024-07-01,2024-07-03,CUST-1109,Sunita Choudhury,Home Office,East,Kolkata,Technology,Audio & Accessories,106.91,2,213.82,0.15,32.07,181.75,140.26,41.49,22.83,Same Day Priority,Corporate Purchase Order,Shipped
ORD-2023-11324,2024-07-02,2024-07-05,CUST-1022,Vikram Patel,Consumer,South,Bengaluru,Office Supplies,Binders & Organizers,10.47,4,41.88,0.15,6.28,35.6,19.68,15.92,44.72,Same Day Priority,UPI / QR,Delivered
ORD-2025-11422,2024-07-02,2024-07-03,CUST-1128,Swati Chopra,Corporate,West,Ahmedabad,Office Supplies,Binders & Organizers,32.36,2,64.72,0.0,0.0,64.72,41.03,23.69,36.6,Freight Saver,Net Banking,Shipped
ORD-2025-11606,2024-07-02,2024-07-03,CUST-1101,Karan Choudhury,Consumer,East,Bhubaneswar,Technology,Laptops & Desktops,1936.37,1,1936.37,0.15,290.46,1645.91,1495.47,150.44,9.14,Standard Delivery,Net Banking,Processing
ORD-2023-11756,2024-07-02,2024-07-03,CUST-1014,Deepak Joshi,Consumer,Central,Nagpur,Technology,Printers & Scanners,436.5,2,873.0,0.2,174.6,698.4,696.57,1.83,0.26,Same Day Priority,Cash on Delivery,Shipped
ORD-2025-11046,2024-07-03,2024-07-08,CUST-1074,Shweta Rao,Corporate,Central,Jabalpur,Technology,Audio & Accessories,184.23,2,368.46,0.0,0.0,368.46,253.77,114.69,31.13,Same Day Priority,Cash on Delivery,Processing
ORD-2023-11052,2024-07-03,2024-07-04,CUST-1025,Siddharth Iyer,Corporate,West,Pune,Technology,Laptops & Desktops,615.77,1,615.77,0.1,61.58,554.19,487.86,66.33,11.97,Freight Saver,Credit Card,Delivered
ORD-2023-11284,2024-07-03,2024-07-04,CUST-1110,Manish Malhotra,Consumer,East,Patna,Furniture,Bookcases & Shelving,292.18,1,292.18,0.0,0.0,292.18,250.22,41.96,14.36,Standard Delivery,UPI / QR,Delivered
ORD-2026-12415,2024-07-04,2024-07-06,CUST-1051,Karan Saxena,Corporate,North,Chandigarh,Technology,Audio & Accessories,108.61,1,108.61,0.15,16.29,92.32,67.12,25.2,27.3,Standard Delivery,Net Banking,Delivered
ORD-2026-10323,2024-07-05,2024-07-06,CUST-1113,Isha Verma,Home Office,North,Chandigarh,Technology,Laptops & Desktops,1389.73,1,1389.73,0.0,0.0,1389.73,1028.47,361.26,25.99,Same Day Priority,Corporate Purchase Order,Processing
ORD-2025-10502,2024-07-05,2024-07-07,CUST-1002,Sunita Iyer,Consumer,East,Kolkata,Furniture,Conference Tables,723.65,3,2170.95,0.1,217.09,0.0,1746.01,-261.9,10.64,Express Air,Credit Card,Returned
ORD-2026-11203,2024-07-05,2024-07-08,CUST-1023,Swati Singh,Corporate,East,Bhubaneswar,Technology,Laptops & Desktops,1120.39,2,2240.78,0.0,0.0,2240.78,1763.99,476.79,21.28,Standard Delivery,Credit Card,Processing
ORD-2023-11824,2024-07-05,2024-07-09,CUST-1019,Preeti Kulkarni,Consumer,South,Coimbatore,Technology,Printers & Scanners,540.9,2,1081.8,0.2,216.36,865.44,931.86,-66.42,-7.67,Express Air,Net Banking,Delivered
ORD-2023-10816,2024-07-06,2024-07-10,CUST-1020,Isha Chopra,Home Office,North,Dehradun,Office Supplies,Storage Solutions,26.91,3,80.73,0.05,4.04,0.0,53.46,-8.02,30.29,Standard Delivery,Cash on Delivery,Returned
ORD-2026-11827,2024-07-06,2024-07-08,CUST-1102,Priya Choudhury,Consumer,West,Surat,Office Supplies,Storage Solutions,26.12,1,26.12,0.1,2.61,23.51,18.27,5.24,22.29,Freight Saver,Credit Card,Delivered
ORD-2024-10749,2024-07-08,2024-07-09,CUST-1051,Karan Saxena,Corporate,West,Goa,Office Supplies,Writing Instruments,8.6,2,17.2,0.0,0.0,17.2,9.25,7.95,46.22,Freight Saver,Corporate Purchase Order,Delivered
ORD-2024-11449,2024-07-08,2024-07-10,CUST-1065,Divya Joshi,Corporate,East,Guwahati,Technology,Smartphones & Tablets,300.44,4,1201.76,0.05,60.09,1141.67,998.67,143.0,12.53,Standard Delivery,Net Banking,Delivered
ORD-2023-11460,2024-07-08,2024-07-10,CUST-1140,Preeti Mehta,Consumer,South,Coimbatore,Technology,Audio & Accessories,151.1,1,151.1,0.0,0.0,151.1,107.86,43.24,28.62,Same Day Priority,Credit Card,Processing
ORD-2023-12208,2024-07-08,2024-07-10,CUST-1004,Ananya Choudhury,Consumer,Central,Raipur,Office Supplies,Paper & Envelopes,31.93,4,127.72,0.2,25.54,102.18,78.17,24.01,23.5,Same Day Priority,Net Banking,Delivered
ORD-2025-12294,2024-07-08,2024-07-10,CUST-1149,Deepak Reddy,Home Office,East,Patna,Furniture,Executive Desks,434.78,1,434.78,0.05,21.74,413.04,377.42,35.62,8.62,Express Air,Credit Card,Delivered
ORD-2026-12175,2024-07-09,2024-07-12,CUST-1079,Sanjay Saxena,Corporate,West,Surat,Technology,Audio & Accessories,156.85,2,313.7,0.05,15.69,298.01,232.34,65.67,22.04,Standard Delivery,UPI / QR,Delivered
ORD-2025-12466,2024-07-09,2024-07-10,CUST-1068,Priya Singh,Home Office,West,Goa,Office Supplies,Writing Instruments,19.52,2,39.04,0.0,0.0,39.04,27.06,11.98,30.69,Standard Delivery,UPI / QR,Delivered
ORD-2024-10249,2024-07-10,2024-07-14,CUST-1123,Divya Patel,Corporate,West,Pune,Technology,Laptops & Desktops,2170.51,3,6511.530000000001,0.0,0.0,6511.53,4746.11,1765.42,27.11,Freight Saver,Cash on Delivery,Processing
ORD-2024-10685,2024-07-10,2024-07-17,CUST-1134,Sanjay Singh,Corporate,West,Pune,Office Supplies,Storage Solutions,83.81,1,83.81,0.0,0.0,83.81,57.67,26.14,31.19,Standard Delivery,Corporate Purchase Order,Delivered
ORD-2026-11123,2024-07-10,2024-07-12,CUST-1103,Rahul Singh,Consumer,Central,Jabalpur,Furniture,Office Chairs,220.57,2,441.14,0.15,66.17,374.97,353.48,21.49,5.73,Same Day Priority,Net Banking,Delivered
ORD-2026-11495,2024-07-11,2024-07-12,CUST-1056,Pooja Deshmukh,Consumer,South,Hyderabad,Technology,Smartphones & Tablets,972.15,2,1944.3,0.0,0.0,1944.3,1558.8,385.5,19.83,Same Day Priority,UPI / QR,Processing
ORD-2023-11632,2024-07-11,2024-07-15,CUST-1131,Ananya Patel,Home Office,Central,Indore,Technology,Printers & Scanners,599.13,1,599.13,0.0,0.0,599.13,470.97,128.16,21.39,Freight Saver,Corporate Purchase Order,Delivered
ORD-2023-10500,2024-07-12,2024-07-14,CUST-1150,Aditya Nair,Home Office,South,Coimbatore,Office Supplies,Paper & Envelopes,27.46,2,54.92,0.05,2.75,52.17,37.6,14.57,27.93,Freight Saver,UPI / QR,Delivered
ORD-2026-10983,2024-07-12,2024-07-15,CUST-1118,Shweta Nair,Consumer,North,Jaipur,Furniture,Executive Desks,854.03,4,3416.12,0.0,0.0,3416.12,2780.56,635.56,18.6,Same Day Priority,Corporate Purchase Order,Delivered
ORD-2026-11659,2024-07-12,2024-07-14,CUST-1072,Swati Malhotra,Home Office,East,Ranchi,Office Supplies,Paper & Envelopes,39.95,2,79.9,0.1,7.99,71.91,53.73,18.18,25.28,Express Air,UPI / QR,Delivered
ORD-2023-11520,2024-07-13,2024-07-17,CUST-1111,Vikram Chopra,Consumer,West,Pune,Furniture,Office Chairs,101.67,1,101.67,0.15,15.25,86.42,75.42,11.0,12.73,Express Air,Cash on Delivery,Delivered
ORD-2026-11667,2024-07-13,2024-07-20,CUST-1036,Siddharth Iyer,Consumer,North,Jaipur,Technology,Audio & Accessories,147.89,4,591.56,0.0,0.0,591.56,432.96,158.6,26.81,Standard Delivery,Cash on Delivery,Delivered
ORD-2025-10118,2024-07-14,2024-07-16,CUST-1147,Rahul Deshmukh,Corporate,Central,Raipur,Office Supplies,Storage Solutions,102.75,5,513.75,0.15,77.06,436.69,388.62,48.07,11.01,Same Day Priority,UPI / QR,Delivered
ORD-2025-12282,2024-07-14,2024-07-16,CUST-1123,Divya Patel,Corporate,East,Kolkata,Technology,Printers & Scanners,495.03,1,495.03,0.05,24.75,470.28,430.4,39.88,8.48,Same Day Priority,Net Banking,Delivered
ORD-2026-10663,2024-07-15,2024-07-18,CUST-1034,Swati Joshi,Consumer,East,Kolkata,Office Supplies,Paper & Envelopes,37.39,2,74.78,0.1,7.48,67.3,46.4,20.9,31.05,Standard Delivery,Credit Card,Delivered
ORD-2023-10784,2024-07-15,2024-07-16,CUST-1064,Deepak Saxena,Consumer,Central,Nagpur,Technology,Printers & Scanners,167.37,1,167.37,0.0,0.0,167.37,143.09,24.28,14.51,Standard Delivery,UPI / QR,Delivered
ORD-2026-11583,2024-07-15,2024-07-17,CUST-1039,Tanvi Kulkarni,Home Office,Central,Raipur,Technology,Laptops & Desktops,2035.68,1,2035.68,0.0,0.0,0.0,1542.88,-231.43,24.21,Standard Delivery,Corporate Purchase Order,Returned
ORD-2023-10076,2024-07-16,2024-07-18,CUST-1091,Ritu Deshmukh,Consumer,Central,Bhopal,Technology,Printers & Scanners,166.92,1,166.92,0.0,0.0,166.92,136.13,30.79,18.45,Standard Delivery,Cash on Delivery,Shipped
ORD-2023-10096,2024-07-16,2024-07-19,CUST-1015,Rahul Kulkarni,Consumer,North,Lucknow,Technology,Smartphones & Tablets,1062.23,1,1062.23,0.1,106.22,956.01,819.9,136.11,14.24,Standard Delivery,Credit Card,Delivered
ORD-2024-12253,2024-07-16,2024-07-17,CUST-1106,Sneha Kulkarni,Consumer,North,Dehradun,Furniture,Executive Desks,244.37,1,244.37,0.1,24.44,219.93,211.67,8.26,3.76,Express Air,Cash on Delivery,Shipped
ORD-2024-12405,2024-07-16,2024-07-17,CUST-1001,Rajesh Mehta,Consumer,West,Pune,Technology,Audio & Accessories,172.53,1,172.53,0.0,0.0,172.53,103.93,68.6,39.76,Express Air,Corporate Purchase Order,Delivered
ORD-2025-11766,2024-07-17,2024-07-19,CUST-1031,Sunita Singh,Consumer,South,Bengaluru,Office Supplies,Storage Solutions,99.46,2,198.92,0.0,0.0,198.92,136.06,62.86,31.6,Freight Saver,Credit Card,Delivered
ORD-2025-12014,2024-07-18,2024-07-21,CUST-1046,Amit Malhotra,Consumer,Central,Indore,Furniture,Bookcases & Shelving,295.52,2,591.04,0.05,29.55,561.49,489.31,72.18,12.86,Freight Saver,Net Banking,Shipped
ORD-2026-12071,2024-07-18,2024-07-20,CUST-1036,Siddharth Iyer,Consumer,North,New Delhi,Office Supplies,Writing Instruments,12.52,1,12.52,0.05,0.63,11.89,7.14,4.75,39.95,Standard Delivery,UPI / QR,Delivered
ORD-2026-10223,2024-07-19,2024-07-21,CUST-1004,Ananya Choudhury,Consumer,Central,Jabalpur,Furniture,Conference Tables,479.4,1,479.4,0.05,23.97,455.43,403.53,51.9,11.4,Standard Delivery,UPI / QR,Shipped
ORD-2024-11137,2024-07-19,2024-07-26,CUST-1087,Aditya Malhotra,Consumer,North,New Delhi,Office Supplies,Paper & Envelopes,36.69,2,73.38,0.15,11.01,62.37,40.75,21.62,34.66,Standard Delivery,Net Banking,Delivered
ORD-2025-10934,2024-07-20,2024-07-22,CUST-1013,Aditya Reddy,Consumer,East,Ranchi,Furniture,Bookcases & Shelving,328.27,1,328.27,0.05,16.41,0.0,254.86,-38.23,18.28,Same Day Priority,Corporate Purchase Order,Returned
ORD-2026-11967,2024-07-20,2024-07-22,CUST-1020,Isha Chopra,Home Office,East,Patna,Furniture,Conference Tables,1411.81,2,2823.62,0.1,282.36,2541.26,2425.95,115.31,4.54,Freight Saver,UPI / QR,Delivered
ORD-2026-11127,2024-07-21,2024-07-23,CUST-1002,Sunita Iyer,Consumer,West,Pune,Office Supplies,Writing Instruments,6.1,2,12.2,0.0,0.0,12.2,7.14,5.06,41.48,Standard Delivery,Corporate Purchase Order,Processing
ORD-2026-11931,2024-07-22,2024-07-27,CUST-1009,Manish Choudhury,Corporate,Central,Jabalpur,Furniture,Executive Desks,726.96,2,1453.92,0.1,145.39,1308.53,1113.99,194.54,14.87,Same Day Priority,UPI / QR,Delivered
ORD-2024-12233,2024-07-22,2024-07-23,CUST-1035,Neha Verma,Corporate,Central,Indore,Furniture,Office Chairs,335.76,5,1678.8,0.05,83.94,1594.86,1251.87,342.99,21.51,Same Day Priority,UPI / QR,Processing
ORD-2026-10555,2024-07-23,2024-07-28,CUST-1137,Pooja Rao,Home Office,West,Ahmedabad,Technology,Smartphones & Tablets,567.76,4,2271.04,0.15,340.66,1930.38,1705.49,224.89,11.65,Express Air,Corporate Purchase Order,Delivered
ORD-2023-11916,2024-07-23,2024-07-25,CUST-1125,Amit Joshi,Corporate,Central,Indore,Furniture,Executive Desks,717.57,1,717.57,0.0,0.0,717.57,540.81,176.76,24.63,Express Air,Cash on Delivery,Delivered
ORD-2024-10005,2024-07-24,2024-07-28,CUST-1072,Swati Malhotra,Home Office,East,Guwahati,Technology,Audio & Accessories,189.67,1,189.67,0.25,47.42,142.25,135.48,6.77,4.76,Same Day Priority,UPI / QR,Delivered
ORD-2023-11368,2024-07-24,2024-07-29,CUST-1012,Manish Deshmukh,Corporate,East,Bhubaneswar,Office Supplies,Paper & Envelopes,8.91,5,44.55,0.0,0.0,44.55,26.56,17.99,40.38,Standard Delivery,UPI / QR,Delivered
ORD-2026-12295,2024-07-24,2024-07-29,CUST-1132,Vikram Saxena,Corporate,Central,Raipur,Furniture,Office Chairs,99.62,1,99.62,0.05,4.98,94.64,70.24,24.4,25.78,Standard Delivery,Credit Card,Processing
ORD-2026-10779,2024-07-26,2024-07-27,CUST-1036,Siddharth Iyer,Consumer,Central,Indore,Technology,Smartphones & Tablets,398.2,3,1194.6,0.15,179.19,1015.41,1011.13,4.28,0.42,Express Air,Corporate Purchase Order,Processing
ORD-2023-11724,2024-07-27,2024-07-29,CUST-1080,Ananya Singh,Consumer,East,Guwahati,Furniture,Office Chairs,439.59,1,439.59,0.0,0.0,0.0,341.78,-51.27,22.25,Standard Delivery,UPI / QR,Returned
ORD-2026-10619,2024-07-28,2024-07-29,CUST-1066,Aarav Mehta,Corporate,West,Mumbai,Furniture,Conference Tables,454.01,2,908.02,0.15,136.2,771.82,732.61,39.21,5.08,Standard Delivery,Net Banking,Delivered
ORD-2024-11405,2024-07-28,2024-07-30,CUST-1150,Aditya Nair,Home Office,North,Chandigarh,Office Supplies,Paper & Envelopes,31.93,8,255.44,0.05,12.77,242.67,164.19,78.48,32.34,Freight Saver,Net Banking,Delivered
ORD-2026-11707,2024-07-28,2024-07-31,CUST-1005,Naveen Deshmukh,Consumer,West,Pune,Office Supplies,Binders & Organizers,6.23,1,6.23,0.1,0.62,5.61,3.22,2.39,42.6,Freight Saver,Net Banking,Shipped
ORD-2024-10497,2024-07-29,2024-08-01,CUST-1111,Vikram Chopra,Consumer,East,Patna,Furniture,Bookcases & Shelving,250.26,1,250.26,0.0,0.0,250.26,198.1,52.16,20.84,Freight Saver,Credit Card,Shipped
ORD-2024-12221,2024-07-30,2024-07-31,CUST-1073,Sneha Iyer,Home Office,North,Jaipur,Office Supplies,Binders & Organizers,18.22,1,18.22,0.15,2.73,15.49,9.37,6.12,39.51,Same Day Priority,UPI / QR,Delivered
ORD-2026-10687,2024-07-31,2024-08-01,CUST-1028,Swati Iyer,Home Office,North,Chandigarh,Furniture,Bookcases & Shelving,148.2,1,148.2,0.2,29.64,118.56,126.14,-7.58,-6.39,Standard Delivery,Cash on Delivery,Shipped
ORD-2026-10803,2024-07-31,2024-08-05,CUST-1147,Rahul Deshmukh,Corporate,West,Surat,Furniture,Conference Tables,689.18,1,689.18,0.1,68.92,620.26,562.04,58.22,9.39,Freight Saver,Corporate Purchase Order,Delivered
ORD-2024-12465,2024-07-31,2024-08-03,CUST-1082,Naveen Choudhury,Consumer,North,Lucknow,Technology,Laptops & Desktops,2034.22,2,4068.44,0.0,0.0,4068.44,2985.96,1082.48,26.61,Express Air,UPI / QR,Delivered
ORD-2025-10070,2024-08-03,2024-08-06,CUST-1125,Amit Joshi,Corporate,Central,Nagpur,Technology,Printers & Scanners,593.0,1,593.0,0.0,0.0,593.0,465.78,127.22,21.45,Express Air,Net Banking,Delivered
ORD-2026-10623,2024-08-03,2024-08-04,CUST-1009,Manish Choudhury,Corporate,Central,Nagpur,Technology,Laptops & Desktops,1037.52,3,3112.56,0.05,155.63,2956.93,2355.87,601.06,20.33,Express Air,Corporate Purchase Order,Delivered
ORD-2023-10760,2024-08-03,2024-08-05,CUST-1145,Swati Iyer,Home Office,West,Mumbai,Furniture,Office Chairs,318.69,4,1274.76,0.1,127.48,1147.28,1075.39,71.89,6.27,Same Day Priority,Credit Card,Delivered
ORD-2023-11492,2024-08-04,2024-08-07,CUST-1116,Preeti Saxena,Consumer,North,Jaipur,Technology,Laptops & Desktops,1568.07,2,3136.14,0.0,0.0,0.0,2273.23,-340.98,27.52,Express Air,Cash on Delivery,Returned
ORD-2023-10300,2024-08-05,2024-08-08,CUST-1144,Vikram Joshi,Consumer,Central,Nagpur,Technology,Audio & Accessories,68.47,5,342.35,0.05,17.12,325.23,229.1,96.13,29.56,Standard Delivery,Net Banking,Delivered
ORD-2023-10652,2024-08-06,2024-08-07,CUST-1102,Priya Choudhury,Consumer,West,Ahmedabad,Office Supplies,Binders & Organizers,24.99,5,124.95,0.2,24.99,99.96,56.65,43.31,43.33,Standard Delivery,Corporate Purchase Order,Delivered
ORD-2026-11595,2024-08-06,2024-08-09,CUST-1005,Naveen Deshmukh,Consumer,South,Coimbatore,Technology,Laptops & Desktops,1519.87,1,1519.87,0.1,151.99,1367.88,1164.41,203.47,14.87,Express Air,Credit Card,Delivered
ORD-2026-11947,2024-08-06,2024-08-09,CUST-1103,Rahul Singh,Consumer,West,Goa,Office Supplies,Storage Solutions,67.75,2,135.5,0.05,6.78,128.72,99.11,29.61,23.0,Freight Saver,UPI / QR,Delivered
ORD-2024-10541,2024-08-07,2024-08-08,CUST-1066,Aarav Mehta,Corporate,North,Chandigarh,Technology,Printers & Scanners,455.37,1,455.37,0.2,91.07,364.3,392.46,-28.16,-7.73,Standard Delivery,Net Banking,Delivered
ORD-2025-11238,2024-08-07,2024-08-08,CUST-1016,Kavita Bose,Home Office,North,New Delhi,Furniture,Conference Tables,1450.08,2,2900.16,0.1,290.02,2610.14,2479.21,130.93,5.02,Freight Saver,Net Banking,Shipped
ORD-2025-11970,2024-08-08,2024-08-12,CUST-1081,Rahul Joshi,Consumer,East,Ranchi,Furniture,Conference Tables,550.95,1,550.95,0.0,0.0,550.95,476.32,74.63,13.55,Express Air,UPI / QR,Shipped
ORD-2025-12326,2024-08-08,2024-08-10,CUST-1112,Priya Menon,Home Office,East,Bhubaneswar,Technology,Laptops & Desktops,1421.68,1,1421.68,0.0,0.0,1421.68,1060.81,360.87,25.38,Standard Delivery,UPI / QR,Processing
ORD-2025-12358,2024-08-08,2024-08-10,CUST-1135,Pooja Nair,Corporate,West,Mumbai,Furniture,Bookcases & Shelving,298.41,1,298.41,0.05,14.92,0.0,241.74,-36.26,14.73,Standard Delivery,Credit Card,Returned
ORD-2026-10963,2024-08-09,2024-08-11,CUST-1146,Tanvi Iyer,Consumer,East,Kolkata,Office Supplies,Storage Solutions,103.17,4,412.68,0.2,82.54,330.14,295.8,34.34,10.4,Freight Saver,Credit Card,Delivered
ORD-2026-10643,2024-08-10,2024-08-12,CUST-1110,Manish Malhotra,Consumer,Central,Indore,Technology,Laptops & Desktops,2115.93,1,2115.93,0.0,0.0,2115.93,1715.99,399.94,18.9,Standard Delivery,UPI / QR,Processing
ORD-2023-10956,2024-08-11,2024-08-14,CUST-1015,Rahul Kulkarni,Consumer,Central,Bhopal,Technology,Laptops & Desktops,1091.39,2,2182.78,0.2,436.56,1746.22,1671.4,74.82,4.28,Same Day Priority,UPI / QR,Shipped
ORD-2025-11066,2024-08-11,2024-08-13,CUST-1126,Vikram Joshi,Consumer,West,Goa,Furniture,Conference Tables,1372.11,2,2744.22,0.1,274.42,2469.8,2327.19,142.61,5.77,Freight Saver,Net Banking,Shipped
ORD-2025-11954,2024-08-11,2024-08-13,CUST-1105,Vikram Kulkarni,Consumer,Central,Bhopal,Furniture,Executive Desks,442.31,1,442.31,0.0,0.0,0.0,342.35,-51.35,22.6,Standard Delivery,UPI / QR,Returned
ORD-2024-11989,2024-08-12,2024-08-14,CUST-1045,Kavita Singh,Consumer,South,Hyderabad,Technology,Audio & Accessories,174.02,4,696.08,0.0,0.0,696.08,389.16,306.92,44.09,Freight Saver,Cash on Delivery,Delivered
ORD-2026-12423,2024-08-12,2024-08-15,CUST-1056,Pooja Deshmukh,Consumer,Central,Nagpur,Furniture,Conference Tables,1040.0,4,4160.0,0.05,208.0,0.0,3525.42,-528.81,10.79,Express Air,Net Banking,Returned
ORD-2026-11743,2024-08-13,2024-08-18,CUST-1066,Aarav Mehta,Corporate,Central,Raipur,Furniture,Executive Desks,600.08,2,1200.16,0.05,60.01,1140.15,1026.01,114.14,10.01,Express Air,Credit Card,Delivered
ORD-2023-12352,2024-08-13,2024-08-15,CUST-1089,Preeti Menon,Home Office,South,Bengaluru,Technology,Laptops & Desktops,1948.08,3,5844.24,0.0,0.0,5844.24,4720.71,1123.53,19.22,Same Day Priority,UPI / QR,Processing
ORD-2026-12431,2024-08-13,2024-08-16,CUST-1064,Deepak Saxena,Consumer,West,Goa,Furniture,Office Chairs,86.3,1,86.3,0.0,0.0,86.3,69.07,17.23,19.97,Same Day Priority,Cash on Delivery,Delivered
ORD-2023-11332,2024-08-14,2024-08-16,CUST-1096,Siddharth Joshi,Consumer,South,Bengaluru,Technology,Printers & Scanners,356.31,3,1068.93,0.15,160.34,908.59,904.94,3.65,0.4,Standard Delivery,Credit Card,Delivered
ORD-2026-10135,2024-08-15,2024-08-16,CUST-1148,Priya Sharma,Corporate,East,Guwahati,Furniture,Bookcases & Shelving,163.44,4,653.76,0.25,163.44,490.32,534.42,-44.1,-8.99,Freight Saver,Net Banking,Delivered
ORD-2024-10997,2024-08-15,2024-08-16,CUST-1133,Rohan Bose,Consumer,West,Pune,Furniture,Office Chairs,434.04,2,868.08,0.0,0.0,868.08,697.42,170.66,19.66,Freight Saver,Cash on Delivery,Delivered
ORD-2025-11118,2024-08-15,2024-08-16,CUST-1029,Preeti Patel,Home Office,East,Bhubaneswar,Technology,Smartphones & Tablets,640.92,1,640.92,0.15,96.14,544.78,510.84,33.94,6.23,Freight Saver,Net Banking,Delivered
ORD-2025-10322,2024-08-16,2024-08-17,CUST-1117,Priya Saxena,Consumer,Central,Raipur,Technology,Printers & Scanners,234.51,1,234.51,0.0,0.0,234.51,193.82,40.69,17.35,Express Air,UPI / QR,Delivered
ORD-2026-10759,2024-08-16,2024-08-18,CUST-1026,Rajesh Bose,Consumer,Central,Raipur,Technology,Audio & Accessories,96.5,2,193.0,0.0,0.0,193.0,128.66,64.34,33.34,Freight Saver,Credit Card,Delivered
ORD-2024-11761,2024-08-16,2024-08-17,CUST-1100,Karan Singh,Consumer,West,Goa,Technology,Laptops & Desktops,1142.01,1,1142.01,0.1,114.2,1027.81,837.85,189.96,18.48,Freight Saver,Credit Card,Processing
ORD-2023-12268,2024-08-16,2024-08-18,CUST-1079,Sanjay Saxena,Corporate,Central,Bhopal,Technology,Laptops & Desktops,1489.69,2,2979.38,0.1,297.94,0.0,2270.77,-340.62,15.32,Freight Saver,Net Banking,Returned
ORD-2025-12458,2024-08-16,2024-08-17,CUST-1129,Arjun Patel,Consumer,South,Bengaluru,Technology,Laptops & Desktops,1604.02,2,3208.04,0.15,481.21,2726.83,2399.76,327.07,11.99,Standard Delivery,Credit Card,Delivered
ORD-2025-11846,2024-08-17,2024-08-19,CUST-1014,Deepak Joshi,Consumer,East,Ranchi,Office Supplies,Storage Solutions,118.62,1,118.62,0.1,11.86,106.76,78.39,28.37,26.57,Freight Saver,UPI / QR,Processing
ORD-2026-11863,2024-08-17,2024-08-24,CUST-1025,Siddharth Iyer,Corporate,Central,Jabalpur,Office Supplies,Writing Instruments,6.94,1,6.94,0.0,0.0,0.0,3.47,-0.52,50.0,Same Day Priority,UPI / QR,Returned
ORD-2026-12267,2024-08-17,2024-08-21,CUST-1030,Rajesh Nair,Home Office,North,Chandigarh,Technology,Smartphones & Tablets,795.4,4,3181.6,0.1,318.16,2863.44,2544.48,318.96,11.14,Express Air,UPI / QR,Delivered
ORD-2024-10241,2024-08-18,2024-08-20,CUST-1134,Sanjay Singh,Corporate,Central,Jabalpur,Technology,Smartphones & Tablets,574.19,4,2296.76,0.0,0.0,2296.76,1908.97,387.79,16.88,Freight Saver,UPI / QR,Delivered
ORD-2023-11148,2024-08-18,2024-08-22,CUST-1011,Aditya Sharma,Consumer,South,Kochi,Office Supplies,Writing Instruments,11.14,2,22.28,0.0,0.0,22.28,11.32,10.96,49.19,Standard Delivery,UPI / QR,Delivered
ORD-2024-11869,2024-08-18,2024-08-19,CUST-1113,Isha Verma,Home Office,North,Lucknow,Technology,Smartphones & Tablets,757.33,5,3786.65,0.0,0.0,3786.65,2856.17,930.48,24.57,Same Day Priority,Corporate Purchase Order,Delivered
ORD-2025-10158,2024-08-19,2024-08-22,CUST-1126,Vikram Joshi,Consumer,Central,Indore,Technology,Audio & Accessories,168.8,1,168.8,0.0,0.0,168.8,107.56,61.24,36.28,Express Air,Cash on Delivery,Delivered
ORD-2026-10879,2024-08-19,2024-08-21,CUST-1041,Rohan Singh,Home Office,Central,Nagpur,Furniture,Conference Tables,1124.27,1,1124.27,0.15,168.64,955.63,997.39,-41.76,-4.37,Same Day Priority,Corporate Purchase Order,Delivered
ORD-2023-10040,2024-08-20,2024-08-22,CUST-1070,Tanvi Patel,Home Office,West,Surat,Office Supplies,Binders & Organizers,18.7,1,18.7,0.0,0.0,18.7,9.91,8.79,47.01,Express Air,UPI / QR,Delivered
ORD-2026-11727,2024-08-20,2024-08-22,CUST-1122,Naveen Rao,Consumer,Central,Nagpur,Technology,Smartphones & Tablets,955.52,1,955.52,0.15,143.33,812.19,721.06,91.13,11.22,Standard Delivery,UPI / QR,Delivered
ORD-2024-11769,2024-08-21,2024-08-23,CUST-1023,Swati Singh,Corporate,Central,Raipur,Furniture,Office Chairs,232.33,4,929.32,0.0,0.0,929.32,744.11,185.21,19.93,Standard Delivery,UPI / QR,Delivered
ORD-2026-10351,2024-08-22,2024-08-26,CUST-1099,Meera Nair,Corporate,South,Kochi,Furniture,Office Chairs,414.43,2,828.86,0.05,41.44,787.42,693.59,93.83,11.92,Express Air,Cash on Delivery,Delivered
ORD-2026-10467,2024-08-24,2024-08-27,CUST-1126,Vikram Joshi,Consumer,Central,Nagpur,Furniture,Office Chairs,432.45,1,432.45,0.05,21.62,410.83,308.23,102.6,24.97,Freight Saver,Corporate Purchase Order,Delivered
ORD-2024-12137,2024-08-24,2024-08-25,CUST-1092,Ananya Mehta,Home Office,East,Guwahati,Furniture,Bookcases & Shelving,160.51,1,160.51,0.1,16.05,144.46,135.41,9.05,6.26,Freight Saver,Net Banking,Delivered
ORD-2024-12217,2024-08-24,2024-08-26,CUST-1014,Deepak Joshi,Consumer,East,Kolkata,Technology,Laptops & Desktops,681.99,2,1363.98,0.15,204.6,1159.38,1050.76,108.62,9.37,Same Day Priority,UPI / QR,Processing
ORD-2025-10878,2024-08-27,2024-08-30,CUST-1085,Rahul Verma,Corporate,West,Ahmedabad,Furniture,Office Chairs,361.69,1,361.69,0.0,0.0,361.69,295.45,66.24,18.31,Same Day Priority,Cash on Delivery,Delivered
ORD-2024-12361,2024-08-27,2024-08-28,CUST-1017,Aditya Verma,Home Office,East,Ranchi,Office Supplies,Binders & Organizers,7.6,5,38.0,0.0,0.0,38.0,22.62,15.38,40.47,Express Air,Net Banking,Delivered
ORD-2024-11133,2024-08-28,2024-08-30,CUST-1138,Amit Sharma,Home Office,West,Mumbai,Office Supplies,Paper & Envelopes,37.47,1,37.47,0.0,0.0,37.47,20.71,16.76,44.73,Standard Delivery,Cash on Delivery,Delivered
ORD-2024-12257,2024-08-28,2024-08-30,CUST-1127,Aditya Kulkarni,Consumer,East,Guwahati,Technology,Audio & Accessories,195.96,1,195.96,0.0,0.0,195.96,111.83,84.13,42.93,Express Air,Corporate Purchase Order,Delivered
ORD-2026-10247,2024-08-29,2024-08-31,CUST-1013,Aditya Reddy,Consumer,North,Chandigarh,Office Supplies,Writing Instruments,11.56,2,23.12,0.05,1.16,0.0,15.65,-2.35,28.73,Standard Delivery,UPI / QR,Returned
ORD-2026-11427,2024-08-29,2024-08-31,CUST-1029,Preeti Patel,Home Office,East,Guwahati,Technology,Printers & Scanners,394.55,2,789.1,0.25,197.28,0.0,670.9,-100.63,-13.36,Standard Delivery,UPI / QR,Returned
ORD-2023-10824,2024-08-30,2024-08-31,CUST-1076,Manish Gupta,Home Office,East,Guwahati,Technology,Audio & Accessories,125.85,1,125.85,0.0,0.0,125.85,77.15,48.7,38.7,Same Day Priority,Cash on Delivery,Shipped
ORD-2025-11878,2024-08-30,2024-09-01,CUST-1059,Deepak Nair,Home Office,East,Guwahati,Office Supplies,Binders & Organizers,30.64,3,91.92,0.0,0.0,91.92,41.76,50.16,54.57,Same Day Priority,Cash on Delivery,Delivered
ORD-2024-11109,2024-09-01,2024-09-02,CUST-1104,Meera Malhotra,Corporate,North,Jaipur,Office Supplies,Storage Solutions,33.83,1,33.83,0.1,3.38,30.45,26.37,4.08,13.4,Standard Delivery,Cash on Delivery,Delivered
ORD-2023-11444,2024-09-02,2024-09-06,CUST-1149,Deepak Reddy,Home Office,Central,Bhopal,Furniture,Conference Tables,514.13,2,1028.26,0.05,51.41,0.0,823.79,-123.57,15.67,Same Day Priority,UPI / QR,Returned
ORD-2023-11596,2024-09-02,2024-09-06,CUST-1024,Rahul Singh,Consumer,North,Dehradun,Technology,Laptops & Desktops,1711.72,1,1711.72,0.0,0.0,1711.72,1313.08,398.64,23.29,Freight Saver,Corporate Purchase Order,Processing
ORD-2023-11684,2024-09-03,2024-09-06,CUST-1008,Aarav Choudhury,Consumer,West,Mumbai,Technology,Audio & Accessories,38.9,1,38.9,0.0,0.0,38.9,24.4,14.5,37.28,Express Air,Cash on Delivery,Shipped
ORD-2025-10150,2024-09-04,2024-09-05,CUST-1062,Vikram Reddy,Corporate,Central,Raipur,Furniture,Bookcases & Shelving,208.99,3,626.97,0.15,94.05,532.92,499.87,33.05,6.2,Standard Delivery,Cash on Delivery,Processing
ORD-2026-12055,2024-09-04,2024-09-08,CUST-1106,Sneha Kulkarni,Consumer,North,New Delhi,Technology,Printers & Scanners,579.01,2,1158.02,0.0,0.0,1158.02,917.02,241.0,20.81,Same Day Priority,Net Banking,Processing
ORD-2024-12409,2024-09-04,2024-09-11,CUST-1068,Priya Singh,Home Office,Central,Raipur,Furniture,Conference Tables,582.51,1,582.51,0.0,0.0,582.51,475.65,106.86,18.34,Freight Saver,UPI / QR,Delivered
ORD-2025-10046,2024-09-05,2024-09-10,CUST-1012,Manish Deshmukh,Corporate,East,Kolkata,Technology,Audio & Accessories,103.22,1,103.22,0.05,5.16,98.06,63.34,34.72,35.41,Express Air,Credit Card,Delivered
ORD-2025-11130,2024-09-05,2024-09-09,CUST-1111,Vikram Chopra,Consumer,South,Bengaluru,Office Supplies,Binders & Organizers,19.21,1,19.21,0.0,0.0,19.21,10.44,8.77,45.65,Freight Saver,UPI / QR,Delivered
ORD-2024-11257,2024-09-05,2024-09-07,CUST-1024,Rahul Singh,Consumer,North,Chandigarh,Furniture,Conference Tables,1125.49,2,2250.98,0.15,337.65,1913.33,1890.85,22.48,1.17,Freight Saver,Cash on Delivery,Shipped
ORD-2024-10137,2024-09-06,2024-09-08,CUST-1138,Amit Sharma,Home Office,West,Pune,Office Supplies,Writing Instruments,22.01,1,22.01,0.05,1.1,20.91,15.15,5.76,27.55,Freight Saver,Corporate Purchase Order,Shipped
ORD-2023-10924,2024-09-06,2024-09-07,CUST-1065,Divya Joshi,Corporate,Central,Nagpur,Technology,Laptops & Desktops,694.76,1,694.76,0.0,0.0,0.0,512.56,-76.88,26.22,Express Air,Corporate Purchase Order,Returned
ORD-2024-11329,2024-09-06,2024-09-09,CUST-1025,Siddharth Iyer,Corporate,South,Hyderabad,Office Supplies,Binders & Organizers,33.8,1,33.8,0.1,3.38,30.42,20.32,10.1,33.2,Same Day Priority,Cash on Delivery,Delivered
ORD-2025-11734,2024-09-06,2024-09-10,CUST-1123,Divya Patel,Corporate,West,Mumbai,Furniture,Bookcases & Shelving,343.36,1,343.36,0.05,17.17,326.19,283.63,42.56,13.05,Standard Delivery,Credit Card,Shipped
ORD-2025-10226,2024-09-07,2024-09-14,CUST-1114,Arjun Verma,Consumer,East,Patna,Office Supplies,Paper & Envelopes,14.95,1,14.95,0.15,2.24,12.71,8.25,4.46,35.09,Same Day Priority,UPI / QR,Shipped
ORD-2025-10342,2024-09-07,2024-09-08,CUST-1148,Priya Sharma,Corporate,West,Mumbai,Office Supplies,Writing Instruments,11.31,3,33.93,0.05,1.7,32.23,17.86,14.37,44.59,Express Air,Cash on Delivery,Delivered
ORD-2025-11674,2024-09-07,2024-09-11,CUST-1104,Meera Malhotra,Corporate,Central,Indore,Furniture,Conference Tables,1367.95,2,2735.9,0.0,0.0,2735.9,2374.14,361.76,13.22,Freight Saver,Net Banking,Processing
ORD-2025-12490,2024-09-08,2024-09-09,CUST-1082,Naveen Choudhury,Consumer,South,Hyderabad,Technology,Laptops & Desktops,709.94,1,709.94,0.0,0.0,709.94,521.31,188.63,26.57,Express Air,Corporate Purchase Order,Delivered
ORD-2026-10403,2024-09-09,2024-09-11,CUST-1137,Pooja Rao,Home Office,South,Kochi,Furniture,Conference Tables,895.78,1,895.78,0.15,134.37,761.41,805.14,-43.73,-5.74,Freight Saver,Corporate Purchase Order,Processing
ORD-2023-11800,2024-09-09,2024-09-11,CUST-1128,Swati Chopra,Corporate,South,Hyderabad,Office Supplies,Paper & Envelopes,27.67,2,55.34,0.0,0.0,55.34,37.18,18.16,32.82,Same Day Priority,Credit Card,Delivered
ORD-2024-11801,2024-09-09,2024-09-11,CUST-1009,Manish Choudhury,Corporate,East,Kolkata,Furniture,Executive Desks,430.86,3,1292.58,0.0,0.0,1292.58,980.62,311.96,24.13,Freight Saver,Cash on Delivery,Delivered
ORD-2024-10353,2024-09-11,2024-09-12,CUST-1129,Arjun Patel,Consumer,East,Kolkata,Furniture,Conference Tables,1373.96,3,4121.88,0.0,0.0,4121.88,3480.95,640.93,15.55,Same Day Priority,Credit Card,Delivered
ORD-2025-10778,2024-09-11,2024-09-16,CUST-1142,Sunita Choudhury,Consumer,East,Bhubaneswar,Furniture,Bookcases & Shelving,188.85,2,377.7,0.0,0.0,377.7,316.67,61.03,16.16,Freight Saver,Cash on Delivery,Delivered
ORD-2026-11035,2024-09-11,2024-09-12,CUST-1088,Isha Reddy,Home Office,Central,Raipur,Technology,Printers & Scanners,513.79,5,2568.95,0.0,0.0,2568.95,2218.43,350.52,13.64,Express Air,Cash on Delivery,Shipped
ORD-2024-12265,2024-09-11,2024-09-13,CUST-1023,Swati Singh,Corporate,Central,Jabalpur,Technology,Laptops & Desktops,926.31,1,926.31,0.2,185.26,741.05,669.04,72.01,9.72,Same Day Priority,Cash on Delivery,Processing
ORD-2024-12149,2024-09-12,2024-09-15,CUST-1097,Neha Gupta,Consumer,Central,Jabalpur,Technology,Printers & Scanners,365.13,1,365.13,0.2,73.03,292.1,318.63,-26.53,-9.08,Same Day Priority,Net Banking,Shipped
ORD-2025-12334,2024-09-12,2024-09-15,CUST-1114,Arjun Verma,Consumer,North,Dehradun,Furniture,Executive Desks,932.5,1,932.5,0.15,139.88,792.62,789.63,2.99,0.38,Freight Saver,Cash on Delivery,Delivered
ORD-2024-10357,2024-09-13,2024-09-15,CUST-1071,Deepak Reddy,Consumer,South,Chennai,Technology,Smartphones & Tablets,320.96,8,2567.68,0.1,256.77,2310.91,2027.03,283.88,12.28,Express Air,Cash on Delivery,Delivered
ORD-2025-11014,2024-09-13,2024-09-15,CUST-1014,Deepak Joshi,Consumer,South,Coimbatore,Office Supplies,Writing Instruments,8.55,1,8.55,0.0,0.0,8.55,4.57,3.98,46.55,Same Day Priority,Credit Card,Delivered
ORD-2023-11976,2024-09-13,2024-09-16,CUST-1020,Isha Chopra,Home Office,South,Coimbatore,Office Supplies,Writing Instruments,11.58,2,23.16,0.15,3.47,19.69,12.2,7.49,38.04,Freight Saver,Corporate Purchase Order,Delivered
ORD-2025-10362,2024-09-15,2024-09-18,CUST-1074,Shweta Rao,Corporate,West,Pune,Furniture,Office Chairs,335.28,4,1341.12,0.05,67.06,1274.06,1009.98,264.08,20.73,Standard Delivery,Cash on Delivery,Delivered
ORD-2024-11685,2024-09-15,2024-09-16,CUST-1074,Shweta Rao,Corporate,North,New Delhi,Furniture,Bookcases & Shelving,315.66,1,315.66,0.05,15.78,0.0,277.08,-41.56,7.6,Freight Saver,Corporate Purchase Order,Returned
ORD-2023-12308,2024-09-15,2024-09-17,CUST-1105,Vikram Kulkarni,Consumer,South,Coimbatore,Furniture,Office Chairs,395.4,3,1186.1999999999998,0.1,118.62,1067.58,960.4,107.18,10.04,Same Day Priority,Corporate Purchase Order,Delivered
ORD-2026-10431,2024-09-16,2024-09-17,CUST-1118,Shweta Nair,Consumer,Central,Jabalpur,Technology,Printers & Scanners,358.69,1,358.69,0.1,35.87,322.82,309.01,13.81,4.28,Same Day Priority,Corporate Purchase Order,Processing
ORD-2025-11450,2024-09-16,2024-09-19,CUST-1139,Alok Choudhury,Corporate,Central,Indore,Furniture,Conference Tables,651.2,4,2604.8,0.25,651.2,1953.6,2200.19,-246.59,-12.62,Freight Saver,Credit Card,Delivered
ORD-2026-12467,2024-09-16,2024-09-18,CUST-1009,Manish Choudhury,Corporate,East,Kolkata,Technology,Smartphones & Tablets,452.29,1,452.29,0.0,0.0,0.0,373.24,-55.99,17.48,Freight Saver,Credit Card,Returned
ORD-2026-12479,2024-09-18,2024-09-20,CUST-1126,Vikram Joshi,Consumer,West,Pune,Furniture,Bookcases & Shelving,211.01,3,633.03,0.1,63.3,569.73,481.83,87.9,15.43,Express Air,Credit Card,Delivered
ORD-2024-10893,2024-09-19,2024-09-21,CUST-1091,Ritu Deshmukh,Consumer,East,Ranchi,Technology,Printers & Scanners,493.21,1,493.21,0.2,98.64,394.57,431.3,-36.73,-9.31,Freight Saver,Net Banking,Processing
ORD-2024-11353,2024-09-19,2024-09-22,CUST-1049,Meera Rao,Consumer,South,Coimbatore,Furniture,Office Chairs,191.85,2,383.7,0.0,0.0,383.7,315.22,68.48,17.85,Express Air,Corporate Purchase Order,Delivered
ORD-2026-10891,2024-09-21,2024-09-23,CUST-1082,Naveen Choudhury,Consumer,Central,Raipur,Technology,Audio & Accessories,187.68,1,187.68,0.1,18.77,0.0,128.61,-19.29,23.86,Express Air,Corporate Purchase Order,Returned
ORD-2025-10114,2024-09-22,2024-09-25,CUST-1007,Neha Saxena,Home Office,Central,Raipur,Technology,Smartphones & Tablets,877.12,2,1754.24,0.0,0.0,0.0,1380.76,-207.11,21.29,Freight Saver,Credit Card,Returned
ORD-2024-10605,2024-09-22,2024-09-25,CUST-1019,Preeti Kulkarni,Consumer,West,Mumbai,Office Supplies,Paper & Envelopes,22.24,2,44.48,0.0,0.0,44.48,27.25,17.23,38.74,Same Day Priority,Net Banking,Shipped
ORD-2023-11220,2024-09-22,2024-09-24,CUST-1032,Karan Kulkarni,Corporate,West,Surat,Office Supplies,Storage Solutions,45.79,3,137.37,0.0,0.0,0.0,90.49,-13.57,34.13,Same Day Priority,Net Banking,Returned
ORD-2023-11276,2024-09-23,2024-09-26,CUST-1057,Karan Sharma,Home Office,South,Coimbatore,Office Supplies,Paper & Envelopes,23.73,1,23.73,0.15,3.56,0.0,15.39,-2.31,23.7,Freight Saver,Corporate Purchase Order,Returned
ORD-2026-11387,2024-09-24,2024-09-25,CUST-1024,Rahul Singh,Consumer,West,Ahmedabad,Technology,Laptops & Desktops,2126.1,2,4252.2,0.15,637.83,3614.37,3215.97,398.4,11.02,Express Air,Credit Card,Delivered
ORD-2024-12389,2024-09-24,2024-09-25,CUST-1066,Aarav Mehta,Corporate,Central,Bhopal,Furniture,Executive Desks,780.82,10,7808.200000000001,0.0,0.0,7808.2,6385.87,1422.33,18.22,Same Day Priority,Credit Card,Delivered
ORD-2025-11902,2024-09-26,2024-09-29,CUST-1015,Rahul Kulkarni,Consumer,South,Coimbatore,Technology,Printers & Scanners,353.67,1,353.67,0.0,0.0,353.67,283.67,70.0,19.79,Same Day Priority,UPI / QR,Shipped
ORD-2025-10670,2024-09-27,2024-09-28,CUST-1046,Amit Malhotra,Consumer,West,Goa,Technology,Smartphones & Tablets,357.64,1,357.64,0.2,71.53,286.11,269.29,16.82,5.88,Standard Delivery,Cash on Delivery,Delivered
ORD-2024-11317,2024-09-28,2024-10-02,CUST-1022,Vikram Patel,Consumer,South,Bengaluru,Technology,Audio & Accessories,37.72,1,37.72,0.05,1.89,35.83,23.68,12.15,33.91,Express Air,Credit Card,Delivered
ORD-2026-10455,2024-09-30,2024-10-03,CUST-1036,Siddharth Iyer,Consumer,West,Goa,Furniture,Bookcases & Shelving,143.38,1,143.38,0.1,14.34,129.04,124.13,4.91,3.81,Express Air,Credit Card,Processing
ORD-2025-11062,2024-09-30,2024-10-01,CUST-1018,Karan Choudhury,Consumer,South,Bengaluru,Furniture,Executive Desks,416.18,2,832.36,0.05,41.62,790.74,728.16,62.58,7.91,Standard Delivery,Credit Card,Shipped
ORD-2023-11652,2024-09-30,2024-10-01,CUST-1071,Deepak Reddy,Consumer,North,Chandigarh,Furniture,Executive Desks,333.66,3,1000.98,0.0,0.0,0.0,869.5,-130.42,13.14,Freight Saver,Corporate Purchase Order,Returned
ORD-2026-11315,2024-10-01,2024-10-03,CUST-1084,Rahul Verma,Consumer,East,Bhubaneswar,Office Supplies,Binders & Organizers,28.92,2,57.84,0.05,2.89,54.95,31.17,23.78,43.28,Express Air,Corporate Purchase Order,Delivered
ORD-2026-11139,2024-10-02,2024-10-04,CUST-1030,Rajesh Nair,Home Office,Central,Nagpur,Office Supplies,Writing Instruments,7.34,2,14.68,0.0,0.0,14.68,8.31,6.37,43.39,Freight Saver,Net Banking,Delivered
ORD-2025-11458,2024-10-02,2024-10-03,CUST-1021,Divya Bose,Home Office,South,Hyderabad,Technology,Audio & Accessories,67.09,1,67.09,0.15,10.06,57.03,38.25,18.78,32.93,Standard Delivery,UPI / QR,Processing
ORD-2025-10686,2024-10-03,2024-10-06,CUST-1104,Meera Malhotra,Corporate,West,Pune,Technology,Audio & Accessories,139.93,1,139.93,0.0,0.0,139.93,102.77,37.16,26.56,Same Day Priority,UPI / QR,Delivered
ORD-2023-10752,2024-10-03,2024-10-05,CUST-1092,Ananya Mehta,Home Office,West,Ahmedabad,Furniture,Conference Tables,1455.66,2,2911.32,0.2,582.26,0.0,2612.5,-391.88,-12.17,Freight Saver,UPI / QR,Returned
ORD-2025-10822,2024-10-03,2024-10-08,CUST-1061,Pooja Saxena,Home Office,East,Ranchi,Furniture,Office Chairs,420.86,1,420.86,0.0,0.0,420.86,349.7,71.16,16.91,Standard Delivery,Credit Card,Shipped
ORD-2024-11421,2024-10-03,2024-10-04,CUST-1115,Naveen Malhotra,Home Office,West,Ahmedabad,Furniture,Executive Desks,497.95,2,995.9,0.0,0.0,995.9,754.75,241.15,24.21,Same Day Priority,Corporate Purchase Order,Delivered
ORD-2024-11533,2024-10-03,2024-10-07,CUST-1054,Sanjay Choudhury,Corporate,East,Kolkata,Technology,Printers & Scanners,545.42,3,1636.2599999999998,0.05,81.81,1554.45,1284.88,269.57,17.34,Express Air,UPI / QR,Delivered
ORD-2026-10795,2024-10-04,2024-10-05,CUST-1105,Vikram Kulkarni,Consumer,West,Goa,Office Supplies,Storage Solutions,85.1,3,255.3,0.15,38.29,217.01,170.68,46.33,21.35,Standard Delivery,Credit Card,Delivered
ORD-2023-11080,2024-10-04,2024-10-09,CUST-1015,Rahul Kulkarni,Consumer,West,Surat,Office Supplies,Binders & Organizers,17.43,8,139.44,0.0,0.0,139.44,80.31,59.13,42.41,Same Day Priority,Credit Card,Delivered
ORD-2026-10251,2024-10-05,2024-10-06,CUST-1135,Pooja Nair,Corporate,Central,Jabalpur,Technology,Audio & Accessories,118.25,2,236.5,0.1,23.65,212.85,156.9,55.95,26.29,Express Air,Corporate Purchase Order,Delivered
ORD-2024-10525,2024-10-06,2024-10-08,CUST-1043,Sunita Menon,Corporate,West,Mumbai,Technology,Laptops & Desktops,1656.28,2,3312.56,0.2,662.51,2650.05,2697.15,-47.1,-1.78,Same Day Priority,Corporate Purchase Order,Delivered
ORD-2024-10793,2024-10-06,2024-10-09,CUST-1030,Rajesh Nair,Home Office,South,Kochi,Office Supplies,Storage Solutions,59.38,1,59.38,0.05,2.97,56.41,39.36,17.05,30.23,Freight Saver,Cash on Delivery,Delivered
ORD-2023-11068,2024-10-06,2024-10-08,CUST-1005,Naveen Deshmukh,Consumer,South,Kochi,Office Supplies,Binders & Organizers,18.5,2,37.0,0.1,3.7,33.3,23.02,10.28,30.87,Same Day Priority,Corporate Purchase Order,Delivered
ORD-2024-12129,2024-10-06,2024-10-08,CUST-1040,Karan Reddy,Corporate,West,Ahmedabad,Furniture,Conference Tables,1039.59,3,3118.7699999999995,0.05,155.94,0.0,2723.39,-408.51,8.08,Express Air,Credit Card,Returned
ORD-2026-12287,2024-10-06,2024-10-08,CUST-1087,Aditya Malhotra,Consumer,Central,Nagpur,Furniture,Conference Tables,382.96,1,382.96,0.0,0.0,382.96,341.36,41.6,10.86,Freight Saver,Credit Card,Delivered
ORD-2023-10740,2024-10-07,2024-10-10,CUST-1043,Sunita Menon,Corporate,South,Hyderabad,Office Supplies,Binders & Organizers,33.87,2,67.74,0.05,3.39,64.35,43.75,20.6,32.01,Same Day Priority,UPI / QR,Delivered
ORD-2023-11248,2024-10-07,2024-10-08,CUST-1017,Aditya Verma,Home Office,East,Bhubaneswar,Technology,Laptops & Desktops,1892.53,1,1892.53,0.15,283.88,1608.65,1396.36,212.29,13.2,Freight Saver,Cash on Delivery,Shipped
ORD-2023-11456,2024-10-07,2024-10-12,CUST-1046,Amit Malhotra,Consumer,South,Chennai,Technology,Laptops & Desktops,1130.86,1,1130.86,0.1,113.09,1017.77,852.68,165.09,16.22,Freight Saver,UPI / QR,Delivered
ORD-2026-10303,2024-10-08,2024-10-10,CUST-1091,Ritu Deshmukh,Consumer,Central,Jabalpur,Technology,Audio & Accessories,72.2,1,72.2,0.1,7.22,64.98,42.29,22.69,34.92,Standard Delivery,Cash on Delivery,Delivered
ORD-2023-10376,2024-10-08,2024-10-10,CUST-1005,Naveen Deshmukh,Consumer,South,Coimbatore,Furniture,Bookcases & Shelving,110.53,1,110.53,0.15,16.58,0.0,92.77,-13.92,1.26,Freight Saver,Cash on Delivery,Returned
ORD-2023-10404,2024-10-08,2024-10-13,CUST-1011,Aditya Sharma,Consumer,North,Dehradun,Furniture,Conference Tables,1052.06,2,2104.12,0.0,0.0,2104.12,1836.83,267.29,12.7,Standard Delivery,Net Banking,Processing
ORD-2024-12357,2024-10-09,2024-10-13,CUST-1137,Pooja Rao,Home Office,East,Ranchi,Furniture,Conference Tables,1045.54,4,4182.16,0.15,627.32,0.0,3682.29,-552.34,-3.59,Standard Delivery,Corporate Purchase Order,Returned
ORD-2024-10329,2024-10-10,2024-10-17,CUST-1089,Preeti Menon,Home Office,West,Pune,Technology,Printers & Scanners,311.18,1,311.18,0.15,46.68,264.5,258.74,5.76,2.18,Freight Saver,Cash on Delivery,Delivered
ORD-2026-10391,2024-10-10,2024-10-12,CUST-1078,Rajesh Bose,Corporate,West,Ahmedabad,Office Supplies,Paper & Envelopes,30.63,2,61.26,0.15,9.19,52.07,32.44,19.63,37.7,Standard Delivery,Net Banking,Shipped
ORD-2023-11760,2024-10-12,2024-10-15,CUST-1087,Aditya Malhotra,Consumer,South,Coimbatore,Furniture,Conference Tables,496.37,2,992.74,0.1,99.27,893.47,838.72,54.75,6.13,Same Day Priority,Credit Card,Delivered
ORD-2025-11518,2024-10-13,2024-10-14,CUST-1143,Aditya Chopra,Home Office,East,Patna,Technology,Smartphones & Tablets,907.38,5,4536.9,0.0,0.0,0.0,3415.03,-512.25,24.73,Express Air,Net Banking,Returned
ORD-2024-12349,2024-10-13,2024-10-15,CUST-1024,Rahul Singh,Consumer,South,Bengaluru,Technology,Printers & Scanners,171.63,2,343.26,0.05,17.16,0.0,271.2,-40.68,16.84,Express Air,Credit Card,Returned
ORD-2024-10113,2024-10-14,2024-10-15,CUST-1077,Pooja Kulkarni,Home Office,Central,Nagpur,Furniture,Conference Tables,1165.05,1,1165.05,0.15,174.76,990.29,1005.63,-15.34,-1.55,Standard Delivery,Corporate Purchase Order,Shipped
ORD-2023-10864,2024-10-16,2024-10-18,CUST-1114,Arjun Verma,Consumer,South,Kochi,Office Supplies,Storage Solutions,45.01,2,90.02,0.1,9.0,81.02,68.56,12.46,15.38,Standard Delivery,Cash on Delivery,Delivered
ORD-2024-11489,2024-10-17,2024-10-20,CUST-1090,Tanvi Singh,Corporate,North,Chandigarh,Office Supplies,Writing Instruments,15.29,4,61.16,0.0,0.0,61.16,36.81,24.35,39.81,Freight Saver,Net Banking,Delivered
ORD-2026-11355,2024-10-18,2024-10-20,CUST-1039,Tanvi Kulkarni,Home Office,North,Dehradun,Office Supplies,Paper & Envelopes,27.75,2,55.5,0.25,13.88,41.62,28.3,13.32,32.0,Standard Delivery,Cash on Delivery,Delivered
ORD-2025-11590,2024-10-18,2024-10-21,CUST-1123,Divya Patel,Corporate,South,Kochi,Office Supplies,Paper & Envelopes,35.37,1,35.37,0.05,1.77,33.6,20.1,13.5,40.18,Express Air,Net Banking,Delivered
ORD-2026-10095,2024-10-19,2024-10-20,CUST-1084,Rahul Verma,Consumer,East,Patna,Furniture,Conference Tables,541.64,1,541.64,0.05,27.08,514.56,448.11,66.45,12.91,Same Day Priority,Cash on Delivery,Delivered
ORD-2023-10912,2024-10-19,2024-10-20,CUST-1007,Neha Saxena,Home Office,East,Kolkata,Office Supplies,Paper & Envelopes,35.19,1,35.19,0.05,1.76,33.43,20.84,12.59,37.66,Express Air,Credit Card,Delivered
ORD-2025-11482,2024-10-20,2024-10-27,CUST-1111,Vikram Chopra,Consumer,North,Jaipur,Furniture,Bookcases & Shelving,229.61,1,229.61,0.1,22.96,206.65,178.34,28.31,13.7,Freight Saver,Credit Card,Shipped
ORD-2026-10035,2024-10-22,2024-10-25,CUST-1007,Neha Saxena,Home Office,North,Chandigarh,Office Supplies,Paper & Envelopes,44.98,2,89.96,0.0,0.0,89.96,62.25,27.71,30.8,Express Air,Corporate Purchase Order,Shipped
ORD-2026-10811,2024-10-23,2024-10-25,CUST-1082,Naveen Choudhury,Consumer,West,Surat,Office Supplies,Storage Solutions,62.87,4,251.48,0.0,0.0,251.48,173.72,77.76,30.92,Same Day Priority,UPI / QR,Delivered
ORD-2025-11010,2024-10-23,2024-10-25,CUST-1102,Priya Choudhury,Consumer,North,Dehradun,Office Supplies,Storage Solutions,27.23,3,81.69,0.05,4.08,77.61,64.52,13.09,16.87,Express Air,Cash on Delivery,Delivered
ORD-2024-10125,2024-10-24,2024-10-29,CUST-1002,Sunita Iyer,Consumer,East,Ranchi,Technology,Audio & Accessories,192.19,1,192.19,0.1,19.22,172.97,143.7,29.27,16.92,Same Day Priority,Credit Card,Delivered
ORD-2023-10364,2024-10-25,2024-10-28,CUST-1042,Isha Choudhury,Corporate,North,New Delhi,Technology,Printers & Scanners,435.33,1,435.33,0.1,43.53,391.8,351.45,40.35,10.3,Express Air,Corporate Purchase Order,Shipped
ORD-2023-11888,2024-10-25,2024-10-26,CUST-1123,Divya Patel,Corporate,East,Patna,Office Supplies,Writing Instruments,19.87,1,19.87,0.05,0.99,18.88,13.78,5.1,27.01,Freight Saver,Credit Card,Delivered
ORD-2026-11951,2024-10-25,2024-10-28,CUST-1005,Naveen Deshmukh,Consumer,East,Ranchi,Furniture,Executive Desks,563.35,1,563.35,0.0,0.0,0.0,446.85,-67.03,20.68,Same Day Priority,Credit Card,Returned
ORD-2025-10338,2024-10-26,2024-10-30,CUST-1106,Sneha Kulkarni,Consumer,West,Ahmedabad,Furniture,Executive Desks,481.3,2,962.6,0.1,96.26,866.34,814.36,51.98,6.0,Freight Saver,Corporate Purchase Order,Delivered
ORD-2026-11695,2024-10-26,2024-10-28,CUST-1114,Arjun Verma,Consumer,Central,Nagpur,Furniture,Conference Tables,571.72,2,1143.44,0.0,0.0,1143.44,1028.67,114.77,10.04,Freight Saver,Credit Card,Delivered
ORD-2026-11747,2024-10-26,2024-10-27,CUST-1017,Aditya Verma,Home Office,East,Bhubaneswar,Furniture,Conference Tables,546.45,1,546.45,0.15,81.97,464.48,465.25,-0.77,-0.17,Standard Delivery,Cash on Delivery,Delivered
ORD-2026-11527,2024-10-27,2024-10-28,CUST-1067,Sanjay Chopra,Consumer,East,Ranchi,Office Supplies,Writing Instruments,17.76,4,71.04,0.25,17.76,53.28,43.78,9.5,17.83,Express Air,Net Banking,Delivered
ORD-2026-11571,2024-10-27,2024-10-29,CUST-1041,Rohan Singh,Home Office,East,Guwahati,Office Supplies,Writing Instruments,6.28,2,12.56,0.1,1.26,0.0,8.23,-1.23,27.17,Freight Saver,Credit Card,Returned
ORD-2024-10537,2024-10-28,2024-10-29,CUST-1105,Vikram Kulkarni,Consumer,West,Pune,Office Supplies,Writing Instruments,15.36,5,76.8,0.15,11.52,65.28,42.46,22.82,34.96,Standard Delivery,Credit Card,Processing
ORD-2025-11026,2024-10-28,2024-10-31,CUST-1096,Siddharth Joshi,Consumer,Central,Raipur,Furniture,Conference Tables,601.93,1,601.93,0.05,30.1,571.83,496.5,75.33,13.17,Standard Delivery,Credit Card,Processing
ORD-2026-12067,2024-10-29,2024-10-31,CUST-1107,Siddharth Iyer,Corporate,South,Coimbatore,Office Supplies,Binders & Organizers,21.2,2,42.4,0.05,2.12,0.0,23.46,-3.52,41.76,Freight Saver,Credit Card,Returned
ORD-2026-10999,2024-10-30,2024-11-02,CUST-1081,Rahul Joshi,Consumer,West,Ahmedabad,Furniture,Bookcases & Shelving,306.48,4,1225.92,0.2,245.18,980.74,963.83,16.91,1.72,Express Air,Cash on Delivery,Shipped
ORD-2023-10900,2024-10-31,2024-11-03,CUST-1126,Vikram Joshi,Consumer,East,Guwahati,Technology,Laptops & Desktops,1775.09,2,3550.18,0.25,887.54,0.0,2634.02,-395.1,1.07,Express Air,Cash on Delivery,Returned
ORD-2026-11275,2024-10-31,2024-11-03,CUST-1068,Priya Singh,Home Office,South,Bengaluru,Office Supplies,Writing Instruments,10.61,4,42.44,0.05,2.12,40.32,25.95,14.37,35.64,Standard Delivery,Cash on Delivery,Delivered
ORD-2025-11802,2024-11-01,2024-11-03,CUST-1081,Rahul Joshi,Consumer,West,Ahmedabad,Office Supplies,Paper & Envelopes,22.21,3,66.63,0.05,3.33,63.3,41.59,21.71,34.3,Express Air,Net Banking,Delivered
ORD-2026-10071,2024-11-02,2024-11-03,CUST-1128,Swati Chopra,Corporate,West,Pune,Technology,Smartphones & Tablets,700.21,3,2100.63,0.15,315.09,1785.54,1770.4,15.14,0.85,Standard Delivery,Corporate Purchase Order,Delivered
ORD-2025-11078,2024-11-03,2024-11-08,CUST-1077,Pooja Kulkarni,Home Office,West,Surat,Technology,Audio & Accessories,166.28,1,166.28,0.15,24.94,141.34,106.25,35.09,24.83,Express Air,Credit Card,Delivered
ORD-2024-11641,2024-11-05,2024-11-08,CUST-1039,Tanvi Kulkarni,Home Office,North,Dehradun,Technology,Audio & Accessories,171.38,1,171.38,0.2,34.28,0.0,94.49,-14.17,31.08,Freight Saver,Cash on Delivery,Returned
ORD-2026-11723,2024-11-05,2024-11-07,CUST-1011,Aditya Sharma,Consumer,East,Ranchi,Furniture,Office Chairs,212.27,2,424.54,0.05,21.23,403.31,321.51,81.8,20.28,Express Air,Cash on Delivery,Delivered
ORD-2023-12424,2024-11-05,2024-11-08,CUST-1084,Rahul Verma,Consumer,South,Coimbatore,Office Supplies,Writing Instruments,22.02,2,44.04,0.05,2.2,0.0,23.26,-3.49,44.41,Express Air,Cash on Delivery,Returned
ORD-2023-12176,2024-11-06,2024-11-09,CUST-1084,Rahul Verma,Consumer,East,Guwahati,Furniture,Executive Desks,547.26,3,1641.78,0.05,82.09,1559.69,1433.97,125.72,8.06,Standard Delivery,Credit Card,Delivered
ORD-2025-12430,2024-11-06,2024-11-08,CUST-1116,Preeti Saxena,Consumer,West,Surat,Technology,Smartphones & Tablets,595.95,4,2383.8,0.0,0.0,0.0,1974.54,-296.18,17.17,Freight Saver,Credit Card,Returned
ORD-2023-10580,2024-11-07,2024-11-09,CUST-1147,Rahul Deshmukh,Corporate,West,Surat,Technology,Printers & Scanners,178.67,1,178.67,0.05,8.93,169.74,151.35,18.39,10.83,Freight Saver,Net Banking,Delivered
ORD-2026-10015,2024-11-08,2024-11-10,CUST-1107,Siddharth Iyer,Corporate,North,Chandigarh,Office Supplies,Storage Solutions,110.96,2,221.92,0.1,22.19,199.73,149.02,50.71,25.39,Freight Saver,Corporate Purchase Order,Delivered
ORD-2025-10278,2024-11-08,2024-11-10,CUST-1061,Pooja Saxena,Home Office,North,Jaipur,Furniture,Executive Desks,438.34,2,876.68,0.1,87.67,789.01,748.82,40.19,5.09,Express Air,Cash on Delivery,Shipped
ORD-2026-11207,2024-11-08,2024-11-10,CUST-1110,Manish Malhotra,Consumer,West,Mumbai,Office Supplies,Storage Solutions,100.27,1,100.27,0.05,5.01,95.26,75.72,19.54,20.51,Express Air,Credit Card,Delivered
ORD-2024-12169,2024-11-08,2024-11-12,CUST-1148,Priya Sharma,Corporate,North,Lucknow,Office Supplies,Binders & Organizers,30.48,2,60.96,0.15,9.14,51.82,38.26,13.56,26.17,Freight Saver,Corporate Purchase Order,Delivered
ORD-2024-12225,2024-11-08,2024-11-09,CUST-1148,Priya Sharma,Corporate,Central,Raipur,Technology,Audio & Accessories,93.56,1,93.56,0.0,0.0,93.56,61.91,31.65,33.83,Standard Delivery,UPI / QR,Delivered
ORD-2024-10225,2024-11-09,2024-11-12,CUST-1013,Aditya Reddy,Consumer,West,Ahmedabad,Office Supplies,Paper & Envelopes,20.5,3,61.5,0.0,0.0,61.5,32.68,28.82,46.86,Standard Delivery,Credit Card,Delivered
ORD-2023-10564,2024-11-09,2024-11-13,CUST-1145,Swati Iyer,Home Office,East,Guwahati,Technology,Audio & Accessories,57.59,2,115.18,0.15,17.28,97.9,85.41,12.49,12.76,Express Air,UPI / QR,Processing
ORD-2026-10599,2024-11-09,2024-11-11,CUST-1053,Sunita Mehta,Home Office,Central,Bhopal,Office Supplies,Binders & Organizers,29.04,2,58.08,0.0,0.0,58.08,27.61,30.47,52.46,Same Day Priority,Credit Card,Delivered
ORD-2026-10755,2024-11-09,2024-11-13,CUST-1032,Karan Kulkarni,Corporate,Central,Jabalpur,Office Supplies,Paper & Envelopes,33.96,2,67.92,0.05,3.4,64.52,34.4,30.12,46.68,Express Air,Credit Card,Processing
ORD-2026-10203,2024-11-10,2024-11-11,CUST-1119,Divya Patel,Home Office,North,Chandigarh,Office Supplies,Storage Solutions,103.06,1,103.06,0.0,0.0,103.06,71.89,31.17,30.24,Express Air,Net Banking,Delivered
ORD-2024-10673,2024-11-10,2024-11-12,CUST-1063,Deepak Nair,Home Office,North,Dehradun,Furniture,Office Chairs,87.85,1,87.85,0.05,4.39,83.46,73.32,10.14,12.15,Freight Saver,Credit Card,Delivered
ORD-2023-11796,2024-11-10,2024-11-12,CUST-1089,Preeti Menon,Home Office,West,Ahmedabad,Furniture,Bookcases & Shelving,306.34,1,306.34,0.1,30.63,275.71,262.72,12.99,4.71,Standard Delivery,Corporate Purchase Order,Shipped
ORD-2024-11341,2024-11-11,2024-11-13,CUST-1021,Divya Bose,Home Office,Central,Nagpur,Furniture,Conference Tables,1143.81,2,2287.62,0.1,228.76,0.0,2037.31,-305.6,1.05,Standard Delivery,UPI / QR,Returned
ORD-2025-11758,2024-11-11,2024-11-13,CUST-1017,Aditya Verma,Home Office,East,Ranchi,Office Supplies,Storage Solutions,116.24,1,116.24,0.0,0.0,116.24,81.84,34.4,29.59,Standard Delivery,Cash on Delivery,Delivered
ORD-2025-12086,2024-11-11,2024-11-12,CUST-1062,Vikram Reddy,Corporate,North,New Delhi,Office Supplies,Binders & Organizers,29.59,1,29.59,0.2,5.92,23.67,17.7,5.97,25.22,Same Day Priority,Corporate Purchase Order,Shipped
ORD-2023-12368,2024-11-11,2024-11-13,CUST-1122,Naveen Rao,Consumer,West,Ahmedabad,Office Supplies,Writing Instruments,22.2,1,22.2,0.1,2.22,19.98,14.21,5.77,28.88,Express Air,Credit Card,Processing
ORD-2025-10058,2024-11-14,2024-11-15,CUST-1033,Preeti Choudhury,Consumer,Central,Indore,Technology,Smartphones & Tablets,769.11,3,2307.33,0.0,0.0,0.0,1782.56,-267.38,22.74,Standard Delivery,Net Banking,Returned
ORD-2025-11646,2024-11-14,2024-11-18,CUST-1150,Aditya Nair,Home Office,Central,Bhopal,Furniture,Conference Tables,572.38,2,1144.76,0.0,0.0,1144.76,946.51,198.25,17.32,Same Day Priority,Net Banking,Delivered
ORD-2023-11988,2024-11-16,2024-11-17,CUST-1012,Manish Deshmukh,Corporate,East,Guwahati,Office Supplies,Paper & Envelopes,34.14,1,34.14,0.1,3.41,30.73,20.37,10.36,33.71,Standard Delivery,Corporate Purchase Order,Delivered
ORD-2024-11189,2024-11-17,2024-11-19,CUST-1115,Naveen Malhotra,Home Office,North,Jaipur,Furniture,Executive Desks,749.37,2,1498.74,0.1,149.87,1348.87,1309.7,39.17,2.9,Express Air,Net Banking,Shipped
ORD-2024-10433,2024-11-18,2024-11-21,CUST-1015,Rahul Kulkarni,Consumer,Central,Nagpur,Office Supplies,Paper & Envelopes,22.17,2,44.34,0.0,0.0,44.34,27.79,16.55,37.33,Standard Delivery,Cash on Delivery,Processing
ORD-2024-11781,2024-11-18,2024-11-19,CUST-1014,Deepak Joshi,Consumer,West,Goa,Furniture,Executive Desks,491.4,1,491.4,0.0,0.0,491.4,416.87,74.53,15.17,Express Air,Net Banking,Delivered
ORD-2025-10782,2024-11-19,2024-11-24,CUST-1068,Priya Singh,Home Office,Central,Indore,Office Supplies,Writing Instruments,19.24,2,38.48,0.15,5.77,32.71,20.91,11.8,36.07,Standard Delivery,UPI / QR,Shipped
ORD-2024-11733,2024-11-20,2024-11-21,CUST-1042,Isha Choudhury,Corporate,South,Bengaluru,Furniture,Office Chairs,229.66,2,459.32,0.1,45.93,0.0,325.47,-48.82,21.27,Standard Delivery,Credit Card,Returned
ORD-2025-12118,2024-11-20,2024-11-21,CUST-1084,Rahul Verma,Consumer,West,Mumbai,Technology,Smartphones & Tablets,499.85,1,499.85,0.15,74.98,424.87,410.53,14.34,3.38,Same Day Priority,Corporate Purchase Order,Processing
ORD-2023-12120,2024-11-20,2024-11-21,CUST-1104,Meera Malhotra,Corporate,West,Mumbai,Furniture,Office Chairs,394.43,1,394.43,0.0,0.0,394.43,304.07,90.36,22.91,Same Day Priority,Net Banking,Delivered
ORD-2023-10124,2024-11-21,2024-11-24,CUST-1146,Tanvi Iyer,Consumer,South,Chennai,Furniture,Conference Tables,1301.04,2,2602.08,0.0,0.0,2602.08,2167.73,434.35,16.69,Express Air,Credit Card,Delivered
ORD-2023-10856,2024-11-21,2024-11-26,CUST-1067,Sanjay Chopra,Consumer,South,Coimbatore,Office Supplies,Storage Solutions,66.31,2,132.62,0.0,0.0,132.62,88.83,43.79,33.02,Freight Saver,Net Banking,Delivered
ORD-2023-11032,2024-11-21,2024-11-22,CUST-1121,Ananya Menon,Consumer,North,Jaipur,Technology,Printers & Scanners,247.45,1,247.45,0.0,0.0,247.45,214.58,32.87,13.28,Standard Delivery,Cash on Delivery,Delivered
ORD-2023-11536,2024-11-21,2024-11-24,CUST-1074,Shweta Rao,Corporate,Central,Jabalpur,Office Supplies,Paper & Envelopes,27.54,1,27.54,0.15,4.13,23.41,16.32,7.09,30.29,Freight Saver,Corporate Purchase Order,Delivered
ORD-2023-10472,2024-11-22,2024-11-23,CUST-1138,Amit Sharma,Home Office,East,Kolkata,Furniture,Conference Tables,1003.26,4,4013.04,0.0,0.0,4013.04,3332.45,680.59,16.96,Standard Delivery,Net Banking,Delivered
ORD-2023-11208,2024-11-22,2024-11-24,CUST-1072,Swati Malhotra,Home Office,Central,Nagpur,Office Supplies,Storage Solutions,116.63,3,349.89,0.0,0.0,349.89,242.51,107.38,30.69,Same Day Priority,Credit Card,Shipped
ORD-2026-10079,2024-11-23,2024-11-26,CUST-1014,Deepak Joshi,Consumer,East,Kolkata,Technology,Printers & Scanners,277.87,3,833.61,0.1,83.36,750.25,658.02,92.23,12.29,Express Air,Net Banking,Delivered
ORD-2026-11407,2024-11-23,2024-11-24,CUST-1087,Aditya Malhotra,Consumer,South,Chennai,Technology,Smartphones & Tablets,798.89,1,798.89,0.0,0.0,798.89,668.32,130.57,16.34,Freight Saver,Cash on Delivery,Delivered
ORD-2026-12047,2024-11-23,2024-11-28,CUST-1097,Neha Gupta,Consumer,Central,Indore,Office Supplies,Writing Instruments,6.56,4,26.24,0.1,2.62,23.62,16.77,6.85,29.0,Standard Delivery,Credit Card,Shipped
ORD-2025-10094,2024-11-25,2024-12-02,CUST-1128,Swati Chopra,Corporate,West,Ahmedabad,Office Supplies,Writing Instruments,20.82,3,62.46,0.0,0.0,62.46,36.2,26.26,42.04,Express Air,Cash on Delivery,Delivered
ORD-2024-10877,2024-11-26,2024-11-27,CUST-1063,Deepak Nair,Home Office,West,Pune,Technology,Audio & Accessories,139.15,1,139.15,0.15,20.87,118.28,90.68,27.6,23.33,Express Air,Net Banking,Delivered
ORD-2025-11342,2024-11-26,2024-12-01,CUST-1123,Divya Patel,Corporate,Central,Jabalpur,Office Supplies,Paper & Envelopes,28.26,1,28.26,0.2,5.65,0.0,16.91,-2.54,25.21,Freight Saver,Credit Card,Returned
ORD-2024-10413,2024-11-27,2024-11-28,CUST-1118,Shweta Nair,Consumer,East,Bhubaneswar,Technology,Laptops & Desktops,2148.02,2,4296.04,0.0,0.0,4296.04,3355.16,940.88,21.9,Standard Delivery,Net Banking,Delivered
ORD-2025-10938,2024-11-27,2024-11-29,CUST-1102,Priya Choudhury,Consumer,South,Kochi,Technology,Audio & Accessories,134.28,8,1074.24,0.0,0.0,1074.24,757.38,316.86,29.5,Standard Delivery,Credit Card,Shipped
ORD-2024-10733,2024-11-28,2024-11-29,CUST-1136,Alok Choudhury,Home Office,Central,Nagpur,Office Supplies,Writing Instruments,18.88,2,37.76,0.15,5.66,32.1,25.63,6.47,20.16,Express Air,Credit Card,Delivered
ORD-2025-11470,2024-11-28,2024-11-29,CUST-1022,Vikram Patel,Consumer,Central,Jabalpur,Furniture,Bookcases & Shelving,370.43,1,370.43,0.0,0.0,0.0,313.67,-47.05,15.32,Same Day Priority,Cash on Delivery,Returned
ORD-2026-10919,2024-11-29,2024-12-03,CUST-1125,Amit Joshi,Corporate,Central,Raipur,Furniture,Bookcases & Shelving,326.61,1,326.61,0.15,48.99,277.62,270.7,6.92,2.49,Standard Delivery,Cash on Delivery,Delivered
ORD-2025-10354,2024-11-30,2024-12-04,CUST-1036,Siddharth Iyer,Consumer,North,Lucknow,Furniture,Executive Desks,513.0,2,1026.0,0.05,51.3,974.7,875.32,99.38,10.2,Same Day Priority,Corporate Purchase Order,Shipped
ORD-2026-11367,2024-11-30,2024-12-04,CUST-1038,Arjun Gupta,Home Office,South,Kochi,Furniture,Executive Desks,632.98,1,632.98,0.0,0.0,632.98,551.8,81.18,12.83,Freight Saver,UPI / QR,Delivered
ORD-2025-11926,2024-11-30,2024-12-03,CUST-1061,Pooja Saxena,Home Office,Central,Jabalpur,Furniture,Office Chairs,136.66,4,546.64,0.25,136.66,409.98,446.78,-36.8,-8.98,Express Air,Credit Card,Delivered
ORD-2025-12362,2024-11-30,2024-12-04,CUST-1100,Karan Singh,Consumer,North,New Delhi,Furniture,Bookcases & Shelving,276.06,4,1104.24,0.05,55.21,0.0,957.42,-143.61,8.73,Standard Delivery,Net Banking,Returned
ORD-2024-10701,2024-12-01,2024-12-06,CUST-1077,Pooja Kulkarni,Home Office,South,Chennai,Technology,Printers & Scanners,366.73,2,733.46,0.15,110.02,623.44,574.62,48.82,7.83,Freight Saver,Net Banking,Processing
ORD-2026-11927,2024-12-01,2024-12-02,CUST-1070,Tanvi Patel,Home Office,North,Dehradun,Furniture,Executive Desks,442.0,4,1768.0,0.0,0.0,0.0,1395.2,-209.28,21.09,Same Day Priority,Corporate Purchase Order,Returned
ORD-2026-12127,2024-12-01,2024-12-06,CUST-1060,Preeti Mehta,Home Office,South,Hyderabad,Furniture,Conference Tables,1354.96,2,2709.92,0.0,0.0,2709.92,2316.86,393.06,14.5,Same Day Priority,Corporate Purchase Order,Delivered
ORD-2025-10290,2024-12-02,2024-12-07,CUST-1018,Karan Choudhury,Consumer,South,Kochi,Technology,Laptops & Desktops,626.5,2,1253.0,0.2,250.6,1002.4,941.71,60.69,6.05,Express Air,Cash on Delivery,Delivered
ORD-2025-10698,2024-12-02,2024-12-09,CUST-1125,Amit Joshi,Corporate,South,Kochi,Technology,Printers & Scanners,167.23,1,167.23,0.05,8.36,158.87,136.46,22.41,14.11,Same Day Priority,Cash on Delivery,Delivered
ORD-2024-11197,2024-12-02,2024-12-06,CUST-1069,Rahul Patel,Home Office,East,Bhubaneswar,Office Supplies,Storage Solutions,68.77,1,68.77,0.0,0.0,68.77,46.49,22.28,32.4,Same Day Priority,Credit Card,Processing
ORD-2023-10948,2024-12-04,2024-12-05,CUST-1080,Ananya Singh,Consumer,East,Bhubaneswar,Furniture,Bookcases & Shelving,244.9,1,244.9,0.05,12.25,232.65,208.85,23.8,10.23,Standard Delivery,Net Banking,Delivered
ORD-2023-11944,2024-12-04,2024-12-05,CUST-1069,Rahul Patel,Home Office,South,Hyderabad,Office Supplies,Paper & Envelopes,29.37,1,29.37,0.25,7.34,22.03,15.55,6.48,29.41,Same Day Priority,Cash on Delivery,Delivered
ORD-2023-10220,2024-12-05,2024-12-09,CUST-1106,Sneha Kulkarni,Consumer,Central,Indore,Furniture,Conference Tables,1291.17,1,1291.17,0.05,64.56,1226.61,1050.12,176.49,14.39,Freight Saver,Cash on Delivery,Delivered
ORD-2023-12248,2024-12-06,2024-12-10,CUST-1115,Naveen Malhotra,Home Office,North,Jaipur,Furniture,Bookcases & Shelving,102.95,3,308.85,0.0,0.0,308.85,259.11,49.74,16.1,Same Day Priority,Corporate Purchase Order,Shipped
ORD-2025-10042,2024-12-07,2024-12-09,CUST-1140,Preeti Mehta,Consumer,West,Surat,Office Supplies,Binders & Organizers,34.42,1,34.42,0.0,0.0,34.42,16.48,17.94,52.12,Freight Saver,UPI / QR,Delivered
ORD-2026-11507,2024-12-07,2024-12-11,CUST-1092,Ananya Mehta,Home Office,Central,Jabalpur,Technology,Printers & Scanners,166.67,1,166.67,0.05,8.33,0.0,144.83,-21.72,8.53,Standard Delivery,Credit Card,Returned
ORD-2026-10859,2024-12-08,2024-12-15,CUST-1063,Deepak Nair,Home Office,Central,Jabalpur,Furniture,Office Chairs,200.84,1,200.84,0.1,20.08,180.76,148.91,31.85,17.62,Standard Delivery,Corporate Purchase Order,Shipped
ORD-2025-11986,2024-12-08,2024-12-10,CUST-1036,Siddharth Iyer,Consumer,East,Ranchi,Technology,Smartphones & Tablets,741.01,2,1482.02,0.1,148.2,1333.82,1236.32,97.5,7.31,Standard Delivery,UPI / QR,Processing
ORD-2026-10151,2024-12-09,2024-12-10,CUST-1112,Priya Menon,Home Office,South,Bengaluru,Technology,Printers & Scanners,586.01,1,586.01,0.1,58.6,527.41,469.77,57.64,10.93,Freight Saver,Corporate Purchase Order,Delivered
ORD-2023-11416,2024-12-10,2024-12-17,CUST-1142,Sunita Choudhury,Consumer,West,Goa,Technology,Laptops & Desktops,1327.06,1,1327.06,0.15,199.06,1128.0,1049.53,78.47,6.96,Standard Delivery,Credit Card,Shipped
ORD-2024-11461,2024-12-10,2024-12-11,CUST-1081,Rahul Joshi,Consumer,North,Lucknow,Technology,Audio & Accessories,113.17,2,226.34,0.05,11.32,0.0,167.28,-25.09,22.2,Standard Delivery,Cash on Delivery,Returned
ORD-2024-10717,2024-12-11,2024-12-13,CUST-1140,Preeti Mehta,Consumer,North,Chandigarh,Furniture,Bookcases & Shelving,377.24,1,377.24,0.0,0.0,0.0,330.93,-49.64,12.28,Express Air,Credit Card,Returned
ORD-2024-12273,2024-12-11,2024-12-14,CUST-1040,Karan Reddy,Corporate,East,Ranchi,Technology,Laptops & Desktops,1920.82,3,5762.46,0.0,0.0,5762.46,4497.96,1264.5,21.94,Express Air,Corporate Purchase Order,Processing
ORD-2023-11784,2024-12-13,2024-12-18,CUST-1103,Rahul Singh,Consumer,South,Hyderabad,Technology,Audio & Accessories,180.71,4,722.84,0.0,0.0,722.84,449.87,272.97,37.76,Standard Delivery,Corporate Purchase Order,Delivered
ORD-2023-12132,2024-12-13,2024-12-15,CUST-1102,Priya Choudhury,Consumer,South,Bengaluru,Furniture,Office Chairs,110.05,10,1100.5,0.1,110.05,0.0,829.12,-124.37,16.29,Same Day Priority,Corporate Purchase Order,Returned
ORD-2024-12157,2024-12-13,2024-12-15,CUST-1015,Rahul Kulkarni,Consumer,West,Pune,Office Supplies,Storage Solutions,113.26,1,113.26,0.2,22.65,90.61,80.8,9.81,10.83,Express Air,UPI / QR,Processing
ORD-2024-10173,2024-12-14,2024-12-18,CUST-1023,Swati Singh,Corporate,West,Mumbai,Office Supplies,Binders & Organizers,11.3,3,33.900000000000006,0.1,3.39,30.51,16.2,14.31,46.9,Freight Saver,Credit Card,Shipped
ORD-2026-10935,2024-12-14,2024-12-17,CUST-1045,Kavita Singh,Consumer,West,Mumbai,Technology,Smartphones & Tablets,553.23,1,553.23,0.2,110.65,442.58,465.24,-22.66,-5.12,Freight Saver,Net Banking,Shipped
ORD-2023-11128,2024-12-15,2024-12-20,CUST-1116,Preeti Saxena,Consumer,Central,Indore,Technology,Laptops & Desktops,2169.13,2,4338.26,0.1,433.83,3904.43,3473.84,430.59,11.03,Express Air,Credit Card,Processing
ORD-2023-11600,2024-12-15,2024-12-17,CUST-1074,Shweta Rao,Corporate,North,Chandigarh,Furniture,Conference Tables,890.35,4,3561.4,0.05,178.07,3383.33,3035.52,347.81,10.28,Freight Saver,UPI / QR,Delivered
ORD-2024-11861,2024-12-15,2024-12-19,CUST-1147,Rahul Deshmukh,Corporate,East,Ranchi,Office Supplies,Writing Instruments,20.15,3,60.45,0.15,9.07,0.0,31.3,-4.7,39.08,Express Air,UPI / QR,Returned
ORD-2024-12141,2024-12-15,2024-12-19,CUST-1097,Neha Gupta,Consumer,East,Bhubaneswar,Office Supplies,Binders & Organizers,30.97,2,61.94,0.0,0.0,61.94,34.65,27.29,44.06,Standard Delivery,Net Banking,Processing
ORD-2026-12099,2024-12-16,2024-12-19,CUST-1058,Sanjay Iyer,Home Office,East,Guwahati,Office Supplies,Paper & Envelopes,30.81,4,123.24,0.0,0.0,123.24,69.21,54.03,43.84,Same Day Priority,Net Banking,Delivered
ORD-2026-12403,2024-12-16,2024-12-18,CUST-1009,Manish Choudhury,Corporate,West,Goa,Technology,Smartphones & Tablets,725.68,1,725.68,0.05,36.28,689.4,549.71,139.69,20.26,Express Air,Credit Card,Processing
ORD-2024-12457,2024-12-16,2024-12-18,CUST-1076,Manish Gupta,Home Office,Central,Raipur,Technology,Laptops & Desktops,1134.0,1,1134.0,0.0,0.0,1134.0,909.45,224.55,19.8,Freight Saver,UPI / QR,Delivered
ORD-2024-10229,2024-12-17,2024-12-19,CUST-1067,Sanjay Chopra,Consumer,North,Jaipur,Technology,Laptops & Desktops,860.65,2,1721.3,0.2,344.26,1377.04,1263.93,113.11,8.21,Express Air,Credit Card,Delivered
ORD-2026-10347,2024-12-17,2024-12-20,CUST-1114,Arjun Verma,Consumer,Central,Indore,Furniture,Executive Desks,349.76,1,349.76,0.1,34.98,314.78,270.04,44.74,14.21,Standard Delivery,UPI / QR,Delivered
ORD-2024-11393,2024-12-17,2024-12-18,CUST-1136,Alok Choudhury,Home Office,South,Kochi,Furniture,Executive Desks,519.92,1,519.92,0.0,0.0,519.92,443.44,76.48,14.71,Same Day Priority,Cash on Delivery,Shipped
ORD-2023-12332,2024-12-17,2024-12-20,CUST-1064,Deepak Saxena,Consumer,East,Ranchi,Furniture,Bookcases & Shelving,169.03,2,338.06,0.0,0.0,338.06,258.53,79.53,23.53,Express Air,Cash on Delivery,Delivered
ORD-2023-11956,2024-12-18,2024-12-20,CUST-1122,Naveen Rao,Consumer,North,Chandigarh,Technology,Printers & Scanners,216.01,5,1080.05,0.1,108.0,972.05,927.15,44.9,4.62,Same Day Priority,Net Banking,Delivered
ORD-2025-10658,2024-12-19,2024-12-22,CUST-1064,Deepak Saxena,Consumer,East,Kolkata,Technology,Laptops & Desktops,683.41,3,2050.23,0.0,0.0,2050.23,1584.41,465.82,22.72,Standard Delivery,Corporate Purchase Order,Delivered
ORD-2026-11371,2024-12-19,2024-12-22,CUST-1133,Rohan Bose,Consumer,West,Pune,Office Supplies,Paper & Envelopes,30.23,1,30.23,0.1,3.02,27.21,15.99,11.22,41.23,Express Air,Net Banking,Delivered
ORD-2023-11936,2024-12-19,2024-12-22,CUST-1024,Rahul Singh,Consumer,North,Dehradun,Furniture,Office Chairs,442.55,1,442.55,0.0,0.0,442.55,335.5,107.05,24.19,Same Day Priority,UPI / QR,Delivered
ORD-2023-12004,2024-12-19,2024-12-22,CUST-1048,Rohan Nair,Home Office,North,New Delhi,Technology,Smartphones & Tablets,969.7,1,969.7,0.1,96.97,872.73,768.43,104.3,11.95,Express Air,Credit Card,Delivered
ORD-2023-12056,2024-12-20,2024-12-22,CUST-1119,Divya Patel,Home Office,South,Coimbatore,Furniture,Conference Tables,524.46,1,524.46,0.05,26.22,498.24,456.49,41.75,8.38,Same Day Priority,Net Banking,Processing
ORD-2023-10016,2024-12-21,2024-12-23,CUST-1100,Karan Singh,Consumer,West,Goa,Office Supplies,Binders & Organizers,19.65,1,19.65,0.05,0.98,0.0,11.24,-1.69,39.8,Freight Saver,Credit Card,Returned
ORD-2023-10868,2024-12-21,2024-12-24,CUST-1108,Pooja Deshmukh,Home Office,Central,Nagpur,Technology,Audio & Accessories,137.15,2,274.3,0.1,27.43,246.87,170.99,75.88,30.74,Same Day Priority,Cash on Delivery,Shipped
ORD-2024-12429,2024-12-22,2024-12-25,CUST-1054,Sanjay Choudhury,Corporate,East,Patna,Furniture,Office Chairs,397.76,2,795.52,0.1,79.55,0.0,596.95,-89.54,16.62,Freight Saver,Corporate Purchase Order,Returned
ORD-2025-10470,2024-12-23,2024-12-26,CUST-1073,Sneha Iyer,Home Office,East,Kolkata,Technology,Laptops & Desktops,805.12,1,805.12,0.15,120.77,684.35,613.18,71.17,10.4,Same Day Priority,Corporate Purchase Order,Delivered
ORD-2023-11592,2024-12-23,2024-12-26,CUST-1104,Meera Malhotra,Corporate,South,Hyderabad,Furniture,Conference Tables,567.01,3,1701.03,0.15,255.15,0.0,1421.02,-213.15,1.72,Standard Delivery,Credit Card,Returned
ORD-2024-11117,2024-12-24,2024-12-25,CUST-1063,Deepak Nair,Home Office,West,Surat,Office Supplies,Storage Solutions,29.65,1,29.65,0.05,1.48,28.17,23.45,4.72,16.76,Standard Delivery,Corporate Purchase Order,Shipped
ORD-2024-12381,2024-12-24,2024-12-26,CUST-1001,Rajesh Mehta,Consumer,West,Surat,Office Supplies,Binders & Organizers,9.86,10,98.6,0.15,14.79,83.81,61.72,22.09,26.36,Express Air,Cash on Delivery,Delivered
ORD-2025-11378,2024-12-25,2024-12-27,CUST-1097,Neha Gupta,Consumer,South,Coimbatore,Office Supplies,Writing Instruments,8.43,2,16.86,0.2,3.37,13.49,10.99,2.5,18.53,Freight Saver,Credit Card,Delivered
ORD-2026-10495,2024-12-26,2025-01-02,CUST-1012,Manish Deshmukh,Corporate,North,Jaipur,Furniture,Conference Tables,697.88,1,697.88,0.0,0.0,697.88,560.53,137.35,19.68,Standard Delivery,Cash on Delivery,Delivered
ORD-2025-11650,2024-12-26,2024-12-28,CUST-1089,Preeti Menon,Home Office,East,Guwahati,Office Supplies,Paper & Envelopes,19.88,3,59.64,0.0,0.0,59.64,33.18,26.46,44.37,Freight Saver,Net Banking,Delivered
ORD-2023-11764,2024-12-26,2024-12-30,CUST-1129,Arjun Patel,Consumer,North,New Delhi,Technology,Smartphones & Tablets,855.71,1,855.71,0.0,0.0,855.71,684.82,170.89,19.97,Express Air,Corporate Purchase Order,Delivered
ORD-2026-11991,2024-12-26,2024-12-28,CUST-1035,Neha Verma,Corporate,South,Coimbatore,Furniture,Conference Tables,1187.21,1,1187.21,0.05,59.36,1127.85,951.84,176.01,15.61,Express Air,UPI / QR,Delivered
ORD-2023-12480,2024-12-26,2024-12-30,CUST-1031,Sunita Singh,Consumer,South,Hyderabad,Furniture,Conference Tables,1266.64,3,3799.92,0.15,569.99,3229.93,3188.2,41.73,1.29,Same Day Priority,UPI / QR,Delivered
ORD-2026-11631,2024-12-27,2024-12-28,CUST-1109,Sunita Choudhury,Home Office,East,Guwahati,Office Supplies,Storage Solutions,100.03,3,300.09000000000003,0.0,0.0,0.0,239.34,-35.9,20.24,Express Air,Corporate Purchase Order,Returned
ORD-2025-11962,2024-12-27,2024-12-28,CUST-1114,Arjun Verma,Consumer,East,Bhubaneswar,Technology,Laptops & Desktops,1107.34,2,2214.68,0.0,0.0,2214.68,1643.97,570.71,25.77,Standard Delivery,Cash on Delivery,Shipped
ORD-2023-10236,2024-12-28,2024-12-29,CUST-1079,Sanjay Saxena,Corporate,West,Ahmedabad,Technology,Audio & Accessories,108.84,1,108.84,0.0,0.0,108.84,67.82,41.02,37.69,Standard Delivery,Corporate Purchase Order,Delivered
ORD-2023-10520,2024-12-28,2024-12-31,CUST-1143,Aditya Chopra,Home Office,East,Bhubaneswar,Office Supplies,Paper & Envelopes,34.14,4,136.56,0.05,6.83,0.0,83.11,-12.47,35.94,Standard Delivery,UPI / QR,Returned
ORD-2023-10152,2024-12-29,2024-12-31,CUST-1097,Neha Gupta,Consumer,West,Pune,Furniture,Conference Tables,448.55,2,897.1,0.15,134.56,762.54,743.42,19.12,2.51,Standard Delivery,Net Banking,Delivered
ORD-2025-11262,2024-12-29,2024-12-31,CUST-1063,Deepak Nair,Home Office,West,Ahmedabad,Furniture,Executive Desks,200.26,5,1001.3,0.2,200.26,801.04,784.22,16.82,2.1,Same Day Priority,Cash on Delivery,Delivered
ORD-2026-11815,2024-12-29,2024-12-31,CUST-1019,Preeti Kulkarni,Consumer,South,Kochi,Office Supplies,Writing Instruments,17.59,1,17.59,0.0,0.0,0.0,10.56,-1.58,39.97,Standard Delivery,Net Banking,Returned
ORD-2024-11365,2024-12-30,2025-01-04,CUST-1037,Vikram Menon,Home Office,North,New Delhi,Technology,Printers & Scanners,191.57,5,957.85,0.0,0.0,957.85,827.93,129.92,13.56,Same Day Priority,Net Banking,Processing
ORD-2025-10594,2024-12-31,2025-01-02,CUST-1004,Ananya Choudhury,Consumer,West,Ahmedabad,Technology,Smartphones & Tablets,667.02,1,667.02,0.15,100.05,566.97,523.61,43.36,7.65,Same Day Priority,UPI / QR,Delivered
ORD-2026-12319,2024-12-31,2025-01-02,CUST-1037,Vikram Menon,Home Office,North,Jaipur,Furniture,Executive Desks,547.68,2,1095.36,0.05,54.77,1040.59,980.88,59.71,5.74,Express Air,Credit Card,Processing
ORD-2026-10519,2025-01-01,2025-01-04,CUST-1045,Kavita Singh,Consumer,Central,Bhopal,Office Supplies,Writing Instruments,13.04,2,26.08,0.0,0.0,0.0,17.09,-2.56,34.47,Same Day Priority,Net Banking,Returned
ORD-2024-11193,2025-01-01,2025-01-06,CUST-1061,Pooja Saxena,Home Office,Central,Raipur,Furniture,Conference Tables,575.39,3,1726.17,0.1,172.62,1553.55,1549.03,4.52,0.29,Freight Saver,Net Banking,Delivered
ORD-2026-12195,2025-01-01,2025-01-03,CUST-1089,Preeti Menon,Home Office,West,Mumbai,Office Supplies,Binders & Organizers,6.1,1,6.1,0.05,0.3,5.8,3.88,1.92,33.1,Freight Saver,Net Banking,Delivered
ORD-2026-10551,2025-01-02,2025-01-03,CUST-1078,Rajesh Bose,Corporate,South,Chennai,Office Supplies,Writing Instruments,4.77,2,9.54,0.1,0.95,0.0,5.52,-0.83,35.74,Standard Delivery,Credit Card,Returned
ORD-2025-10562,2025-01-02,2025-01-04,CUST-1139,Alok Choudhury,Corporate,South,Chennai,Furniture,Bookcases & Shelving,180.23,8,1441.84,0.05,72.09,1369.75,1155.03,214.72,15.68,Express Air,UPI / QR,Delivered
ORD-2024-11577,2025-01-02,2025-01-03,CUST-1040,Karan Reddy,Corporate,East,Patna,Technology,Laptops & Desktops,781.64,4,3126.56,0.0,0.0,3126.56,2458.21,668.35,21.38,Same Day Priority,UPI / QR,Delivered
ORD-2025-10946,2025-01-03,2025-01-05,CUST-1019,Preeti Kulkarni,Consumer,Central,Bhopal,Furniture,Executive Desks,749.42,1,749.42,0.1,74.94,674.48,589.18,85.3,12.65,Express Air,Credit Card,Delivered
ORD-2024-11789,2025-01-03,2025-01-10,CUST-1077,Pooja Kulkarni,Home Office,North,New Delhi,Technology,Laptops & Desktops,1762.06,2,3524.12,0.05,176.21,0.0,2606.96,-391.04,22.13,Express Air,Net Banking,Returned
ORD-2026-12003,2025-01-03,2025-01-06,CUST-1112,Priya Menon,Home Office,East,Kolkata,Furniture,Conference Tables,958.8,1,958.8,0.2,191.76,767.04,862.16,-95.12,-12.4,Standard Delivery,Cash on Delivery,Delivered
ORD-2026-11783,2025-01-05,2025-01-07,CUST-1073,Sneha Iyer,Home Office,Central,Jabalpur,Office Supplies,Binders & Organizers,34.43,1,34.43,0.0,0.0,34.43,15.56,18.87,54.81,Same Day Priority,Corporate Purchase Order,Delivered
ORD-2024-10141,2025-01-06,2025-01-08,CUST-1128,Swati Chopra,Corporate,West,Mumbai,Office Supplies,Storage Solutions,97.35,1,97.35,0.0,0.0,0.0,73.31,-11.0,24.69,Standard Delivery,Cash on Delivery,Returned
ORD-2024-10161,2025-01-06,2025-01-09,CUST-1138,Amit Sharma,Home Office,Central,Bhopal,Technology,Smartphones & Tablets,826.08,1,826.08,0.1,82.61,0.0,698.51,-104.78,6.05,Freight Saver,Net Banking,Returned
ORD-2023-10616,2025-01-07,2025-01-11,CUST-1084,Rahul Verma,Consumer,West,Pune,Furniture,Conference Tables,1200.09,3,3600.2699999999995,0.0,0.0,3600.27,2902.15,698.12,19.39,Freight Saver,UPI / QR,Processing
ORD-2023-10228,2025-01-08,2025-01-11,CUST-1071,Deepak Reddy,Consumer,East,Ranchi,Furniture,Office Chairs,332.03,1,332.03,0.05,16.6,315.43,260.01,55.42,17.57,Freight Saver,Cash on Delivery,Shipped
ORD-2023-12196,2025-01-08,2025-01-10,CUST-1121,Ananya Menon,Consumer,West,Mumbai,Office Supplies,Paper & Envelopes,28.39,1,28.39,0.1,2.84,25.55,19.34,6.21,24.31,Express Air,Corporate Purchase Order,Processing
ORD-2024-12269,2025-01-08,2025-01-09,CUST-1030,Rajesh Nair,Home Office,Central,Bhopal,Furniture,Office Chairs,269.86,1,269.86,0.0,0.0,269.86,216.39,53.47,19.81,Express Air,UPI / QR,Delivered
ORD-2025-12290,2025-01-08,2025-01-09,CUST-1030,Rajesh Nair,Home Office,North,Chandigarh,Furniture,Bookcases & Shelving,355.4,3,1066.1999999999998,0.2,213.24,852.96,907.48,-54.52,-6.39,Same Day Priority,Cash on Delivery,Delivered
ORD-2025-12214,2025-01-09,2025-01-10,CUST-1096,Siddharth Joshi,Consumer,East,Kolkata,Office Supplies,Paper & Envelopes,11.14,2,22.28,0.25,5.57,16.71,13.12,3.59,21.48,Same Day Priority,Cash on Delivery,Delivered
ORD-2023-10128,2025-01-10,2025-01-11,CUST-1145,Swati Iyer,Home Office,North,New Delhi,Office Supplies,Binders & Organizers,22.18,1,22.18,0.0,0.0,22.18,12.11,10.07,45.4,Standard Delivery,Credit Card,Processing
ORD-2025-10450,2025-01-10,2025-01-12,CUST-1145,Swati Iyer,Home Office,West,Ahmedabad,Furniture,Conference Tables,1470.4,3,4411.200000000001,0.0,0.0,4411.2,3646.76,764.44,17.33,Standard Delivery,Net Banking,Delivered
ORD-2024-12209,2025-01-10,2025-01-12,CUST-1116,Preeti Saxena,Consumer,Central,Raipur,Furniture,Conference Tables,919.04,4,3676.16,0.0,0.0,3676.16,3146.23,529.93,14.42,Same Day Priority,Corporate Purchase Order,Delivered
ORD-2026-12419,2025-01-10,2025-01-11,CUST-1010,Neha Kapoor,Home Office,South,Coimbatore,Office Supplies,Storage Solutions,61.2,1,61.2,0.2,12.24,48.96,41.41,7.55,15.42,Express Air,Credit Card,Delivered
ORD-2024-10081,2025-01-11,2025-01-12,CUST-1080,Ananya Singh,Consumer,South,Chennai,Technology,Printers & Scanners,236.4,10,2364.0,0.0,0.0,0.0,2010.39,-301.56,14.96,Standard Delivery,Cash on Delivery,Returned
ORD-2025-11850,2025-01-11,2025-01-14,CUST-1123,Divya Patel,Corporate,South,Kochi,Technology,Laptops & Desktops,1135.32,3,3405.96,0.05,170.3,3235.66,2764.75,470.91,14.55,Same Day Priority,UPI / QR,Processing
ORD-2024-10453,2025-01-12,2025-01-13,CUST-1149,Deepak Reddy,Home Office,East,Bhubaneswar,Technology,Audio & Accessories,93.41,2,186.82,0.0,0.0,186.82,106.08,80.74,43.22,Standard Delivery,Credit Card,Delivered
ORD-2025-10634,2025-01-14,2025-01-19,CUST-1044,Sanjay Menon,Corporate,West,Mumbai,Technology,Laptops & Desktops,2113.94,2,4227.88,0.15,634.18,3593.7,3188.18,405.52,11.28,Freight Saver,Credit Card,Shipped
ORD-2024-10705,2025-01-15,2025-01-16,CUST-1079,Sanjay Saxena,Corporate,Central,Bhopal,Furniture,Conference Tables,826.16,1,826.16,0.15,123.92,702.24,708.36,-6.12,-0.87,Same Day Priority,UPI / QR,Delivered
ORD-2024-10941,2025-01-15,2025-01-19,CUST-1068,Priya Singh,Home Office,West,Ahmedabad,Technology,Smartphones & Tablets,556.12,1,556.12,0.2,111.22,444.9,465.22,-20.32,-4.57,Express Air,Cash on Delivery,Shipped
ORD-2025-10002,2025-01-16,2025-01-20,CUST-1011,Aditya Sharma,Consumer,East,Bhubaneswar,Furniture,Office Chairs,210.86,2,421.72,0.15,63.26,0.0,296.86,-44.53,17.18,Express Air,Credit Card,Returned
ORD-2026-10279,2025-01-16,2025-01-20,CUST-1110,Manish Malhotra,Consumer,South,Bengaluru,Technology,Smartphones & Tablets,869.76,2,1739.52,0.0,0.0,1739.52,1416.06,323.46,18.59,Same Day Priority,Corporate Purchase Order,Delivered
ORD-2025-10718,2025-01-17,2025-01-18,CUST-1056,Pooja Deshmukh,Consumer,North,Jaipur,Technology,Laptops & Desktops,1764.39,5,8821.95,0.0,0.0,8821.95,6809.16,2012.79,22.82,Standard Delivery,Net Banking,Processing
ORD-2026-12143,2025-01-18,2025-01-20,CUST-1026,Rajesh Bose,Consumer,West,Pune,Office Supplies,Storage Solutions,82.71,1,82.71,0.1,8.27,74.44,61.35,13.09,17.58,Same Day Priority,UPI / QR,Delivered
ORD-2025-11358,2025-01-19,2025-01-23,CUST-1136,Alok Choudhury,Home Office,West,Surat,Technology,Audio & Accessories,92.87,2,185.74,0.1,18.57,167.17,105.27,61.9,37.03,Same Day Priority,Corporate Purchase Order,Delivered
ORD-2024-10837,2025-01-20,2025-01-22,CUST-1104,Meera Malhotra,Corporate,West,Mumbai,Technology,Smartphones & Tablets,883.17,1,883.17,0.05,44.16,839.01,726.36,112.65,13.43,Express Air,Cash on Delivery,Delivered
ORD-2025-11686,2025-01-21,2025-01-23,CUST-1110,Manish Malhotra,Consumer,West,Surat,Technology,Laptops & Desktops,1946.97,1,1946.97,0.0,0.0,1946.97,1432.43,514.54,26.43,Express Air,Corporate Purchase Order,Delivered
ORD-2025-12266,2025-01-21,2025-01-23,CUST-1052,Isha Sharma,Home Office,South,Coimbatore,Office Supplies,Storage Solutions,90.73,4,362.92,0.05,18.15,344.77,267.69,77.08,22.36,Express Air,Corporate Purchase Order,Delivered
ORD-2024-10057,2025-01-22,2025-01-24,CUST-1092,Ananya Mehta,Home Office,North,Lucknow,Technology,Laptops & Desktops,2118.42,3,6355.26,0.0,0.0,0.0,5076.51,-761.48,20.12,Standard Delivery,UPI / QR,Returned
ORD-2025-10490,2025-01-22,2025-01-23,CUST-1097,Neha Gupta,Consumer,Central,Indore,Technology,Laptops & Desktops,2076.98,2,4153.96,0.1,415.4,3738.56,3029.55,709.01,18.96,Freight Saver,Credit Card,Delivered
ORD-2024-11065,2025-01-22,2025-01-24,CUST-1072,Swati Malhotra,Home Office,West,Pune,Furniture,Office Chairs,343.97,1,343.97,0.1,34.4,309.57,290.19,19.38,6.26,Freight Saver,Credit Card,Delivered
ORD-2023-10436,2025-01-23,2025-01-26,CUST-1017,Aditya Verma,Home Office,South,Kochi,Technology,Printers & Scanners,554.08,1,554.08,0.2,110.82,443.26,481.53,-38.27,-8.63,Same Day Priority,UPI / QR,Processing
ORD-2024-10621,2025-01-23,2025-01-24,CUST-1081,Rahul Joshi,Consumer,West,Goa,Office Supplies,Writing Instruments,5.3,2,10.6,0.15,1.59,0.0,5.34,-0.8,40.73,Same Day Priority,Net Banking,Returned
ORD-2024-11017,2025-01-23,2025-01-24,CUST-1049,Meera Rao,Consumer,West,Ahmedabad,Technology,Printers & Scanners,444.13,1,444.13,0.0,0.0,444.13,385.5,58.63,13.2,Express Air,Net Banking,Delivered
ORD-2024-11177,2025-01-24,2025-01-25,CUST-1072,Swati Malhotra,Home Office,East,Kolkata,Office Supplies,Storage Solutions,67.06,1,67.06,0.0,0.0,67.06,46.46,20.6,30.72,Freight Saver,Credit Card,Processing
ORD-2026-11803,2025-01-25,2025-01-27,CUST-1062,Vikram Reddy,Corporate,South,Chennai,Furniture,Bookcases & Shelving,299.45,1,299.45,0.0,0.0,299.45,255.53,43.92,14.67,Standard Delivery,Net Banking,Processing
ORD-2025-12474,2025-01-25,2025-01-26,CUST-1067,Sanjay Chopra,Consumer,West,Pune,Office Supplies,Storage Solutions,76.11,2,152.22,0.05,7.61,144.61,106.88,37.73,26.09,Express Air,Corporate Purchase Order,Delivered
ORD-2025-11894,2025-01-26,2025-01-29,CUST-1063,Deepak Nair,Home Office,West,Ahmedabad,Technology,Smartphones & Tablets,742.38,3,2227.14,0.0,0.0,2227.14,1838.21,388.93,17.46,Express Air,Corporate Purchase Order,Delivered
ORD-2026-12495,2025-01-27,2025-01-29,CUST-1083,Naveen Singh,Consumer,South,Coimbatore,Technology,Laptops & Desktops,761.19,1,761.19,0.05,38.06,723.13,559.09,164.04,22.68,Same Day Priority,Corporate Purchase Order,Delivered
ORD-2023-10292,2025-01-28,2025-02-01,CUST-1136,Alok Choudhury,Home Office,West,Pune,Office Supplies,Storage Solutions,100.01,1,100.01,0.05,5.0,95.01,68.89,26.12,27.49,Standard Delivery,Corporate Purchase Order,Delivered
ORD-2026-11831,2025-01-28,2025-02-02,CUST-1072,Swati Malhotra,Home Office,Central,Bhopal,Technology,Smartphones & Tablets,416.46,2,832.92,0.1,83.29,749.63,700.19,49.44,6.6,Express Air,Net Banking,Delivered
ORD-2024-10965,2025-01-29,2025-01-31,CUST-1037,Vikram Menon,Home Office,West,Goa,Office Supplies,Binders & Organizers,28.06,3,84.17999999999999,0.0,0.0,0.0,54.48,-8.17,35.28,Express Air,Net Banking,Returned
ORD-2023-11304,2025-01-29,2025-02-02,CUST-1110,Manish Malhotra,Consumer,South,Hyderabad,Furniture,Office Chairs,290.66,4,1162.64,0.0,0.0,1162.64,884.53,278.11,23.92,Express Air,UPI / QR,Delivered
ORD-2026-11895,2025-01-29,2025-01-31,CUST-1120,Shweta Singh,Corporate,South,Coimbatore,Furniture,Office Chairs,345.78,1,345.78,0.0,0.0,345.78,279.12,66.66,19.28,Same Day Priority,Credit Card,Delivered
ORD-2025-11022,2025-01-30,2025-02-02,CUST-1139,Alok Choudhury,Corporate,South,Hyderabad,Office Supplies,Writing Instruments,12.55,2,25.1,0.0,0.0,0.0,12.63,-1.89,49.68,Same Day Priority,Credit Card,Returned
ORD-2024-12113,2025-01-30,2025-02-01,CUST-1124,Swati Menon,Home Office,South,Bengaluru,Office Supplies,Binders & Organizers,12.88,1,12.88,0.2,2.58,10.3,5.91,4.39,42.62,Same Day Priority,Net Banking,Delivered
ORD-2024-11637,2025-02-01,2025-02-06,CUST-1112,Priya Menon,Home Office,North,Jaipur,Technology,Audio & Accessories,119.28,1,119.28,0.2,23.86,95.42,70.2,25.22,26.43,Express Air,UPI / QR,Delivered
ORD-2025-12098,2025-02-01,2025-02-05,CUST-1034,Swati Joshi,Consumer,East,Bhubaneswar,Furniture,Office Chairs,428.31,3,1284.93,0.0,0.0,1284.93,1074.63,210.3,16.37,Express Air,Net Banking,Delivered
ORD-2024-10529,2025-02-02,2025-02-04,CUST-1130,Karan Rao,Home Office,East,Kolkata,Technology,Laptops & Desktops,1317.98,2,2635.96,0.0,0.0,2635.96,2072.13,563.83,21.39,Express Air,Cash on Delivery,Shipped
ORD-2023-12024,2025-02-02,2025-02-05,CUST-1104,Meera Malhotra,Corporate,North,New Delhi,Furniture,Executive Desks,656.36,1,656.36,0.0,0.0,0.0,545.42,-81.81,16.9,Standard Delivery,UPI / QR,Returned
ORD-2023-11372,2025-02-03,2025-02-08,CUST-1091,Ritu Deshmukh,Consumer,South,Chennai,Technology,Smartphones & Tablets,811.95,3,2435.8500000000004,0.05,121.79,2314.06,1900.13,413.93,17.89,Express Air,Cash on Delivery,Shipped
ORD-2023-11672,2025-02-03,2025-02-04,CUST-1066,Aarav Mehta,Corporate,East,Kolkata,Technology,Audio & Accessories,82.29,2,164.58,0.0,0.0,164.58,111.08,53.5,32.51,Same Day Priority,Net Banking,Delivered
ORD-2024-11477,2025-02-04,2025-02-05,CUST-1081,Rahul Joshi,Consumer,Central,Jabalpur,Office Supplies,Storage Solutions,116.31,1,116.31,0.15,17.45,98.86,87.49,11.37,11.5,Express Air,Corporate Purchase Order,Delivered
ORD-2025-11662,2025-02-04,2025-02-06,CUST-1143,Aditya Chopra,Home Office,West,Mumbai,Technology,Printers & Scanners,382.62,1,382.62,0.2,76.52,306.1,334.72,-28.62,-9.35,Express Air,UPI / QR,Delivered
ORD-2024-10573,2025-02-05,2025-02-07,CUST-1022,Vikram Patel,Consumer,South,Bengaluru,Technology,Audio & Accessories,69.13,1,69.13,0.05,3.46,65.67,47.2,18.47,28.13,Freight Saver,Corporate Purchase Order,Delivered
ORD-2024-10849,2025-02-05,2025-02-06,CUST-1041,Rohan Singh,Home Office,East,Kolkata,Furniture,Conference Tables,1153.6,4,4614.4,0.1,461.44,4152.96,3769.34,383.62,9.24,Express Air,UPI / QR,Delivered
ORD-2026-11671,2025-02-05,2025-02-10,CUST-1002,Sunita Iyer,Consumer,North,Lucknow,Technology,Laptops & Desktops,1277.06,3,3831.18,0.0,0.0,3831.18,3120.89,710.29,18.54,Freight Saver,Cash on Delivery,Delivered
ORD-2023-10592,2025-02-06,2025-02-11,CUST-1052,Isha Sharma,Home Office,North,New Delhi,Furniture,Office Chairs,204.73,1,204.73,0.1,20.47,184.26,167.25,17.01,9.23,Standard Delivery,Credit Card,Processing
ORD-2024-10021,2025-02-07,2025-02-09,CUST-1051,Karan Saxena,Corporate,North,Dehradun,Furniture,Executive Desks,276.43,3,829.29,0.15,124.39,0.0,671.67,-100.75,4.71,Standard Delivery,Cash on Delivery,Returned
ORD-2025-10294,2025-02-07,2025-02-10,CUST-1081,Rahul Joshi,Consumer,West,Ahmedabad,Technology,Printers & Scanners,443.21,1,443.21,0.15,66.48,376.73,371.25,5.48,1.45,Same Day Priority,Cash on Delivery,Delivered
ORD-2025-11006,2025-02-07,2025-02-09,CUST-1112,Priya Menon,Home Office,East,Ranchi,Technology,Laptops & Desktops,1629.79,1,1629.79,0.1,162.98,1466.81,1330.01,136.8,9.33,Standard Delivery,Credit Card,Delivered
ORD-2023-11608,2025-02-07,2025-02-08,CUST-1116,Preeti Saxena,Consumer,East,Ranchi,Technology,Printers & Scanners,532.09,1,532.09,0.15,79.81,0.0,428.07,-64.21,5.35,Freight Saver,Cash on Delivery,Returned
ORD-2025-11166,2025-02-08,2025-02-12,CUST-1076,Manish Gupta,Home Office,Central,Jabalpur,Office Supplies,Storage Solutions,33.52,2,67.04,0.0,0.0,67.04,45.75,21.29,31.76,Freight Saver,Cash on Delivery,Delivered
ORD-2023-10468,2025-02-09,2025-02-11,CUST-1010,Neha Kapoor,Home Office,North,Chandigarh,Furniture,Bookcases & Shelving,364.26,1,364.26,0.05,18.21,0.0,306.89,-46.03,11.32,Freight Saver,Corporate Purchase Order,Returned
ORD-2025-10550,2025-02-09,2025-02-13,CUST-1092,Ananya Mehta,Home Office,West,Pune,Office Supplies,Paper & Envelopes,12.62,1,12.62,0.0,0.0,12.62,8.81,3.81,30.19,Standard Delivery,Net Banking,Processing
ORD-2026-10231,2025-02-10,2025-02-14,CUST-1118,Shweta Nair,Consumer,East,Bhubaneswar,Furniture,Conference Tables,1022.16,1,1022.16,0.25,255.54,766.62,821.15,-54.53,-7.11,Same Day Priority,Cash on Delivery,Processing
ORD-2023-10624,2025-02-10,2025-02-11,CUST-1086,Rahul Saxena,Consumer,South,Chennai,Office Supplies,Binders & Organizers,26.01,1,26.01,0.15,3.9,22.11,15.98,6.13,27.73,Freight Saver,Corporate Purchase Order,Delivered
ORD-2025-11630,2025-02-10,2025-02-13,CUST-1115,Naveen Malhotra,Home Office,North,Chandigarh,Office Supplies,Writing Instruments,9.09,1,9.09,0.15,1.36,7.73,4.74,2.99,38.68,Same Day Priority,UPI / QR,Delivered
ORD-2024-11809,2025-02-10,2025-02-11,CUST-1088,Isha Reddy,Home Office,West,Ahmedabad,Furniture,Office Chairs,270.23,1,270.23,0.2,54.05,216.18,217.17,-0.99,-0.46,Freight Saver,Cash on Delivery,Shipped
ORD-2026-11811,2025-02-10,2025-02-12,CUST-1074,Shweta Rao,Corporate,South,Kochi,Technology,Laptops & Desktops,1583.9,5,7919.5,0.0,0.0,7919.5,5957.3,1962.2,24.78,Standard Delivery,UPI / QR,Processing
ORD-2026-10139,2025-02-11,2025-02-14,CUST-1011,Aditya Sharma,Consumer,North,Chandigarh,Office Supplies,Binders & Organizers,19.38,4,77.52,0.0,0.0,77.52,35.55,41.97,54.14,Standard Delivery,Credit Card,Delivered
ORD-2025-10266,2025-02-11,2025-02-12,CUST-1072,Swati Malhotra,Home Office,Central,Nagpur,Technology,Audio & Accessories,30.96,2,61.92,0.2,12.38,49.54,45.95,3.59,7.25,Same Day Priority,Cash on Delivery,Delivered
ORD-2024-11149,2025-02-11,2025-02-13,CUST-1072,Swati Malhotra,Home Office,East,Guwahati,Furniture,Office Chairs,365.65,3,1096.9499999999998,0.0,0.0,1096.95,840.91,256.04,23.34,Express Air,Net Banking,Delivered
ORD-2023-11260,2025-02-11,2025-02-13,CUST-1118,Shweta Nair,Consumer,Central,Raipur,Technology,Laptops & Desktops,2015.63,4,8062.52,0.1,806.25,7256.27,6383.06,873.21,12.03,Freight Saver,Corporate Purchase Order,Shipped
ORD-2023-10612,2025-02-12,2025-02-13,CUST-1017,Aditya Verma,Home Office,East,Kolkata,Furniture,Conference Tables,907.97,3,2723.91,0.0,0.0,0.0,2379.04,-356.86,12.66,Standard Delivery,Cash on Delivery,Returned
ORD-2023-11848,2025-02-12,2025-02-14,CUST-1061,Pooja Saxena,Home Office,South,Hyderabad,Office Supplies,Paper & Envelopes,8.65,3,25.950000000000003,0.0,0.0,25.95,13.31,12.64,48.71,Same Day Priority,Credit Card,Processing
ORD-2025-10642,2025-02-14,2025-02-16,CUST-1069,Rahul Patel,Home Office,North,Jaipur,Furniture,Executive Desks,708.66,1,708.66,0.05,35.43,673.23,591.13,82.1,12.19,Same Day Priority,Corporate Purchase Order,Shipped
ORD-2026-10867,2025-02-14,2025-02-17,CUST-1032,Karan Kulkarni,Corporate,North,Lucknow,Technology,Laptops & Desktops,1513.19,1,1513.19,0.0,0.0,1513.19,1123.16,390.03,25.78,Freight Saver,Cash on Delivery,Delivered
ORD-2024-10813,2025-02-15,2025-02-16,CUST-1086,Rahul Saxena,Consumer,East,Guwahati,Technology,Laptops & Desktops,1429.84,1,1429.84,0.0,0.0,1429.84,1150.02,279.82,19.57,Freight Saver,Credit Card,Delivered
ORD-2023-11216,2025-02-15,2025-02-16,CUST-1147,Rahul Deshmukh,Corporate,North,Jaipur,Technology,Laptops & Desktops,1417.49,3,4252.47,0.1,425.25,3827.22,3294.14,533.08,13.93,Express Air,UPI / QR,Delivered
ORD-2025-10882,2025-02-16,2025-02-17,CUST-1017,Aditya Verma,Home Office,East,Bhubaneswar,Technology,Smartphones & Tablets,420.07,2,840.14,0.1,84.01,756.13,704.07,52.06,6.89,Express Air,Net Banking,Delivered
ORD-2025-11106,2025-02-16,2025-02-23,CUST-1072,Swati Malhotra,Home Office,East,Ranchi,Office Supplies,Writing Instruments,5.58,1,5.58,0.0,0.0,5.58,3.88,1.7,30.47,Same Day Priority,Net Banking,Delivered
ORD-2024-11765,2025-02-16,2025-02-17,CUST-1043,Sunita Menon,Corporate,North,New Delhi,Technology,Printers & Scanners,516.53,5,2582.65,0.2,516.53,2066.12,2267.8,-201.68,-9.76,Express Air,Corporate Purchase Order,Processing
ORD-2024-11849,2025-02-16,2025-02-19,CUST-1094,Meera Kapoor,Home Office,South,Kochi,Furniture,Executive Desks,295.39,1,295.39,0.0,0.0,295.39,254.4,40.99,13.88,Standard Delivery,Corporate Purchase Order,Delivered
ORD-2024-10153,2025-02-17,2025-02-20,CUST-1040,Karan Reddy,Corporate,West,Ahmedabad,Technology,Laptops & Desktops,608.31,1,608.31,0.0,0.0,608.31,482.4,125.91,20.7,Express Air,UPI / QR,Delivered
ORD-2026-11031,2025-02-17,2025-02-18,CUST-1125,Amit Joshi,Corporate,North,Lucknow,Technology,Laptops & Desktops,732.74,3,2198.2200000000003,0.1,219.82,1978.4,1599.8,378.6,19.14,Freight Saver,Corporate Purchase Order,Processing
ORD-2024-10365,2025-02-18,2025-02-19,CUST-1044,Sanjay Menon,Corporate,East,Guwahati,Office Supplies,Binders & Organizers,9.86,1,9.86,0.1,0.99,8.87,6.31,2.56,28.86,Same Day Priority,Net Banking,Processing
ORD-2024-11913,2025-02-18,2025-02-23,CUST-1078,Rajesh Bose,Corporate,East,Ranchi,Office Supplies,Binders & Organizers,19.83,1,19.83,0.0,0.0,0.0,11.71,-1.76,40.95,Standard Delivery,UPI / QR,Returned
ORD-2024-10049,2025-02-20,2025-02-22,CUST-1148,Priya Sharma,Corporate,East,Patna,Technology,Printers & Scanners,273.52,2,547.04,0.1,54.7,492.34,440.66,51.68,10.5,Standard Delivery,Cash on Delivery,Processing
ORD-2026-10219,2025-02-20,2025-02-22,CUST-1115,Naveen Malhotra,Home Office,North,Jaipur,Furniture,Bookcases & Shelving,160.14,1,160.14,0.0,0.0,160.14,126.47,33.67,21.03,Standard Delivery,UPI / QR,Processing
ORD-2026-10603,2025-02-20,2025-02-22,CUST-1022,Vikram Patel,Consumer,East,Guwahati,Furniture,Executive Desks,392.97,2,785.94,0.05,39.3,746.64,663.12,83.52,11.19,Freight Saver,UPI / QR,Delivered
ORD-2023-10620,2025-02-20,2025-02-23,CUST-1144,Vikram Joshi,Consumer,West,Pune,Technology,Laptops & Desktops,1065.56,1,1065.56,0.0,0.0,1065.56,810.66,254.9,23.92,Express Air,UPI / QR,Shipped
ORD-2025-12338,2025-02-20,2025-02-22,CUST-1077,Pooja Kulkarni,Home Office,Central,Bhopal,Technology,Printers & Scanners,266.8,1,266.8,0.05,13.34,253.46,210.4,43.06,16.99,Standard Delivery,UPI / QR,Delivered
ORD-2026-12035,2025-02-21,2025-02-26,CUST-1049,Meera Rao,Consumer,Central,Bhopal,Furniture,Executive Desks,243.45,2,486.9,0.1,48.69,0.0,398.78,-59.82,9.0,Express Air,Corporate Purchase Order,Returned
ORD-2025-12050,2025-02-21,2025-02-22,CUST-1024,Rahul Singh,Consumer,West,Ahmedabad,Furniture,Executive Desks,770.57,2,1541.14,0.05,77.06,1464.08,1338.75,125.33,8.56,Freight Saver,Corporate Purchase Order,Shipped
ORD-2024-10781,2025-02-22,2025-02-24,CUST-1012,Manish Deshmukh,Corporate,South,Chennai,Technology,Printers & Scanners,389.62,2,779.24,0.0,0.0,0.0,626.28,-93.94,19.63,Standard Delivery,Cash on Delivery,Returned
ORD-2026-11419,2025-02-22,2025-02-26,CUST-1050,Siddharth Kulkarni,Home Office,South,Bengaluru,Furniture,Executive Desks,351.77,1,351.77,0.0,0.0,351.77,270.31,81.46,23.16,Standard Delivery,Net Banking,Shipped
ORD-2023-10800,2025-02-25,2025-02-27,CUST-1046,Amit Malhotra,Consumer,South,Bengaluru,Office Supplies,Binders & Organizers,17.92,1,17.92,0.15,2.69,15.23,10.52,4.71,30.93,Same Day Priority,Net Banking,Delivered
ORD-2025-10950,2025-02-26,2025-02-28,CUST-1146,Tanvi Iyer,Consumer,Central,Nagpur,Office Supplies,Binders & Organizers,10.65,2,21.3,0.0,0.0,0.0,12.91,-1.94,39.39,Same Day Priority,UPI / QR,Returned
ORD-2025-11694,2025-02-26,2025-03-01,CUST-1052,Isha Sharma,Home Office,East,Guwahati,Furniture,Conference Tables,701.84,3,2105.52,0.05,105.28,2000.24,1782.01,218.23,10.91,Same Day Priority,Corporate Purchase Order,Delivered
ORD-2025-11874,2025-02-26,2025-02-27,CUST-1011,Aditya Sharma,Consumer,North,Lucknow,Furniture,Office Chairs,427.96,3,1283.88,0.15,192.58,1091.3,917.07,174.23,15.97,Freight Saver,Credit Card,Delivered
ORD-2025-12422,2025-02-26,2025-03-03,CUST-1033,Preeti Choudhury,Consumer,North,Jaipur,Furniture,Office Chairs,369.25,1,369.25,0.0,0.0,369.25,260.26,108.99,29.52,Same Day Priority,Net Banking,Shipped
ORD-2024-10617,2025-02-27,2025-03-01,CUST-1050,Siddharth Kulkarni,Home Office,South,Coimbatore,Office Supplies,Paper & Envelopes,12.73,3,38.19,0.0,0.0,38.19,21.59,16.6,43.47,Freight Saver,Credit Card,Delivered
ORD-2025-10734,2025-02-28,2025-03-07,CUST-1132,Vikram Saxena,Corporate,South,Kochi,Technology,Audio & Accessories,101.93,2,203.86,0.2,40.77,163.09,129.36,33.73,20.68,Standard Delivery,Credit Card,Delivered
ORD-2026-12451,2025-02-28,2025-03-02,CUST-1001,Rajesh Mehta,Consumer,North,Jaipur,Technology,Smartphones & Tablets,1033.25,2,2066.5,0.05,103.33,1963.17,1668.83,294.34,14.99,Same Day Priority,Cash on Delivery,Delivered
ORD-2024-12473,2025-02-28,2025-03-02,CUST-1076,Manish Gupta,Home Office,East,Bhubaneswar,Office Supplies,Writing Instruments,15.99,5,79.95,0.0,0.0,0.0,55.62,-8.34,30.43,Freight Saver,Corporate Purchase Order,Returned
ORD-2024-11045,2025-03-01,2025-03-04,CUST-1144,Vikram Joshi,Consumer,Central,Jabalpur,Furniture,Executive Desks,552.0,1,552.0,0.05,27.6,524.4,468.45,55.95,10.67,Standard Delivery,Net Banking,Processing
ORD-2025-12198,2025-03-01,2025-03-03,CUST-1108,Pooja Deshmukh,Home Office,Central,Nagpur,Technology,Laptops & Desktops,2098.9,1,2098.9,0.0,0.0,2098.9,1523.89,575.01,27.4,Same Day Priority,UPI / QR,Delivered
ORD-2025-12230,2025-03-02,2025-03-03,CUST-1045,Kavita Singh,Consumer,Central,Indore,Office Supplies,Paper & Envelopes,25.83,2,51.66,0.0,0.0,51.66,31.26,20.4,39.49,Express Air,UPI / QR,Delivered
ORD-2026-12359,2025-03-04,2025-03-05,CUST-1115,Naveen Malhotra,Home Office,West,Mumbai,Technology,Printers & Scanners,324.13,3,972.39,0.05,48.62,923.77,813.37,110.4,11.95,Express Air,Net Banking,Shipped
ORD-2025-12374,2025-03-04,2025-03-05,CUST-1074,Shweta Rao,Corporate,East,Bhubaneswar,Furniture,Conference Tables,1421.08,1,1421.08,0.05,71.05,1350.03,1240.43,109.6,8.12,Express Air,Credit Card,Delivered
ORD-2026-10571,2025-03-05,2025-03-08,CUST-1131,Ananya Patel,Home Office,East,Ranchi,Furniture,Executive Desks,441.37,1,441.37,0.1,44.14,397.23,349.85,47.38,11.93,Freight Saver,Corporate Purchase Order,Delivered
ORD-2026-10783,2025-03-05,2025-03-10,CUST-1074,Shweta Rao,Corporate,Central,Raipur,Furniture,Bookcases & Shelving,140.39,1,140.39,0.1,14.04,126.35,107.97,18.38,14.55,Express Air,UPI / QR,Delivered
ORD-2026-11819,2025-03-05,2025-03-09,CUST-1042,Isha Choudhury,Corporate,West,Surat,Technology,Printers & Scanners,350.3,3,1050.9,0.0,0.0,1050.9,831.53,219.37,20.87,Standard Delivery,Credit Card,Delivered
ORD-2023-11840,2025-03-05,2025-03-07,CUST-1037,Vikram Menon,Home Office,North,Lucknow,Office Supplies,Storage Solutions,56.84,1,56.84,0.1,5.68,51.16,40.87,10.29,20.11,Same Day Priority,Corporate Purchase Order,Delivered
ORD-2026-11959,2025-03-05,2025-03-06,CUST-1101,Karan Choudhury,Consumer,West,Goa,Technology,Laptops & Desktops,1415.1,4,5660.4,0.05,283.02,5377.38,4139.75,1237.63,23.02,Freight Saver,Corporate Purchase Order,Delivered
ORD-2026-11015,2025-03-06,2025-03-09,CUST-1118,Shweta Nair,Consumer,West,Goa,Office Supplies,Storage Solutions,70.62,2,141.24,0.15,21.19,120.05,98.86,21.19,17.65,Express Air,UPI / QR,Shipped
ORD-2024-11429,2025-03-06,2025-03-07,CUST-1129,Arjun Patel,Consumer,West,Surat,Furniture,Conference Tables,631.23,1,631.23,0.0,0.0,631.23,521.6,109.63,17.37,Freight Saver,Corporate Purchase Order,Delivered
ORD-2023-11516,2025-03-06,2025-03-07,CUST-1087,Aditya Malhotra,Consumer,East,Guwahati,Office Supplies,Paper & Envelopes,42.88,4,171.52,0.05,8.58,162.94,103.6,59.34,36.42,Same Day Priority,Corporate Purchase Order,Delivered
ORD-2026-11971,2025-03-06,2025-03-08,CUST-1079,Sanjay Saxena,Corporate,West,Ahmedabad,Furniture,Executive Desks,359.91,2,719.82,0.0,0.0,719.82,598.84,120.98,16.81,Same Day Priority,Credit Card,Delivered
ORD-2024-10953,2025-03-07,2025-03-10,CUST-1030,Rajesh Nair,Home Office,Central,Bhopal,Technology,Audio & Accessories,54.03,5,270.15,0.05,13.51,256.64,159.71,96.93,37.77,Standard Delivery,Net Banking,Delivered
ORD-2024-10641,2025-03-08,2025-03-09,CUST-1137,Pooja Rao,Home Office,Central,Jabalpur,Office Supplies,Storage Solutions,70.3,1,70.3,0.0,0.0,70.3,50.82,19.48,27.71,Express Air,Credit Card,Delivered
ORD-2025-11770,2025-03-08,2025-03-09,CUST-1090,Tanvi Singh,Corporate,Central,Bhopal,Technology,Smartphones & Tablets,754.15,1,754.15,0.05,37.71,716.44,583.61,132.83,18.54,Standard Delivery,Credit Card,Delivered
ORD-2023-11992,2025-03-08,2025-03-11,CUST-1014,Deepak Joshi,Consumer,West,Pune,Office Supplies,Binders & Organizers,30.3,1,30.3,0.0,0.0,30.3,19.1,11.2,36.96,Express Air,Cash on Delivery,Delivered
ORD-2024-11785,2025-03-09,2025-03-11,CUST-1093,Meera Bose,Corporate,West,Ahmedabad,Technology,Printers & Scanners,543.28,2,1086.56,0.1,108.66,0.0,947.15,-142.07,3.14,Same Day Priority,UPI / QR,Returned
ORD-2026-10275,2025-03-11,2025-03-14,CUST-1140,Preeti Mehta,Consumer,East,Bhubaneswar,Technology,Audio & Accessories,192.76,1,192.76,0.15,28.91,163.85,139.12,24.73,15.09,Standard Delivery,UPI / QR,Shipped
ORD-2024-10689,2025-03-11,2025-03-14,CUST-1034,Swati Joshi,Consumer,North,Jaipur,Furniture,Office Chairs,265.81,3,797.4300000000001,0.0,0.0,0.0,582.59,-87.39,26.94,Freight Saver,Cash on Delivery,Returned
ORD-2026-11039,2025-03-11,2025-03-12,CUST-1016,Kavita Bose,Home Office,Central,Bhopal,Technology,Audio & Accessories,129.55,1,129.55,0.15,19.43,0.0,93.61,-14.04,14.99,Express Air,Corporate Purchase Order,Returned
ORD-2023-11616,2025-03-11,2025-03-12,CUST-1016,Kavita Bose,Home Office,North,Lucknow,Office Supplies,Paper & Envelopes,25.56,5,127.8,0.05,6.39,0.0,84.93,-12.74,30.05,Standard Delivery,Cash on Delivery,Returned
ORD-2024-10817,2025-03-12,2025-03-13,CUST-1080,Ananya Singh,Consumer,East,Ranchi,Furniture,Office Chairs,191.8,2,383.6,0.0,0.0,383.6,270.29,113.31,29.54,Freight Saver,Corporate Purchase Order,Delivered
ORD-2024-11049,2025-03-13,2025-03-15,CUST-1070,Tanvi Patel,Home Office,Central,Raipur,Furniture,Executive Desks,391.04,1,391.04,0.0,0.0,391.04,329.85,61.19,15.65,Freight Saver,UPI / QR,Delivered
ORD-2025-10282,2025-03-14,2025-03-15,CUST-1075,Vikram Choudhury,Home Office,South,Kochi,Furniture,Office Chairs,226.81,2,453.62,0.1,45.36,408.26,327.88,80.38,19.69,Express Air,Cash on Delivery,Delivered
ORD-2023-12388,2025-03-17,2025-03-19,CUST-1128,Swati Chopra,Corporate,South,Kochi,Technology,Printers & Scanners,383.85,2,767.7,0.0,0.0,767.7,659.49,108.21,14.1,Freight Saver,UPI / QR,Delivered
ORD-2025-10990,2025-03-19,2025-03-22,CUST-1076,Manish Gupta,Home Office,Central,Raipur,Furniture,Bookcases & Shelving,157.66,1,157.66,0.0,0.0,157.66,134.19,23.47,14.89,Standard Delivery,Net Banking,Delivered
ORD-2026-11095,2025-03-19,2025-03-21,CUST-1136,Alok Choudhury,Home Office,South,Bengaluru,Technology,Printers & Scanners,257.54,1,257.54,0.0,0.0,0.0,224.68,-33.7,12.76,Same Day Priority,Cash on Delivery,Returned
ORD-2025-11134,2025-03-19,2025-03-24,CUST-1149,Deepak Reddy,Home Office,South,Bengaluru,Furniture,Executive Desks,799.21,1,799.21,0.0,0.0,799.21,616.39,182.82,22.88,Standard Delivery,Credit Card,Shipped
ORD-2023-11696,2025-03-19,2025-03-23,CUST-1013,Aditya Reddy,Consumer,Central,Bhopal,Furniture,Executive Desks,512.89,1,512.89,0.0,0.0,512.89,453.99,58.9,11.48,Same Day Priority,Net Banking,Delivered
ORD-2023-11740,2025-03-20,2025-03-25,CUST-1112,Priya Menon,Home Office,East,Bhubaneswar,Office Supplies,Storage Solutions,102.29,1,102.29,0.0,0.0,102.29,74.32,27.97,27.34,Express Air,Corporate Purchase Order,Delivered
ORD-2025-11910,2025-03-20,2025-03-22,CUST-1100,Karan Singh,Consumer,North,Dehradun,Technology,Printers & Scanners,374.33,1,374.33,0.05,18.72,355.61,303.79,51.82,14.57,Standard Delivery,Cash on Delivery,Shipped
ORD-2024-10157,2025-03-21,2025-03-23,CUST-1098,Isha Kapoor,Consumer,East,Ranchi,Technology,Smartphones & Tablets,540.35,2,1080.7,0.1,108.07,972.63,866.83,105.8,10.88,Express Air,Corporate Purchase Order,Delivered
ORD-2026-11663,2025-03-21,2025-03-22,CUST-1003,Neha Reddy,Home Office,East,Kolkata,Technology,Laptops & Desktops,1635.17,1,1635.17,0.15,245.28,0.0,1238.83,-185.82,10.87,Standard Delivery,UPI / QR,Returned
ORD-2023-12496,2025-03-21,2025-03-22,CUST-1024,Rahul Singh,Consumer,West,Ahmedabad,Office Supplies,Binders & Organizers,16.53,1,16.53,0.2,3.31,13.22,7.74,5.48,41.45,Same Day Priority,Corporate Purchase Order,Delivered
ORD-2024-11289,2025-03-22,2025-03-24,CUST-1130,Karan Rao,Home Office,East,Guwahati,Office Supplies,Storage Solutions,57.81,1,57.81,0.0,0.0,57.81,38.3,19.51,33.75,Same Day Priority,Net Banking,Delivered
ORD-2026-10295,2025-03-24,2025-03-27,CUST-1106,Sneha Kulkarni,Consumer,Central,Jabalpur,Furniture,Bookcases & Shelving,263.32,2,526.64,0.25,131.66,0.0,426.94,-64.04,-8.09,Freight Saver,Credit Card,Returned
ORD-2025-11374,2025-03-24,2025-03-25,CUST-1013,Aditya Reddy,Consumer,Central,Raipur,Technology,Smartphones & Tablets,611.27,2,1222.54,0.2,244.51,978.03,945.7,32.33,3.31,Express Air,Credit Card,Delivered
ORD-2024-10777,2025-03-25,2025-03-27,CUST-1032,Karan Kulkarni,Corporate,North,New Delhi,Technology,Smartphones & Tablets,695.94,3,2087.82,0.0,0.0,2087.82,1583.59,504.23,24.15,Express Air,Corporate Purchase Order,Processing
ORD-2024-10921,2025-03-25,2025-03-29,CUST-1131,Ananya Patel,Home Office,South,Chennai,Office Supplies,Binders & Organizers,28.28,1,28.28,0.1,2.83,0.0,15.41,-2.31,39.45,Express Air,Cash on Delivery,Returned
ORD-2025-11190,2025-03-25,2025-03-30,CUST-1011,Aditya Sharma,Consumer,Central,Jabalpur,Furniture,Bookcases & Shelving,162.92,2,325.84,0.05,16.29,309.55,256.11,53.44,17.26,Standard Delivery,Credit Card,Delivered
ORD-2023-11468,2025-03-25,2025-03-27,CUST-1017,Aditya Verma,Home Office,East,Bhubaneswar,Technology,Printers & Scanners,211.45,2,422.9,0.0,0.0,422.9,356.25,66.65,15.76,Freight Saver,Net Banking,Delivered
ORD-2025-12146,2025-03-25,2025-03-30,CUST-1150,Aditya Nair,Home Office,South,Hyderabad,Technology,Laptops & Desktops,1126.83,2,2253.66,0.0,0.0,2253.66,1626.04,627.62,27.85,Standard Delivery,UPI / QR,Processing
ORD-2025-12286,2025-03-26,2025-03-28,CUST-1064,Deepak Saxena,Consumer,West,Goa,Office Supplies,Binders & Organizers,19.99,1,19.99,0.0,0.0,19.99,12.88,7.11,35.57,Same Day Priority,Net Banking,Processing
ORD-2024-10345,2025-03-27,2025-03-29,CUST-1034,Swati Joshi,Consumer,South,Kochi,Furniture,Conference Tables,804.62,2,1609.24,0.05,80.46,1528.78,1287.86,240.92,15.76,Express Air,Credit Card,Delivered
ORD-2024-11241,2025-03-27,2025-03-29,CUST-1024,Rahul Singh,Consumer,West,Pune,Furniture,Office Chairs,281.42,2,562.84,0.15,84.43,478.41,421.83,56.58,11.83,Freight Saver,UPI / QR,Delivered
ORD-2025-11310,2025-03-28,2025-03-29,CUST-1088,Isha Reddy,Home Office,West,Ahmedabad,Office Supplies,Storage Solutions,41.31,3,123.93,0.0,0.0,123.93,83.07,40.86,32.97,Express Air,Cash on Delivery,Delivered
ORD-2025-11430,2025-03-28,2025-03-31,CUST-1031,Sunita Singh,Consumer,Central,Raipur,Office Supplies,Binders & Organizers,13.89,1,13.89,0.1,1.39,12.5,7.04,5.46,43.68,Freight Saver,Credit Card,Delivered
ORD-2026-10515,2025-03-29,2025-03-31,CUST-1125,Amit Joshi,Corporate,South,Bengaluru,Furniture,Conference Tables,1012.86,2,2025.72,0.0,0.0,2025.72,1691.82,333.9,16.48,Freight Saver,UPI / QR,Delivered
ORD-2023-12420,2025-03-29,2025-03-31,CUST-1001,Rajesh Mehta,Consumer,South,Bengaluru,Furniture,Office Chairs,377.2,1,377.2,0.15,56.58,320.62,317.22,3.4,1.06,Express Air,Corporate Purchase Order,Delivered
ORD-2025-11146,2025-03-30,2025-04-02,CUST-1076,Manish Gupta,Home Office,South,Coimbatore,Furniture,Bookcases & Shelving,216.37,1,216.37,0.0,0.0,216.37,179.51,36.86,17.04,Express Air,Net Banking,Processing
ORD-2024-10309,2025-03-31,2025-04-02,CUST-1047,Deepak Verma,Consumer,Central,Indore,Office Supplies,Binders & Organizers,29.43,3,88.28999999999999,0.15,13.24,75.05,47.58,27.47,36.6,Freight Saver,Credit Card,Delivered
ORD-2023-11008,2025-03-31,2025-04-02,CUST-1135,Pooja Nair,Corporate,West,Surat,Furniture,Office Chairs,381.31,1,381.31,0.0,0.0,381.31,271.98,109.33,28.67,Same Day Priority,Credit Card,Delivered
ORD-2026-11455,2025-03-31,2025-04-04,CUST-1096,Siddharth Joshi,Consumer,South,Hyderabad,Office Supplies,Storage Solutions,38.47,3,115.41,0.0,0.0,115.41,76.57,38.84,33.65,Freight Saver,Corporate Purchase Order,Delivered
ORD-2023-11932,2025-03-31,2025-04-02,CUST-1018,Karan Choudhury,Consumer,South,Chennai,Office Supplies,Storage Solutions,43.25,1,43.25,0.0,0.0,43.25,30.11,13.14,30.38,Standard Delivery,Corporate Purchase Order,Processing
ORD-2023-11720,2025-04-02,2025-04-04,CUST-1010,Neha Kapoor,Home Office,North,New Delhi,Furniture,Executive Desks,364.58,3,1093.74,0.05,54.69,1039.05,960.74,78.31,7.54,Express Air,Credit Card,Delivered
ORD-2026-10187,2025-04-03,2025-04-04,CUST-1138,Amit Sharma,Home Office,Central,Jabalpur,Technology,Laptops & Desktops,1095.85,2,2191.7,0.0,0.0,2191.7,1620.09,571.61,26.08,Same Day Priority,Corporate Purchase Order,Shipped
ORD-2024-11481,2025-04-03,2025-04-04,CUST-1113,Isha Verma,Home Office,North,Chandigarh,Furniture,Conference Tables,1003.6,1,1003.6,0.0,0.0,1003.6,841.15,162.45,16.19,Standard Delivery,Net Banking,Shipped
ORD-2023-10008,2025-04-04,2025-04-07,CUST-1142,Sunita Choudhury,Consumer,South,Chennai,Furniture,Conference Tables,1128.92,4,4515.68,0.1,451.57,4064.11,3928.21,135.9,3.34,Standard Delivery,Net Banking,Delivered
ORD-2025-11178,2025-04-05,2025-04-08,CUST-1106,Sneha Kulkarni,Consumer,South,Coimbatore,Technology,Laptops & Desktops,1488.74,1,1488.74,0.15,223.31,1265.43,1112.83,152.6,12.06,Freight Saver,Corporate Purchase Order,Delivered
ORD-2025-11058,2025-04-07,2025-04-08,CUST-1081,Rahul Joshi,Consumer,East,Ranchi,Technology,Audio & Accessories,182.74,1,182.74,0.15,27.41,155.33,101.94,53.39,34.37,Express Air,UPI / QR,Delivered
ORD-2024-11113,2025-04-08,2025-04-15,CUST-1106,Sneha Kulkarni,Consumer,Central,Nagpur,Technology,Laptops & Desktops,1731.05,1,1731.05,0.1,173.11,1557.94,1419.21,138.73,8.9,Standard Delivery,Corporate Purchase Order,Shipped
ORD-2026-10511,2025-04-09,2025-04-13,CUST-1125,Amit Joshi,Corporate,East,Guwahati,Office Supplies,Writing Instruments,18.5,5,92.5,0.1,9.25,83.25,49.86,33.39,40.11,Standard Delivery,Credit Card,Delivered
ORD-2025-11578,2025-04-09,2025-04-11,CUST-1142,Sunita Choudhury,Consumer,Central,Nagpur,Furniture,Executive Desks,667.84,3,2003.52,0.0,0.0,2003.52,1540.16,463.36,23.13,Same Day Priority,Credit Card,Delivered
ORD-2025-11830,2025-04-10,2025-04-12,CUST-1022,Vikram Patel,Consumer,South,Kochi,Technology,Audio & Accessories,138.82,1,138.82,0.2,27.76,111.06,79.39,31.67,28.52,Express Air,UPI / QR,Shipped
ORD-2025-10106,2025-04-11,2025-04-13,CUST-1019,Preeti Kulkarni,Consumer,North,Chandigarh,Furniture,Conference Tables,884.11,1,884.11,0.0,0.0,884.11,719.53,164.58,18.62,Same Day Priority,Net Banking,Delivered
ORD-2026-10147,2025-04-11,2025-04-13,CUST-1063,Deepak Nair,Home Office,South,Hyderabad,Furniture,Office Chairs,321.88,4,1287.52,0.1,128.75,1158.77,1076.33,82.44,7.11,Freight Saver,Corporate Purchase Order,Shipped
ORD-2023-10972,2025-04-11,2025-04-13,CUST-1107,Siddharth Iyer,Corporate,West,Surat,Furniture,Conference Tables,883.04,1,883.04,0.1,88.3,794.74,782.98,11.76,1.48,Express Air,Credit Card,Delivered
ORD-2025-12082,2025-04-11,2025-04-14,CUST-1079,Sanjay Saxena,Corporate,South,Coimbatore,Office Supplies,Paper & Envelopes,38.89,2,77.78,0.05,3.89,73.89,42.58,31.31,42.37,Express Air,Net Banking,Shipped
ORD-2026-11391,2025-04-12,2025-04-13,CUST-1081,Rahul Joshi,Consumer,South,Kochi,Technology,Printers & Scanners,588.77,2,1177.54,0.1,117.75,1059.79,922.85,136.94,12.92,Freight Saver,UPI / QR,Delivered
ORD-2024-10301,2025-04-13,2025-04-15,CUST-1144,Vikram Joshi,Consumer,North,Dehradun,Technology,Laptops & Desktops,1884.71,5,9423.55,0.15,1413.53,8010.02,6961.04,1048.98,13.1,Same Day Priority,Corporate Purchase Order,Delivered
ORD-2025-11822,2025-04-13,2025-04-16,CUST-1081,Rahul Joshi,Consumer,North,Lucknow,Furniture,Conference Tables,726.04,2,1452.08,0.0,0.0,0.0,1290.92,-193.64,11.1,Standard Delivery,Corporate Purchase Order,Returned
ORD-2026-11067,2025-04-14,2025-04-15,CUST-1128,Swati Chopra,Corporate,South,Bengaluru,Technology,Audio & Accessories,173.13,1,173.13,0.2,34.63,138.5,116.6,21.9,15.81,Same Day Priority,Net Banking,Delivered
ORD-2024-11265,2025-04-14,2025-04-15,CUST-1055,Deepak Joshi,Consumer,West,Surat,Office Supplies,Writing Instruments,7.92,1,7.92,0.2,1.58,6.34,5.04,1.3,20.5,Standard Delivery,Corporate Purchase Order,Delivered
ORD-2026-11403,2025-04-14,2025-04-15,CUST-1035,Neha Verma,Corporate,North,Chandigarh,Technology,Printers & Scanners,281.74,1,281.74,0.0,0.0,281.74,244.89,36.85,13.08,Same Day Priority,Credit Card,Processing
ORD-2024-11661,2025-04-14,2025-04-15,CUST-1084,Rahul Verma,Consumer,Central,Raipur,Office Supplies,Writing Instruments,8.87,1,8.87,0.1,0.89,7.98,6.08,1.9,23.81,Same Day Priority,UPI / QR,Delivered
ORD-2026-12199,2025-04-15,2025-04-16,CUST-1086,Rahul Saxena,Consumer,West,Mumbai,Furniture,Conference Tables,1233.38,2,2466.76,0.1,246.68,2220.08,1992.42,227.66,10.25,Express Air,Credit Card,Processing
ORD-2025-10534,2025-04-16,2025-04-17,CUST-1095,Priya Mehta,Consumer,Central,Nagpur,Technology,Smartphones & Tablets,394.19,1,394.19,0.0,0.0,394.19,323.47,70.72,17.94,Standard Delivery,Credit Card,Delivered
ORD-2024-11525,2025-04-16,2025-04-17,CUST-1022,Vikram Patel,Consumer,South,Coimbatore,Technology,Smartphones & Tablets,666.62,1,666.62,0.1,66.66,599.96,516.92,83.04,13.84,Express Air,Credit Card,Delivered
ORD-2026-10131,2025-04-17,2025-04-18,CUST-1035,Neha Verma,Corporate,West,Ahmedabad,Office Supplies,Storage Solutions,67.61,4,270.44,0.0,0.0,270.44,213.1,57.34,21.2,Express Air,Net Banking,Delivered
ORD-2025-10574,2025-04-17,2025-04-19,CUST-1128,Swati Chopra,Corporate,East,Patna,Technology,Smartphones & Tablets,653.35,1,653.35,0.0,0.0,653.35,496.45,156.9,24.01,Same Day Priority,Cash on Delivery,Shipped
ORD-2026-10871,2025-04-17,2025-04-22,CUST-1084,Rahul Verma,Consumer,Central,Indore,Technology,Printers & Scanners,457.96,5,2289.8,0.0,0.0,2289.8,1877.33,412.47,18.01,Freight Saver,Cash on Delivery,Shipped
ORD-2023-12340,2025-04-17,2025-04-20,CUST-1018,Karan Choudhury,Consumer,Central,Bhopal,Technology,Audio & Accessories,50.85,2,101.7,0.0,0.0,101.7,71.87,29.83,29.33,Express Air,Cash on Delivery,Delivered
ORD-2025-10102,2025-04-18,2025-04-22,CUST-1019,Preeti Kulkarni,Consumer,South,Hyderabad,Furniture,Conference Tables,885.71,2,1771.42,0.0,0.0,1771.42,1447.42,324.0,18.29,Express Air,Credit Card,Delivered
ORD-2024-10257,2025-04-18,2025-04-19,CUST-1051,Karan Saxena,Corporate,South,Bengaluru,Office Supplies,Storage Solutions,45.48,3,136.44,0.0,0.0,136.44,102.24,34.2,25.07,Freight Saver,UPI / QR,Processing
ORD-2026-11999,2025-04-18,2025-04-21,CUST-1129,Arjun Patel,Consumer,North,Dehradun,Office Supplies,Writing Instruments,10.8,2,21.6,0.05,1.08,20.52,13.96,6.56,31.97,Same Day Priority,Cash on Delivery,Delivered
ORD-2024-10489,2025-04-20,2025-04-23,CUST-1082,Naveen Choudhury,Consumer,West,Surat,Office Supplies,Binders & Organizers,12.82,2,25.64,0.15,3.85,21.79,12.57,9.22,42.31,Express Air,UPI / QR,Delivered
ORD-2026-10083,2025-04-21,2025-04-23,CUST-1061,Pooja Saxena,Home Office,West,Goa,Technology,Printers & Scanners,255.3,1,255.3,0.2,51.06,204.24,204.64,-0.4,-0.2,Express Air,Net Banking,Processing
ORD-2024-11821,2025-04-21,2025-04-23,CUST-1113,Isha Verma,Home Office,Central,Nagpur,Furniture,Executive Desks,323.52,3,970.56,0.05,48.53,922.03,770.41,151.62,16.44,Standard Delivery,UPI / QR,Delivered
ORD-2026-12399,2025-04-21,2025-04-23,CUST-1128,Swati Chopra,Corporate,North,Chandigarh,Technology,Smartphones & Tablets,692.0,3,2076.0,0.1,207.6,1868.4,1580.87,287.53,15.39,Same Day Priority,Cash on Delivery,Delivered
ORD-2026-11047,2025-04-22,2025-04-24,CUST-1109,Sunita Choudhury,Home Office,South,Coimbatore,Office Supplies,Binders & Organizers,29.07,2,58.14,0.0,0.0,0.0,29.81,-4.47,48.73,Same Day Priority,Credit Card,Returned
ORD-2024-10037,2025-04-23,2025-04-26,CUST-1074,Shweta Rao,Corporate,West,Goa,Technology,Laptops & Desktops,1103.23,1,1103.23,0.25,275.81,827.42,860.06,-32.64,-3.94,Standard Delivery,Cash on Delivery,Delivered
ORD-2023-11488,2025-04-23,2025-04-25,CUST-1012,Manish Deshmukh,Corporate,West,Surat,Furniture,Office Chairs,290.78,1,290.78,0.05,14.54,0.0,209.73,-31.46,24.08,Freight Saver,Net Banking,Returned
ORD-2026-11787,2025-04-23,2025-04-25,CUST-1016,Kavita Bose,Home Office,East,Kolkata,Furniture,Executive Desks,205.78,1,205.78,0.0,0.0,0.0,162.97,-24.45,20.8,Standard Delivery,Net Banking,Returned
ORD-2024-11125,2025-04-24,2025-04-26,CUST-1019,Preeti Kulkarni,Consumer,North,Dehradun,Furniture,Executive Desks,365.55,1,365.55,0.0,0.0,365.55,326.99,38.56,10.55,Standard Delivery,Cash on Delivery,Delivered
ORD-2026-10487,2025-04-25,2025-04-30,CUST-1086,Rahul Saxena,Consumer,West,Mumbai,Office Supplies,Writing Instruments,14.63,1,14.63,0.1,1.46,13.17,7.86,5.31,40.32,Same Day Priority,Corporate Purchase Order,Processing
ORD-2025-10038,2025-04-26,2025-04-27,CUST-1133,Rohan Bose,Consumer,East,Guwahati,Office Supplies,Storage Solutions,97.2,1,97.2,0.05,4.86,92.34,64.23,28.11,30.44,Freight Saver,Corporate Purchase Order,Delivered
ORD-2026-10155,2025-04-27,2025-04-29,CUST-1022,Vikram Patel,Consumer,Central,Indore,Furniture,Executive Desks,713.99,1,713.99,0.0,0.0,713.99,613.85,100.14,14.03,Express Air,UPI / QR,Delivered
ORD-2024-10897,2025-04-27,2025-05-01,CUST-1039,Tanvi Kulkarni,Home Office,Central,Nagpur,Furniture,Office Chairs,242.16,1,242.16,0.05,12.11,230.05,181.84,48.21,20.96,Same Day Priority,UPI / QR,Delivered
ORD-2024-10961,2025-04-27,2025-04-29,CUST-1049,Meera Rao,Consumer,West,Ahmedabad,Furniture,Conference Tables,398.07,3,1194.21,0.0,0.0,1194.21,992.45,201.76,16.89,Standard Delivery,UPI / QR,Delivered
ORD-2024-11269,2025-04-27,2025-04-29,CUST-1027,Kavita Bose,Consumer,South,Hyderabad,Furniture,Conference Tables,1070.58,5,5352.9,0.05,267.64,5085.26,4487.62,597.64,11.75,Express Air,Cash on Delivery,Delivered
ORD-2023-11412,2025-04-27,2025-05-02,CUST-1067,Sanjay Chopra,Consumer,Central,Raipur,Office Supplies,Paper & Envelopes,38.77,2,77.54,0.1,7.75,69.79,46.6,23.19,33.23,Same Day Priority,Corporate Purchase Order,Delivered
ORD-2024-11997,2025-04-27,2025-05-01,CUST-1085,Rahul Verma,Corporate,West,Pune,Furniture,Executive Desks,475.67,2,951.34,0.1,95.13,856.21,761.52,94.69,11.06,Express Air,Cash on Delivery,Delivered
ORD-2025-12238,2025-04-27,2025-04-30,CUST-1042,Isha Choudhury,Corporate,East,Patna,Furniture,Bookcases & Shelving,219.69,4,878.76,0.15,131.81,746.95,762.22,-15.27,-2.04,Standard Delivery,Credit Card,Shipped
ORD-2024-10041,2025-04-29,2025-05-01,CUST-1130,Karan Rao,Home Office,East,Kolkata,Technology,Audio & Accessories,172.37,2,344.74,0.1,34.47,310.27,198.9,111.37,35.89,Freight Saver,Cash on Delivery,Delivered
ORD-2025-10710,2025-04-29,2025-04-30,CUST-1007,Neha Saxena,Home Office,South,Hyderabad,Office Supplies,Writing Instruments,11.04,5,55.2,0.25,13.8,41.4,35.97,5.43,13.12,Freight Saver,Credit Card,Shipped
ORD-2025-11906,2025-04-30,2025-05-04,CUST-1061,Pooja Saxena,Home Office,Central,Jabalpur,Furniture,Office Chairs,319.95,3,959.85,0.25,239.96,719.89,709.58,10.31,1.43,Standard Delivery,Corporate Purchase Order,Processing
ORD-2026-11911,2025-04-30,2025-05-03,CUST-1109,Sunita Choudhury,Home Office,South,Coimbatore,Technology,Laptops & Desktops,815.16,1,815.16,0.15,122.27,692.89,593.14,99.75,14.4,Freight Saver,Cash on Delivery,Delivered
ORD-2023-10268,2025-05-01,2025-05-03,CUST-1104,Meera Malhotra,Corporate,North,Jaipur,Technology,Smartphones & Tablets,830.67,1,830.67,0.0,0.0,0.0,627.13,-94.07,24.5,Freight Saver,Cash on Delivery,Returned
ORD-2026-10751,2025-05-02,2025-05-04,CUST-1078,Rajesh Bose,Corporate,East,Kolkata,Technology,Printers & Scanners,395.62,1,395.62,0.15,59.34,336.28,330.86,5.42,1.61,Express Air,Cash on Delivery,Delivered
ORD-2026-11759,2025-05-02,2025-05-04,CUST-1069,Rahul Patel,Home Office,West,Ahmedabad,Technology,Printers & Scanners,532.05,2,1064.1,0.0,0.0,1064.1,842.96,221.14,20.78,Same Day Priority,Corporate Purchase Order,Delivered
ORD-2026-11635,2025-05-03,2025-05-05,CUST-1117,Priya Saxena,Consumer,Central,Jabalpur,Furniture,Executive Desks,869.41,1,869.41,0.25,217.35,652.06,663.97,-11.91,-1.83,Express Air,Cash on Delivery,Processing
ORD-2025-11094,2025-05-04,2025-05-09,CUST-1147,Rahul Deshmukh,Corporate,South,Hyderabad,Office Supplies,Binders & Organizers,18.48,1,18.48,0.1,1.85,16.63,11.87,4.76,28.62,Express Air,Cash on Delivery,Delivered
ORD-2025-10610,2025-05-05,2025-05-07,CUST-1074,Shweta Rao,Corporate,West,Pune,Technology,Smartphones & Tablets,863.24,1,863.24,0.0,0.0,0.0,651.88,-97.78,24.48,Freight Saver,Cash on Delivery,Returned
ORD-2026-11075,2025-05-05,2025-05-08,CUST-1039,Tanvi Kulkarni,Home Office,West,Goa,Furniture,Executive Desks,200.43,1,200.43,0.15,30.06,170.37,172.4,-2.03,-1.19,Freight Saver,UPI / QR,Delivered
ORD-2024-11169,2025-05-05,2025-05-12,CUST-1008,Aarav Choudhury,Consumer,West,Pune,Office Supplies,Writing Instruments,15.79,10,157.89999999999998,0.0,0.0,157.9,91.37,66.53,42.13,Same Day Priority,Cash on Delivery,Delivered
ORD-2026-11347,2025-05-05,2025-05-07,CUST-1013,Aditya Reddy,Consumer,West,Ahmedabad,Technology,Laptops & Desktops,1691.49,3,5074.47,0.0,0.0,5074.47,3758.64,1315.83,25.93,Express Air,Corporate Purchase Order,Delivered
ORD-2023-10796,2025-05-07,2025-05-09,CUST-1142,Sunita Choudhury,Consumer,West,Mumbai,Technology,Laptops & Desktops,1934.17,1,1934.17,0.0,0.0,1934.17,1571.9,362.27,18.73,Freight Saver,Corporate Purchase Order,Delivered
ORD-2024-11025,2025-05-08,2025-05-12,CUST-1129,Arjun Patel,Consumer,Central,Bhopal,Furniture,Office Chairs,174.25,2,348.5,0.2,69.7,278.8,257.56,21.24,7.62,Same Day Priority,Corporate Purchase Order,Delivered
ORD-2023-12084,2025-05-08,2025-05-11,CUST-1124,Swati Menon,Home Office,South,Kochi,Furniture,Bookcases & Shelving,362.48,1,362.48,0.1,36.25,326.23,276.83,49.4,15.14,Express Air,Credit Card,Delivered
ORD-2024-11857,2025-05-11,2025-05-15,CUST-1056,Pooja Deshmukh,Consumer,West,Goa,Furniture,Executive Desks,808.87,1,808.87,0.0,0.0,0.0,640.34,-96.05,20.84,Standard Delivery,Cash on Delivery,Returned
ORD-2025-12322,2025-05-11,2025-05-16,CUST-1093,Meera Bose,Corporate,North,New Delhi,Technology,Laptops & Desktops,1233.8,1,1233.8,0.2,246.76,987.04,931.6,55.44,5.62,Freight Saver,UPI / QR,Delivered
ORD-2023-11928,2025-05-12,2025-05-16,CUST-1028,Swati Iyer,Home Office,South,Chennai,Furniture,Office Chairs,124.96,2,249.92,0.0,0.0,249.92,190.01,59.91,23.97,Same Day Priority,Net Banking,Delivered
ORD-2025-11958,2025-05-13,2025-05-14,CUST-1013,Aditya Reddy,Consumer,West,Pune,Office Supplies,Storage Solutions,53.64,4,214.56,0.05,10.73,203.83,143.13,60.7,29.78,Express Air,Corporate Purchase Order,Delivered
ORD-2024-10181,2025-05-14,2025-05-17,CUST-1123,Divya Patel,Corporate,North,Chandigarh,Technology,Laptops & Desktops,765.12,1,765.12,0.0,0.0,765.12,598.12,167.0,21.83,Express Air,Credit Card,Delivered
ORD-2024-11029,2025-05-14,2025-05-19,CUST-1104,Meera Malhotra,Corporate,North,Dehradun,Technology,Printers & Scanners,318.71,1,318.71,0.1,31.87,286.84,251.16,35.68,12.44,Standard Delivery,Corporate Purchase Order,Delivered
ORD-2025-11090,2025-05-14,2025-05-17,CUST-1146,Tanvi Iyer,Consumer,South,Bengaluru,Office Supplies,Binders & Organizers,33.63,1,33.63,0.05,1.68,31.95,15.21,16.74,52.39,Express Air,UPI / QR,Delivered
ORD-2023-11272,2025-05-15,2025-05-18,CUST-1016,Kavita Bose,Home Office,South,Coimbatore,Furniture,Conference Tables,588.21,1,588.21,0.05,29.41,558.8,487.66,71.14,12.73,Express Air,UPI / QR,Shipped
ORD-2025-11566,2025-05-16,2025-05-17,CUST-1076,Manish Gupta,Home Office,South,Coimbatore,Office Supplies,Writing Instruments,6.39,1,6.39,0.05,0.32,6.07,3.74,2.33,38.39,Express Air,UPI / QR,Delivered
ORD-2025-11890,2025-05-16,2025-05-19,CUST-1043,Sunita Menon,Corporate,West,Ahmedabad,Office Supplies,Binders & Organizers,27.6,1,27.6,0.0,0.0,27.6,17.29,10.31,37.36,Freight Saver,Corporate Purchase Order,Delivered
ORD-2023-10484,2025-05-17,2025-05-19,CUST-1064,Deepak Saxena,Consumer,East,Bhubaneswar,Technology,Audio & Accessories,169.63,1,169.63,0.2,33.93,135.7,106.67,29.03,21.39,Standard Delivery,Credit Card,Delivered
ORD-2024-10545,2025-05-17,2025-05-22,CUST-1143,Aditya Chopra,Home Office,West,Mumbai,Technology,Printers & Scanners,582.5,2,1165.0,0.1,116.5,1048.5,1005.7,42.8,4.08,Standard Delivery,Corporate Purchase Order,Delivered
ORD-2025-10682,2025-05-19,2025-05-21,CUST-1028,Swati Iyer,Home Office,Central,Bhopal,Furniture,Executive Desks,222.64,1,222.64,0.0,0.0,0.0,197.8,-29.67,11.16,Freight Saver,Credit Card,Returned
ORD-2026-12275,2025-05-19,2025-05-21,CUST-1119,Divya Patel,Home Office,North,New Delhi,Technology,Audio & Accessories,98.44,2,196.88,0.15,29.53,0.0,132.03,-19.8,21.11,Express Air,Credit Card,Returned
ORD-2025-11278,2025-05-21,2025-05-22,CUST-1048,Rohan Nair,Home Office,North,Chandigarh,Technology,Smartphones & Tablets,1070.62,3,3211.86,0.05,160.59,3051.27,2447.0,604.27,19.8,Freight Saver,Net Banking,Delivered
ORD-2023-10408,2025-05-24,2025-05-27,CUST-1083,Naveen Singh,Consumer,East,Bhubaneswar,Office Supplies,Writing Instruments,20.32,1,20.32,0.0,0.0,20.32,13.98,6.34,31.2,Same Day Priority,Credit Card,Delivered
ORD-2025-10370,2025-05-25,2025-05-29,CUST-1017,Aditya Verma,Home Office,East,Ranchi,Technology,Audio & Accessories,85.97,1,85.97,0.0,0.0,85.97,60.88,25.09,29.18,Standard Delivery,UPI / QR,Shipped
ORD-2025-11290,2025-05-25,2025-05-26,CUST-1137,Pooja Rao,Home Office,South,Coimbatore,Office Supplies,Paper & Envelopes,25.58,2,51.16,0.05,2.56,48.6,27.79,20.81,42.82,Standard Delivery,UPI / QR,Processing
ORD-2026-11607,2025-05-25,2025-05-26,CUST-1126,Vikram Joshi,Consumer,West,Mumbai,Technology,Printers & Scanners,377.33,4,1509.32,0.0,0.0,1509.32,1296.16,213.16,14.12,Standard Delivery,Corporate Purchase Order,Processing
ORD-2026-10471,2025-05-26,2025-05-28,CUST-1092,Ananya Mehta,Home Office,West,Ahmedabad,Technology,Smartphones & Tablets,498.09,2,996.18,0.05,49.81,946.37,756.06,190.31,20.11,Standard Delivery,Net Banking,Delivered
ORD-2023-10560,2025-05-26,2025-05-30,CUST-1026,Rajesh Bose,Consumer,East,Kolkata,Furniture,Bookcases & Shelving,272.22,1,272.22,0.0,0.0,272.22,216.25,55.97,20.56,Express Air,Cash on Delivery,Delivered
ORD-2024-11749,2025-05-26,2025-05-30,CUST-1051,Karan Saxena,Corporate,South,Bengaluru,Technology,Audio & Accessories,60.46,3,181.38,0.0,0.0,181.38,134.83,46.55,25.66,Express Air,Credit Card,Delivered
ORD-2026-12459,2025-05-26,2025-05-27,CUST-1040,Karan Reddy,Corporate,South,Bengaluru,Furniture,Conference Tables,680.63,3,2041.89,0.0,0.0,2041.89,1743.79,298.1,14.6,Same Day Priority,Corporate Purchase Order,Delivered
ORD-2026-10651,2025-05-27,2025-05-31,CUST-1138,Amit Sharma,Home Office,East,Kolkata,Office Supplies,Storage Solutions,40.37,1,40.37,0.05,2.02,38.35,30.12,8.23,21.46,Express Air,UPI / QR,Delivered
ORD-2023-10524,2025-05-28,2025-05-30,CUST-1105,Vikram Kulkarni,Consumer,West,Goa,Office Supplies,Writing Instruments,23.82,1,23.82,0.1,2.38,21.44,13.26,8.18,38.15,Standard Delivery,UPI / QR,Delivered
ORD-2023-12036,2025-05-28,2025-05-30,CUST-1026,Rajesh Bose,Consumer,Central,Nagpur,Office Supplies,Paper & Envelopes,17.63,2,35.26,0.0,0.0,35.26,18.01,17.25,48.92,Same Day Priority,Cash on Delivery,Delivered
ORD-2025-10166,2025-05-29,2025-05-31,CUST-1055,Deepak Joshi,Consumer,South,Hyderabad,Office Supplies,Paper & Envelopes,29.36,3,88.08,0.05,4.4,83.68,55.21,28.47,34.02,Express Air,Corporate Purchase Order,Delivered
ORD-2025-10818,2025-05-29,2025-05-30,CUST-1105,Vikram Kulkarni,Consumer,Central,Nagpur,Furniture,Executive Desks,486.81,10,4868.1,0.1,486.81,4381.29,3686.52,694.77,15.86,Standard Delivery,Corporate Purchase Order,Delivered
ORD-2025-11162,2025-05-30,2025-06-01,CUST-1047,Deepak Verma,Consumer,West,Goa,Technology,Printers & Scanners,341.01,2,682.02,0.2,136.4,545.62,557.81,-12.19,-2.23,Same Day Priority,Net Banking,Processing
ORD-2023-11508,2025-05-30,2025-06-01,CUST-1104,Meera Malhotra,Corporate,East,Guwahati,Office Supplies,Storage Solutions,49.25,2,98.5,0.15,14.77,83.73,65.38,18.35,21.92,Freight Saver,Credit Card,Delivered
ORD-2024-11797,2025-05-30,2025-06-01,CUST-1013,Aditya Reddy,Consumer,East,Patna,Office Supplies,Storage Solutions,26.4,1,26.4,0.0,0.0,26.4,19.81,6.59,24.96,Freight Saver,Credit Card,Delivered
ORD-2025-12166,2025-05-30,2025-06-02,CUST-1054,Sanjay Choudhury,Corporate,West,Ahmedabad,Technology,Audio & Accessories,90.09,1,90.09,0.1,9.01,81.08,67.24,13.84,17.07,Same Day Priority,UPI / QR,Delivered
ORD-2026-12231,2025-05-30,2025-05-31,CUST-1047,Deepak Verma,Consumer,West,Ahmedabad,Furniture,Bookcases & Shelving,196.68,1,196.68,0.15,29.5,167.18,168.81,-1.63,-0.97,Freight Saver,Corporate Purchase Order,Shipped
ORD-2025-10162,2025-05-31,2025-06-01,CUST-1026,Rajesh Bose,Consumer,East,Bhubaneswar,Furniture,Executive Desks,534.33,1,534.33,0.1,53.43,480.9,433.72,47.18,9.81,Express Air,Net Banking,Delivered
ORD-2024-11573,2025-05-31,2025-06-03,CUST-1116,Preeti Saxena,Consumer,West,Ahmedabad,Office Supplies,Storage Solutions,106.99,2,213.98,0.0,0.0,213.98,139.82,74.16,34.66,Freight Saver,Net Banking,Shipped
ORD-2025-10154,2025-06-01,2025-06-03,CUST-1143,Aditya Chopra,Home Office,Central,Raipur,Technology,Laptops & Desktops,1166.26,1,1166.26,0.05,58.31,1107.95,918.5,189.45,17.1,Freight Saver,UPI / QR,Delivered
ORD-2025-12162,2025-06-01,2025-06-02,CUST-1042,Isha Choudhury,Corporate,East,Guwahati,Technology,Smartphones & Tablets,464.23,1,464.23,0.0,0.0,464.23,392.6,71.63,15.43,Freight Saver,Credit Card,Delivered
ORD-2024-11425,2025-06-02,2025-06-04,CUST-1086,Rahul Saxena,Consumer,East,Guwahati,Furniture,Bookcases & Shelving,120.1,1,120.1,0.0,0.0,120.1,96.25,23.85,19.86,Standard Delivery,UPI / QR,Delivered
ORD-2026-12407,2025-06-03,2025-06-06,CUST-1064,Deepak Saxena,Consumer,South,Chennai,Office Supplies,Binders & Organizers,29.67,2,59.34,0.05,2.97,56.37,37.25,19.12,33.92,Express Air,UPI / QR,Processing
ORD-2024-10929,2025-06-04,2025-06-06,CUST-1027,Kavita Bose,Consumer,East,Patna,Office Supplies,Writing Instruments,12.81,3,38.43,0.25,9.61,28.82,26.26,2.56,8.88,Standard Delivery,Corporate Purchase Order,Delivered
ORD-2023-11436,2025-06-04,2025-06-05,CUST-1118,Shweta Nair,Consumer,West,Pune,Office Supplies,Binders & Organizers,30.32,10,303.2,0.0,0.0,303.2,144.2,159.0,52.44,Freight Saver,Credit Card,Delivered
ORD-2026-11683,2025-06-04,2025-06-11,CUST-1039,Tanvi Kulkarni,Home Office,South,Kochi,Furniture,Conference Tables,601.1,5,3005.5,0.05,150.28,2855.22,2486.76,368.46,12.9,Standard Delivery,Corporate Purchase Order,Delivered
ORD-2025-11706,2025-06-04,2025-06-05,CUST-1065,Divya Joshi,Corporate,East,Bhubaneswar,Furniture,Office Chairs,376.53,5,1882.65,0.0,0.0,1882.65,1450.46,432.19,22.96,Express Air,Net Banking,Shipped
ORD-2024-11865,2025-06-04,2025-06-06,CUST-1092,Ananya Mehta,Home Office,North,New Delhi,Office Supplies,Storage Solutions,108.51,3,325.53000000000003,0.0,0.0,325.53,215.29,110.24,33.86,Express Air,Cash on Delivery,Delivered
ORD-2025-11982,2025-06-04,2025-06-05,CUST-1079,Sanjay Saxena,Corporate,East,Patna,Technology,Smartphones & Tablets,778.11,1,778.11,0.05,38.91,739.2,613.63,125.57,16.99,Same Day Priority,Net Banking,Delivered
ORD-2023-12376,2025-06-04,2025-06-08,CUST-1120,Shweta Singh,Corporate,North,New Delhi,Technology,Laptops & Desktops,1794.1,3,5382.299999999999,0.0,0.0,5382.3,4254.98,1127.32,20.94,Freight Saver,Net Banking,Processing
ORD-2024-12441,2025-06-06,2025-06-07,CUST-1011,Aditya Sharma,Consumer,South,Bengaluru,Furniture,Executive Desks,607.51,2,1215.02,0.05,60.75,1154.27,921.54,232.73,20.16,Standard Delivery,Cash on Delivery,Shipped
ORD-2024-10669,2025-06-07,2025-06-09,CUST-1123,Divya Patel,Corporate,North,Lucknow,Technology,Smartphones & Tablets,952.48,1,952.48,0.05,47.62,904.86,719.76,185.1,20.46,Express Air,Net Banking,Delivered
ORD-2025-11354,2025-06-07,2025-06-11,CUST-1031,Sunita Singh,Consumer,North,Jaipur,Office Supplies,Writing Instruments,8.55,1,8.55,0.0,0.0,8.55,4.57,3.98,46.55,Same Day Priority,Cash on Delivery,Processing
ORD-2026-10327,2025-06-08,2025-06-10,CUST-1043,Sunita Menon,Corporate,East,Guwahati,Technology,Smartphones & Tablets,307.14,1,307.14,0.15,46.07,0.0,246.47,-36.97,5.59,Express Air,Net Banking,Returned
ORD-2025-10506,2025-06-08,2025-06-11,CUST-1024,Rahul Singh,Consumer,North,Dehradun,Technology,Printers & Scanners,454.4,2,908.8,0.1,90.88,817.92,715.16,102.76,12.56,Standard Delivery,Net Banking,Delivered
ORD-2023-10156,2025-06-09,2025-06-11,CUST-1077,Pooja Kulkarni,Home Office,West,Mumbai,Technology,Smartphones & Tablets,876.72,2,1753.44,0.1,175.34,1578.1,1410.14,167.96,10.64,Express Air,Net Banking,Delivered
ORD-2024-10393,2025-06-10,2025-06-12,CUST-1045,Kavita Singh,Consumer,West,Pune,Technology,Printers & Scanners,529.5,1,529.5,0.05,26.48,503.02,450.69,52.33,10.4,Express Air,Credit Card,Delivered
ORD-2023-10832,2025-06-10,2025-06-13,CUST-1046,Amit Malhotra,Consumer,North,Jaipur,Office Supplies,Writing Instruments,19.3,1,19.3,0.05,0.97,18.33,9.66,8.67,47.3,Express Air,Corporate Purchase Order,Delivered
ORD-2023-11244,2025-06-10,2025-06-11,CUST-1137,Pooja Rao,Home Office,Central,Nagpur,Furniture,Conference Tables,1035.58,2,2071.16,0.0,0.0,2071.16,1747.8,323.36,15.61,Same Day Priority,Credit Card,Processing
ORD-2024-12293,2025-06-10,2025-06-11,CUST-1088,Isha Reddy,Home Office,South,Coimbatore,Technology,Laptops & Desktops,779.59,5,3897.95,0.1,389.8,3508.15,2808.06,700.09,19.96,Standard Delivery,Corporate Purchase Order,Delivered
ORD-2026-11779,2025-06-12,2025-06-14,CUST-1131,Ananya Patel,Home Office,East,Ranchi,Technology,Printers & Scanners,234.39,1,234.39,0.05,11.72,222.67,183.67,39.0,17.51,Standard Delivery,Corporate Purchase Order,Delivered
ORD-2024-10073,2025-06-13,2025-06-17,CUST-1063,Deepak Nair,Home Office,West,Goa,Furniture,Office Chairs,226.43,1,226.43,0.0,0.0,226.43,181.15,45.28,20.0,Express Air,UPI / QR,Shipped
ORD-2023-11708,2025-06-13,2025-06-15,CUST-1094,Meera Kapoor,Home Office,North,Jaipur,Technology,Printers & Scanners,482.02,10,4820.2,0.1,482.02,4338.18,3893.93,444.25,10.24,Express Air,UPI / QR,Shipped
ORD-2026-10507,2025-06-14,2025-06-15,CUST-1123,Divya Patel,Corporate,East,Bhubaneswar,Office Supplies,Writing Instruments,21.67,2,43.34,0.0,0.0,43.34,29.92,13.42,30.96,Standard Delivery,UPI / QR,Shipped
ORD-2024-11445,2025-06-15,2025-06-17,CUST-1102,Priya Choudhury,Consumer,West,Mumbai,Furniture,Conference Tables,703.04,2,1406.08,0.0,0.0,1406.08,1215.99,190.09,13.52,Same Day Priority,Corporate Purchase Order,Delivered
ORD-2023-10164,2025-06-16,2025-06-19,CUST-1116,Preeti Saxena,Consumer,East,Kolkata,Technology,Laptops & Desktops,636.14,1,636.14,0.0,0.0,636.14,470.74,165.4,26.0,Express Air,Cash on Delivery,Delivered
ORD-2025-10250,2025-06-16,2025-06-17,CUST-1098,Isha Kapoor,Consumer,East,Guwahati,Technology,Smartphones & Tablets,686.46,2,1372.92,0.15,205.94,1166.98,1106.48,60.5,5.18,Standard Delivery,Net Banking,Processing
ORD-2026-11463,2025-06-16,2025-06-20,CUST-1076,Manish Gupta,Home Office,North,Lucknow,Technology,Audio & Accessories,149.4,8,1195.2,0.05,59.76,1135.44,834.26,301.18,26.53,Express Air,UPI / QR,Delivered
ORD-2026-10419,2025-06-17,2025-06-18,CUST-1149,Deepak Reddy,Home Office,North,Chandigarh,Technology,Printers & Scanners,499.95,1,499.95,0.05,25.0,474.95,439.64,35.31,7.43,Express Air,UPI / QR,Processing
ORD-2025-10758,2025-06-18,2025-06-22,CUST-1032,Karan Kulkarni,Corporate,West,Pune,Furniture,Executive Desks,306.26,3,918.78,0.0,0.0,918.78,756.41,162.37,17.67,Express Air,Corporate Purchase Order,Delivered
ORD-2025-10014,2025-06-19,2025-06-20,CUST-1074,Shweta Rao,Corporate,South,Hyderabad,Technology,Laptops & Desktops,821.4,1,821.4,0.1,82.14,739.26,615.52,123.74,16.74,Standard Delivery,Corporate Purchase Order,Delivered
ORD-2025-10830,2025-06-19,2025-06-21,CUST-1121,Ananya Menon,Consumer,East,Patna,Furniture,Office Chairs,169.09,1,169.09,0.1,16.91,0.0,125.81,-18.87,17.33,Same Day Priority,Net Banking,Returned
ORD-2026-11839,2025-06-19,2025-06-22,CUST-1140,Preeti Mehta,Consumer,East,Bhubaneswar,Technology,Smartphones & Tablets,1089.91,2,2179.82,0.05,108.99,2070.83,1686.94,383.89,18.54,Express Air,Net Banking,Delivered
ORD-2025-11602,2025-06-22,2025-06-23,CUST-1023,Swati Singh,Corporate,West,Goa,Furniture,Executive Desks,329.33,2,658.66,0.0,0.0,658.66,576.13,82.53,12.53,Express Air,Corporate Purchase Order,Delivered
ORD-2024-10001,2025-06-23,2025-06-25,CUST-1110,Manish Malhotra,Consumer,Central,Bhopal,Technology,Smartphones & Tablets,736.47,3,2209.41,0.05,110.47,2098.94,1845.28,253.66,12.09,Express Air,UPI / QR,Delivered
ORD-2026-10499,2025-06-23,2025-06-25,CUST-1144,Vikram Joshi,Consumer,West,Surat,Furniture,Executive Desks,292.74,1,292.74,0.15,43.91,0.0,255.53,-38.33,-2.69,Express Air,Cash on Delivery,Returned
ORD-2025-11586,2025-06-23,2025-06-25,CUST-1119,Divya Patel,Home Office,South,Hyderabad,Furniture,Executive Desks,480.77,3,1442.31,0.15,216.35,1225.96,1264.91,-38.95,-3.18,Standard Delivery,Cash on Delivery,Shipped
ORD-2024-12309,2025-06-23,2025-06-24,CUST-1121,Ananya Menon,Consumer,West,Ahmedabad,Furniture,Office Chairs,366.16,2,732.32,0.05,36.62,695.7,573.4,122.3,17.58,Same Day Priority,Corporate Purchase Order,Delivered
ORD-2024-12325,2025-06-23,2025-06-25,CUST-1147,Rahul Deshmukh,Corporate,West,Pune,Furniture,Bookcases & Shelving,280.68,4,1122.72,0.0,0.0,0.0,960.91,-144.14,14.41,Same Day Priority,Net Banking,Returned
ORD-2026-10119,2025-06-24,2025-06-27,CUST-1123,Divya Patel,Corporate,South,Chennai,Office Supplies,Writing Instruments,23.59,2,47.18,0.0,0.0,47.18,27.22,19.96,42.31,Express Air,Credit Card,Delivered
ORD-2026-10443,2025-06-24,2025-06-26,CUST-1029,Preeti Patel,Home Office,West,Mumbai,Technology,Laptops & Desktops,1092.93,1,1092.93,0.15,163.94,928.99,847.46,81.53,8.78,Standard Delivery,Net Banking,Delivered
ORD-2025-10694,2025-06-24,2025-06-27,CUST-1036,Siddharth Iyer,Consumer,North,Dehradun,Furniture,Bookcases & Shelving,356.29,1,356.29,0.15,53.44,302.85,274.32,28.53,9.42,Express Air,Corporate Purchase Order,Delivered
ORD-2023-12244,2025-06-25,2025-06-30,CUST-1124,Swati Menon,Home Office,Central,Raipur,Technology,Audio & Accessories,61.65,1,61.65,0.05,3.08,58.57,41.57,17.0,29.03,Standard Delivery,Credit Card,Delivered
ORD-2025-11594,2025-06-27,2025-06-28,CUST-1105,Vikram Kulkarni,Consumer,West,Mumbai,Technology,Audio & Accessories,170.77,1,170.77,0.05,8.54,162.23,113.38,48.85,30.11,Express Air,UPI / QR,Delivered
ORD-2023-11860,2025-06-27,2025-06-29,CUST-1023,Swati Singh,Corporate,South,Kochi,Technology,Laptops & Desktops,1418.95,3,4256.85,0.0,0.0,4256.85,3432.25,824.6,19.37,Freight Saver,Cash on Delivery,Delivered
ORD-2025-12002,2025-06-27,2025-06-29,CUST-1031,Sunita Singh,Consumer,North,Dehradun,Furniture,Conference Tables,645.75,1,645.75,0.1,64.58,0.0,558.21,-83.73,3.95,Same Day Priority,UPI / QR,Returned
ORD-2024-12445,2025-06-27,2025-07-01,CUST-1078,Rajesh Bose,Corporate,East,Guwahati,Furniture,Bookcases & Shelving,210.33,1,210.33,0.0,0.0,0.0,161.56,-24.23,23.19,Same Day Priority,Corporate Purchase Order,Returned
ORD-2025-10906,2025-06-28,2025-07-02,CUST-1054,Sanjay Choudhury,Corporate,West,Mumbai,Furniture,Conference Tables,578.43,3,1735.29,0.05,86.76,1648.53,1540.13,108.4,6.58,Express Air,Cash on Delivery,Shipped
ORD-2023-11336,2025-06-28,2025-06-29,CUST-1035,Neha Verma,Corporate,Central,Bhopal,Technology,Audio & Accessories,192.81,4,771.24,0.05,38.56,0.0,462.09,-69.31,36.93,Freight Saver,Net Banking,Returned
ORD-2024-12065,2025-06-28,2025-06-30,CUST-1078,Rajesh Bose,Corporate,South,Hyderabad,Technology,Laptops & Desktops,1367.47,4,5469.88,0.2,1093.98,4375.9,4184.1,191.8,4.38,Freight Saver,Cash on Delivery,Delivered
ORD-2023-12396,2025-06-28,2025-07-01,CUST-1041,Rohan Singh,Home Office,West,Surat,Technology,Laptops & Desktops,1690.06,1,1690.06,0.1,169.01,1521.05,1244.98,276.07,18.15,Freight Saver,Corporate Purchase Order,Delivered
ORD-2024-11441,2025-06-29,2025-07-04,CUST-1030,Rajesh Nair,Home Office,West,Goa,Furniture,Bookcases & Shelving,390.68,1,390.68,0.15,58.6,332.08,313.64,18.44,5.55,Same Day Priority,Net Banking,Processing
ORD-2024-12177,2025-06-30,2025-07-02,CUST-1005,Naveen Deshmukh,Consumer,South,Bengaluru,Technology,Audio & Accessories,166.4,2,332.8,0.15,49.92,0.0,249.13,-37.37,11.93,Freight Saver,UPI / QR,Returned
ORD-2023-10280,2025-07-01,2025-07-03,CUST-1079,Sanjay Saxena,Corporate,West,Goa,Technology,Laptops & Desktops,1946.87,4,7787.48,0.0,0.0,7787.48,5966.29,1821.19,23.39,Same Day Priority,UPI / QR,Processing
ORD-2024-10661,2025-07-01,2025-07-06,CUST-1020,Isha Chopra,Home Office,Central,Jabalpur,Technology,Printers & Scanners,595.34,1,595.34,0.1,59.53,535.81,521.29,14.52,2.71,Express Air,Corporate Purchase Order,Shipped
ORD-2024-11013,2025-07-01,2025-07-04,CUST-1132,Vikram Saxena,Corporate,West,Pune,Technology,Laptops & Desktops,1219.92,1,1219.92,0.2,243.98,975.94,975.25,0.69,0.07,Same Day Priority,Credit Card,Shipped
ORD-2026-10099,2025-07-02,2025-07-03,CUST-1074,Shweta Rao,Corporate,West,Pune,Technology,Laptops & Desktops,1323.27,4,5293.08,0.05,264.65,5028.43,4293.86,734.57,14.61,Same Day Priority,Net Banking,Processing
ORD-2026-10283,2025-07-02,2025-07-03,CUST-1145,Swati Iyer,Home Office,Central,Indore,Office Supplies,Storage Solutions,114.22,1,114.22,0.1,11.42,102.8,87.41,15.39,14.97,Same Day Priority,Net Banking,Delivered
ORD-2025-10366,2025-07-02,2025-07-04,CUST-1047,Deepak Verma,Consumer,North,Chandigarh,Office Supplies,Paper & Envelopes,31.03,1,31.03,0.05,1.55,29.48,16.41,13.07,44.34,Standard Delivery,Cash on Delivery,Delivered
ORD-2025-11362,2025-07-03,2025-07-04,CUST-1062,Vikram Reddy,Corporate,North,Lucknow,Office Supplies,Writing Instruments,6.87,1,6.87,0.1,0.69,6.18,3.45,2.73,44.17,Same Day Priority,Credit Card,Delivered
ORD-2024-10633,2025-07-04,2025-07-08,CUST-1032,Karan Kulkarni,Corporate,North,Chandigarh,Furniture,Executive Desks,265.87,1,265.87,0.1,26.59,239.28,235.91,3.37,1.41,Standard Delivery,Cash on Delivery,Delivered
ORD-2023-11116,2025-07-04,2025-07-05,CUST-1032,Karan Kulkarni,Corporate,East,Patna,Office Supplies,Storage Solutions,87.65,2,175.3,0.05,8.77,166.53,134.94,31.59,18.97,Express Air,Credit Card,Delivered
ORD-2023-10812,2025-07-05,2025-07-07,CUST-1147,Rahul Deshmukh,Corporate,South,Coimbatore,Technology,Laptops & Desktops,2116.6,2,4233.2,0.0,0.0,0.0,3215.13,-482.27,24.05,Standard Delivery,UPI / QR,Returned
ORD-2025-11182,2025-07-05,2025-07-06,CUST-1140,Preeti Mehta,Consumer,East,Patna,Technology,Laptops & Desktops,1761.58,1,1761.58,0.05,88.08,1673.5,1436.08,237.42,14.19,Freight Saver,Net Banking,Shipped
ORD-2024-11545,2025-07-05,2025-07-09,CUST-1144,Vikram Joshi,Consumer,North,New Delhi,Technology,Audio & Accessories,123.0,2,246.0,0.1,24.6,0.0,166.48,-24.97,24.81,Same Day Priority,Corporate Purchase Order,Returned
ORD-2025-12330,2025-07-05,2025-07-08,CUST-1143,Aditya Chopra,Home Office,Central,Indore,Furniture,Bookcases & Shelving,280.35,2,560.7,0.0,0.0,0.0,460.83,-69.12,17.81,Freight Saver,UPI / QR,Returned
ORD-2025-11390,2025-07-06,2025-07-08,CUST-1080,Ananya Singh,Consumer,North,Lucknow,Office Supplies,Storage Solutions,109.6,1,109.6,0.25,27.4,82.2,83.46,-1.26,-1.53,Same Day Priority,UPI / QR,Delivered
ORD-2026-11443,2025-07-06,2025-07-07,CUST-1130,Karan Rao,Home Office,Central,Jabalpur,Office Supplies,Binders & Organizers,15.3,1,15.3,0.0,0.0,15.3,8.61,6.69,43.73,Standard Delivery,Corporate Purchase Order,Processing
ORD-2024-11949,2025-07-06,2025-07-07,CUST-1101,Karan Choudhury,Consumer,West,Ahmedabad,Furniture,Bookcases & Shelving,90.02,1,90.02,0.05,4.5,85.52,73.76,11.76,13.75,Standard Delivery,UPI / QR,Delivered
ORD-2026-11647,2025-07-07,2025-07-09,CUST-1001,Rajesh Mehta,Consumer,East,Ranchi,Furniture,Conference Tables,1212.26,2,2424.52,0.15,363.68,2060.84,1994.3,66.54,3.23,Same Day Priority,UPI / QR,Delivered
ORD-2025-10794,2025-07-08,2025-07-11,CUST-1059,Deepak Nair,Home Office,Central,Indore,Office Supplies,Binders & Organizers,28.29,1,28.29,0.05,1.41,26.88,17.61,9.27,34.49,Same Day Priority,Net Banking,Delivered
ORD-2024-11321,2025-07-08,2025-07-11,CUST-1091,Ritu Deshmukh,Consumer,North,Jaipur,Office Supplies,Binders & Organizers,11.18,1,11.18,0.15,1.68,9.5,5.94,3.56,37.47,Same Day Priority,Net Banking,Delivered
ORD-2024-12469,2025-07-08,2025-07-09,CUST-1038,Arjun Gupta,Home Office,North,Lucknow,Technology,Audio & Accessories,104.94,1,104.94,0.0,0.0,104.94,63.93,41.01,39.08,Express Air,Cash on Delivery,Processing
ORD-2026-10415,2025-07-09,2025-07-14,CUST-1005,Naveen Deshmukh,Consumer,North,Jaipur,Technology,Laptops & Desktops,1248.81,1,1248.81,0.1,124.88,1123.93,958.7,165.23,14.7,Express Air,Cash on Delivery,Delivered
ORD-2024-11293,2025-07-09,2025-07-12,CUST-1065,Divya Joshi,Corporate,West,Pune,Technology,Laptops & Desktops,1978.96,8,15831.68,0.05,791.58,15040.1,11456.58,3583.52,23.83,Same Day Priority,Credit Card,Delivered
ORD-2024-11697,2025-07-09,2025-07-12,CUST-1105,Vikram Kulkarni,Consumer,East,Patna,Furniture,Conference Tables,720.84,3,2162.52,0.0,0.0,2162.52,1839.54,322.98,14.94,Standard Delivery,Credit Card,Delivered
ORD-2025-12130,2025-07-10,2025-07-12,CUST-1149,Deepak Reddy,Home Office,Central,Jabalpur,Furniture,Executive Desks,385.2,1,385.2,0.0,0.0,385.2,303.47,81.73,21.22,Same Day Priority,UPI / QR,Delivered
ORD-2026-10031,2025-07-11,2025-07-16,CUST-1077,Pooja Kulkarni,Home Office,Central,Raipur,Technology,Laptops & Desktops,1575.41,3,4726.2300000000005,0.2,945.25,3780.98,3777.3,3.68,0.1,Express Air,Net Banking,Processing
ORD-2026-10855,2025-07-11,2025-07-13,CUST-1122,Naveen Rao,Consumer,East,Guwahati,Office Supplies,Paper & Envelopes,37.06,8,296.48,0.05,14.82,281.66,184.8,96.86,34.39,Standard Delivery,Credit Card,Delivered
ORD-2023-12320,2025-07-11,2025-07-12,CUST-1110,Manish Malhotra,Consumer,Central,Jabalpur,Technology,Smartphones & Tablets,510.46,5,2552.3,0.05,127.61,2424.69,2027.52,397.17,16.38,Standard Delivery,Credit Card,Shipped
ORD-2023-10024,2025-07-12,2025-07-13,CUST-1119,Divya Patel,Home Office,Central,Jabalpur,Furniture,Bookcases & Shelving,98.9,4,395.6,0.0,0.0,395.6,338.06,57.54,14.54,Same Day Priority,Net Banking,Delivered
ORD-2025-10086,2025-07-12,2025-07-16,CUST-1007,Neha Saxena,Home Office,West,Mumbai,Technology,Audio & Accessories,70.08,10,700.8,0.0,0.0,0.0,521.65,-78.25,25.56,Standard Delivery,Net Banking,Returned
ORD-2024-10273,2025-07-12,2025-07-15,CUST-1111,Vikram Chopra,Consumer,East,Kolkata,Technology,Laptops & Desktops,1455.73,2,2911.46,0.1,291.15,2620.31,2167.3,453.01,17.29,Standard Delivery,UPI / QR,Delivered
ORD-2023-11396,2025-07-12,2025-07-14,CUST-1148,Priya Sharma,Corporate,East,Ranchi,Technology,Smartphones & Tablets,416.88,1,416.88,0.0,0.0,416.88,336.83,80.05,19.2,Freight Saver,Credit Card,Shipped
ORD-2023-11404,2025-07-12,2025-07-15,CUST-1107,Siddharth Iyer,Corporate,Central,Raipur,Office Supplies,Paper & Envelopes,9.21,3,27.630000000000003,0.25,6.91,0.0,15.74,-2.36,24.03,Express Air,Cash on Delivery,Returned
ORD-2024-10361,2025-07-13,2025-07-15,CUST-1011,Aditya Sharma,Consumer,South,Coimbatore,Furniture,Office Chairs,286.35,2,572.7,0.1,57.27,515.43,482.56,32.87,6.38,Same Day Priority,Corporate Purchase Order,Delivered
ORD-2023-11812,2025-07-13,2025-07-20,CUST-1110,Manish Malhotra,Consumer,West,Surat,Technology,Audio & Accessories,60.06,2,120.12,0.15,18.02,0.0,80.05,-12.01,21.6,Express Air,UPI / QR,Returned
ORD-2026-12091,2025-07-13,2025-07-15,CUST-1064,Deepak Saxena,Consumer,East,Patna,Technology,Laptops & Desktops,1743.04,1,1743.04,0.1,174.3,1568.74,1407.52,161.22,10.28,Freight Saver,Cash on Delivery,Delivered
ORD-2025-10378,2025-07-14,2025-07-18,CUST-1078,Rajesh Bose,Corporate,South,Coimbatore,Technology,Laptops & Desktops,1198.75,1,1198.75,0.0,0.0,1198.75,971.87,226.88,18.93,Standard Delivery,Corporate Purchase Order,Shipped
ORD-2024-10945,2025-07-14,2025-07-16,CUST-1078,Rajesh Bose,Corporate,East,Bhubaneswar,Furniture,Conference Tables,515.87,2,1031.74,0.1,103.17,928.57,896.12,32.45,3.49,Standard Delivery,Cash on Delivery,Delivered
ORD-2024-10201,2025-07-15,2025-07-17,CUST-1141,Aditya Mehta,Consumer,South,Bengaluru,Furniture,Executive Desks,291.09,1,291.09,0.15,43.66,247.43,252.28,-4.85,-1.96,Express Air,Corporate Purchase Order,Delivered
ORD-2025-11798,2025-07-15,2025-07-18,CUST-1096,Siddharth Joshi,Consumer,West,Mumbai,Technology,Audio & Accessories,54.46,1,54.46,0.2,10.89,43.57,36.29,7.28,16.71,Standard Delivery,Net Banking,Shipped
ORD-2026-11359,2025-07-17,2025-07-19,CUST-1069,Rahul Patel,Home Office,East,Bhubaneswar,Technology,Smartphones & Tablets,649.27,2,1298.54,0.25,324.63,0.0,1068.59,-160.29,-9.72,Freight Saver,Cash on Delivery,Returned
ORD-2026-10027,2025-07-18,2025-07-20,CUST-1065,Divya Joshi,Corporate,South,Bengaluru,Office Supplies,Writing Instruments,6.51,2,13.02,0.1,1.3,11.72,8.63,3.09,26.37,Express Air,Corporate Purchase Order,Delivered
ORD-2023-10780,2025-07-18,2025-07-23,CUST-1006,Aarav Patel,Consumer,West,Mumbai,Technology,Printers & Scanners,285.19,5,1425.95,0.0,0.0,1425.95,1132.98,292.97,20.55,Freight Saver,Corporate Purchase Order,Delivered
ORD-2026-10395,2025-07-19,2025-07-21,CUST-1142,Sunita Choudhury,Consumer,West,Surat,Technology,Smartphones & Tablets,639.82,1,639.82,0.05,31.99,607.83,497.08,110.75,18.22,Same Day Priority,Corporate Purchase Order,Shipped
ORD-2023-10728,2025-07-19,2025-07-21,CUST-1032,Karan Kulkarni,Corporate,East,Guwahati,Technology,Smartphones & Tablets,338.27,1,338.27,0.0,0.0,338.27,276.61,61.66,18.23,Freight Saver,Credit Card,Delivered
ORD-2026-10835,2025-07-19,2025-07-21,CUST-1122,Naveen Rao,Consumer,Central,Bhopal,Technology,Laptops & Desktops,1580.67,3,4742.01,0.1,474.2,4267.81,3804.56,463.25,10.85,Express Air,UPI / QR,Delivered
ORD-2023-12140,2025-07-19,2025-07-20,CUST-1146,Tanvi Iyer,Consumer,East,Ranchi,Furniture,Executive Desks,404.78,2,809.56,0.1,80.96,0.0,615.78,-92.37,15.48,Express Air,Cash on Delivery,Returned
ORD-2025-12154,2025-07-19,2025-07-24,CUST-1045,Kavita Singh,Consumer,West,Goa,Technology,Audio & Accessories,132.85,2,265.7,0.0,0.0,265.7,153.57,112.13,42.2,Express Air,Net Banking,Delivered
ORD-2024-10693,2025-07-20,2025-07-22,CUST-1076,Manish Gupta,Home Office,South,Bengaluru,Technology,Audio & Accessories,90.07,1,90.07,0.1,9.01,0.0,59.25,-8.89,26.91,Freight Saver,Net Banking,Returned
ORD-2025-12018,2025-07-20,2025-07-24,CUST-1074,Shweta Rao,Corporate,Central,Nagpur,Technology,Laptops & Desktops,1909.84,2,3819.68,0.1,381.97,3437.71,2947.36,490.35,14.26,Express Air,Net Banking,Delivered
ORD-2023-11972,2025-07-21,2025-07-23,CUST-1078,Rajesh Bose,Corporate,South,Bengaluru,Technology,Audio & Accessories,77.94,1,77.94,0.15,11.69,0.0,44.83,-6.72,32.33,Express Air,Credit Card,Returned
ORD-2024-11005,2025-07-22,2025-07-24,CUST-1117,Priya Saxena,Consumer,East,Bhubaneswar,Furniture,Bookcases & Shelving,386.39,1,386.39,0.15,57.96,328.43,314.4,14.03,4.27,Same Day Priority,Credit Card,Delivered
ORD-2026-12135,2025-07-22,2025-07-25,CUST-1002,Sunita Iyer,Consumer,North,Lucknow,Furniture,Executive Desks,690.38,1,690.38,0.2,138.08,552.3,559.67,-7.37,-1.33,Express Air,UPI / QR,Delivered
ORD-2024-10885,2025-07-23,2025-07-24,CUST-1069,Rahul Patel,Home Office,Central,Nagpur,Technology,Smartphones & Tablets,886.67,4,3546.68,0.2,709.34,2837.34,2967.67,-130.33,-4.59,Same Day Priority,UPI / QR,Delivered
ORD-2026-12299,2025-07-23,2025-07-28,CUST-1121,Ananya Menon,Consumer,North,New Delhi,Technology,Smartphones & Tablets,1006.83,3,3020.49,0.0,0.0,3020.49,2408.94,611.55,20.25,Freight Saver,UPI / QR,Processing
ORD-2023-10044,2025-07-24,2025-07-25,CUST-1037,Vikram Menon,Home Office,West,Pune,Technology,Audio & Accessories,87.56,2,175.12,0.1,17.51,157.61,101.51,56.1,35.59,Freight Saver,Net Banking,Processing
ORD-2024-12321,2025-07-24,2025-07-27,CUST-1120,Shweta Singh,Corporate,Central,Indore,Furniture,Office Chairs,336.55,1,336.55,0.0,0.0,0.0,256.09,-38.41,23.91,Same Day Priority,Cash on Delivery,Returned
ORD-2025-11914,2025-07-25,2025-07-27,CUST-1025,Siddharth Iyer,Corporate,East,Bhubaneswar,Furniture,Office Chairs,218.6,1,218.6,0.0,0.0,218.6,166.1,52.5,24.02,Freight Saver,Credit Card,Delivered
ORD-2023-10360,2025-07-26,2025-07-30,CUST-1110,Manish Malhotra,Consumer,West,Mumbai,Furniture,Conference Tables,1178.23,1,1178.23,0.2,235.65,942.58,993.02,-50.44,-5.35,Standard Delivery,Cash on Delivery,Delivered
ORD-2026-11103,2025-07-26,2025-07-28,CUST-1095,Priya Mehta,Consumer,South,Bengaluru,Technology,Smartphones & Tablets,302.98,1,302.98,0.25,75.75,227.23,229.24,-2.01,-0.88,Same Day Priority,Corporate Purchase Order,Processing
ORD-2025-12202,2025-07-26,2025-07-29,CUST-1010,Neha Kapoor,Home Office,West,Surat,Technology,Laptops & Desktops,2129.9,2,4259.8,0.0,0.0,4259.8,3469.26,790.54,18.56,Express Air,Net Banking,Delivered
ORD-2024-10761,2025-07-27,2025-07-29,CUST-1041,Rohan Singh,Home Office,East,Guwahati,Office Supplies,Binders & Organizers,15.47,3,46.41,0.0,0.0,46.41,29.58,16.83,36.26,Express Air,Net Banking,Processing
ORD-2026-12115,2025-07-27,2025-07-28,CUST-1131,Ananya Patel,Home Office,West,Pune,Technology,Laptops & Desktops,1226.76,1,1226.76,0.15,184.01,1042.75,911.24,131.51,12.61,Express Air,Cash on Delivery,Delivered
ORD-2024-10337,2025-07-28,2025-07-31,CUST-1110,Manish Malhotra,Consumer,North,Chandigarh,Office Supplies,Storage Solutions,72.95,2,145.9,0.05,7.3,138.6,103.59,35.01,25.26,Same Day Priority,Net Banking,Shipped
ORD-2026-10703,2025-07-28,2025-08-02,CUST-1128,Swati Chopra,Corporate,East,Kolkata,Office Supplies,Storage Solutions,49.97,3,149.91,0.25,37.48,112.43,98.72,13.71,12.19,Express Air,Corporate Purchase Order,Processing
ORD-2025-10706,2025-07-28,2025-07-30,CUST-1046,Amit Malhotra,Consumer,Central,Jabalpur,Technology,Printers & Scanners,321.7,3,965.1,0.1,96.51,0.0,807.07,-121.06,7.08,Same Day Priority,Cash on Delivery,Returned
ORD-2026-10743,2025-07-28,2025-07-29,CUST-1091,Ritu Deshmukh,Consumer,East,Patna,Office Supplies,Storage Solutions,35.71,2,71.42,0.1,7.14,64.28,56.91,7.37,11.47,Freight Saver,Credit Card,Processing
ORD-2026-10883,2025-07-29,2025-07-31,CUST-1004,Ananya Choudhury,Consumer,Central,Indore,Office Supplies,Writing Instruments,17.95,1,17.95,0.0,0.0,17.95,11.38,6.57,36.6,Standard Delivery,Net Banking,Shipped
ORD-2023-10072,2025-07-30,2025-08-04,CUST-1081,Rahul Joshi,Consumer,Central,Raipur,Furniture,Conference Tables,682.94,1,682.94,0.2,136.59,546.35,602.91,-56.56,-10.35,Freight Saver,Net Banking,Delivered
ORD-2023-11348,2025-07-30,2025-08-01,CUST-1150,Aditya Nair,Home Office,North,Dehradun,Furniture,Executive Desks,775.93,2,1551.86,0.1,155.19,1396.67,1166.07,230.6,16.51,Standard Delivery,Corporate Purchase Order,Processing
ORD-2024-11581,2025-07-30,2025-08-01,CUST-1096,Siddharth Joshi,Consumer,East,Bhubaneswar,Technology,Laptops & Desktops,1214.29,2,2428.58,0.15,364.29,2064.29,1835.78,228.51,11.07,Express Air,Corporate Purchase Order,Delivered
ORD-2024-11961,2025-07-30,2025-08-02,CUST-1008,Aarav Choudhury,Consumer,South,Kochi,Technology,Printers & Scanners,400.91,1,400.91,0.0,0.0,400.91,346.78,54.13,13.5,Freight Saver,Corporate Purchase Order,Delivered
ORD-2024-10585,2025-07-31,2025-08-02,CUST-1011,Aditya Sharma,Consumer,North,Jaipur,Furniture,Conference Tables,748.8,3,2246.4,0.15,336.96,1909.44,1933.91,-24.47,-1.28,Express Air,Corporate Purchase Order,Delivered
ORD-2023-10848,2025-08-01,2025-08-02,CUST-1038,Arjun Gupta,Home Office,South,Chennai,Technology,Laptops & Desktops,895.35,4,3581.4,0.05,179.07,0.0,2677.41,-401.61,21.31,Express Air,Cash on Delivery,Returned
ORD-2026-11283,2025-08-02,2025-08-04,CUST-1044,Sanjay Menon,Corporate,East,Patna,Office Supplies,Binders & Organizers,14.29,1,14.29,0.05,0.71,13.58,7.14,6.44,47.42,Same Day Priority,Net Banking,Delivered
ORD-2025-11306,2025-08-02,2025-08-04,CUST-1131,Ananya Patel,Home Office,East,Kolkata,Furniture,Conference Tables,684.41,1,684.41,0.1,68.44,615.97,582.55,33.42,5.43,Freight Saver,Cash on Delivery,Delivered
ORD-2024-11501,2025-08-02,2025-08-03,CUST-1119,Divya Patel,Home Office,North,Chandigarh,Office Supplies,Paper & Envelopes,32.21,1,32.21,0.0,0.0,32.21,21.23,10.98,34.09,Freight Saver,Cash on Delivery,Delivered
ORD-2026-10159,2025-08-03,2025-08-08,CUST-1054,Sanjay Choudhury,Corporate,West,Ahmedabad,Office Supplies,Paper & Envelopes,38.3,3,114.9,0.05,5.75,109.15,68.96,40.19,36.82,Same Day Priority,Credit Card,Delivered
ORD-2024-11825,2025-08-03,2025-08-05,CUST-1002,Sunita Iyer,Consumer,East,Patna,Office Supplies,Storage Solutions,106.51,1,106.51,0.0,0.0,106.51,76.9,29.61,27.8,Standard Delivery,Corporate Purchase Order,Delivered
ORD-2023-11968,2025-08-03,2025-08-06,CUST-1106,Sneha Kulkarni,Consumer,West,Surat,Furniture,Executive Desks,731.13,1,731.13,0.0,0.0,731.13,643.41,87.72,12.0,Freight Saver,Net Banking,Shipped
ORD-2025-10874,2025-08-04,2025-08-07,CUST-1018,Karan Choudhury,Consumer,North,New Delhi,Furniture,Conference Tables,1347.12,10,13471.2,0.15,2020.68,11450.52,12029.29,-578.77,-5.05,Freight Saver,Net Banking,Processing
ORD-2024-11085,2025-08-04,2025-08-07,CUST-1067,Sanjay Chopra,Consumer,South,Coimbatore,Technology,Smartphones & Tablets,851.23,1,851.23,0.15,127.68,723.55,666.94,56.61,7.82,Freight Saver,Corporate Purchase Order,Delivered
ORD-2023-11048,2025-08-05,2025-08-07,CUST-1045,Kavita Singh,Consumer,North,Jaipur,Furniture,Executive Desks,648.6,2,1297.2,0.0,0.0,1297.2,994.83,302.37,23.31,Freight Saver,Net Banking,Delivered
ORD-2024-11385,2025-08-05,2025-08-07,CUST-1117,Priya Saxena,Consumer,West,Mumbai,Furniture,Conference Tables,597.96,1,597.96,0.05,29.9,0.0,509.23,-76.38,10.36,Standard Delivery,Cash on Delivery,Returned
ORD-2023-11556,2025-08-05,2025-08-07,CUST-1010,Neha Kapoor,Home Office,East,Kolkata,Furniture,Office Chairs,250.46,1,250.46,0.05,12.52,0.0,208.29,-31.24,12.46,Freight Saver,Net Banking,Returned
ORD-2024-10513,2025-08-07,2025-08-08,CUST-1109,Sunita Choudhury,Home Office,North,New Delhi,Technology,Smartphones & Tablets,891.02,1,891.02,0.05,44.55,846.47,755.62,90.85,10.73,Freight Saver,Cash on Delivery,Delivered
ORD-2024-11509,2025-08-07,2025-08-09,CUST-1016,Kavita Bose,Home Office,North,Dehradun,Furniture,Bookcases & Shelving,231.42,1,231.42,0.1,23.14,208.28,191.48,16.8,8.07,Standard Delivery,Cash on Delivery,Delivered
ORD-2025-10194,2025-08-10,2025-08-14,CUST-1080,Ananya Singh,Consumer,East,Kolkata,Furniture,Office Chairs,216.5,1,216.5,0.15,32.48,184.02,160.01,24.01,13.05,Express Air,Corporate Purchase Order,Delivered
ORD-2023-12252,2025-08-10,2025-08-15,CUST-1113,Isha Verma,Home Office,North,New Delhi,Furniture,Conference Tables,1374.84,1,1374.84,0.1,137.48,1237.36,1108.12,129.24,10.44,Same Day Priority,Credit Card,Delivered
ORD-2023-10928,2025-08-13,2025-08-15,CUST-1044,Sanjay Menon,Corporate,West,Ahmedabad,Technology,Laptops & Desktops,741.72,3,2225.16,0.2,445.03,0.0,1632.14,-244.82,8.31,Express Air,Corporate Purchase Order,Returned
ORD-2024-11589,2025-08-14,2025-08-17,CUST-1075,Vikram Choudhury,Home Office,West,Ahmedabad,Technology,Audio & Accessories,138.21,3,414.63,0.0,0.0,414.63,267.25,147.38,35.54,Express Air,Cash on Delivery,Delivered
ORD-2024-10017,2025-08-15,2025-08-20,CUST-1137,Pooja Rao,Home Office,North,Lucknow,Furniture,Office Chairs,111.06,1,111.06,0.15,16.66,94.4,91.37,3.03,3.21,Same Day Priority,Corporate Purchase Order,Delivered
ORD-2026-12119,2025-08-16,2025-08-18,CUST-1027,Kavita Bose,Consumer,South,Hyderabad,Technology,Audio & Accessories,118.17,3,354.51,0.15,53.18,301.33,258.63,42.7,14.17,Express Air,Cash on Delivery,Delivered
ORD-2023-11076,2025-08-17,2025-08-22,CUST-1043,Sunita Menon,Corporate,West,Mumbai,Technology,Printers & Scanners,515.26,1,515.26,0.1,51.53,463.73,434.26,29.47,6.35,Freight Saver,Net Banking,Shipped
ORD-2025-11318,2025-08-17,2025-08-21,CUST-1055,Deepak Joshi,Consumer,East,Ranchi,Technology,Smartphones & Tablets,569.92,4,2279.68,0.05,113.98,2165.7,1923.94,241.76,11.16,Same Day Priority,Cash on Delivery,Delivered
ORD-2026-12019,2025-08-17,2025-08-22,CUST-1087,Aditya Malhotra,Consumer,West,Ahmedabad,Technology,Audio & Accessories,75.96,5,379.8,0.1,37.98,341.82,261.38,80.44,23.53,Freight Saver,Cash on Delivery,Delivered
ORD-2025-12038,2025-08-17,2025-08-22,CUST-1012,Manish Deshmukh,Corporate,Central,Bhopal,Office Supplies,Storage Solutions,66.37,8,530.96,0.0,0.0,530.96,387.73,143.23,26.98,Express Air,Cash on Delivery,Delivered
ORD-2025-10494,2025-08-18,2025-08-19,CUST-1083,Naveen Singh,Consumer,West,Pune,Furniture,Conference Tables,1196.52,1,1196.52,0.0,0.0,1196.52,1069.84,126.68,10.59,Same Day Priority,Credit Card,Delivered
ORD-2026-12303,2025-08-18,2025-08-20,CUST-1031,Sunita Singh,Consumer,South,Hyderabad,Technology,Audio & Accessories,188.34,1,188.34,0.1,18.83,169.51,113.87,55.64,32.82,Standard Delivery,Cash on Delivery,Delivered
ORD-2023-12112,2025-08-19,2025-08-22,CUST-1124,Swati Menon,Home Office,South,Bengaluru,Furniture,Office Chairs,220.06,2,440.12,0.05,22.01,418.11,335.03,83.08,19.87,Express Air,Corporate Purchase Order,Delivered
ORD-2023-10984,2025-08-20,2025-08-22,CUST-1010,Neha Kapoor,Home Office,East,Ranchi,Technology,Printers & Scanners,333.24,1,333.24,0.2,66.65,266.59,269.29,-2.7,-1.01,Express Air,Corporate Purchase Order,Delivered
ORD-2023-11648,2025-08-21,2025-08-23,CUST-1020,Isha Chopra,Home Office,Central,Bhopal,Office Supplies,Paper & Envelopes,44.17,2,88.34,0.15,13.25,75.09,44.61,30.48,40.59,Standard Delivery,Corporate Purchase Order,Processing
ORD-2025-11698,2025-08-21,2025-08-23,CUST-1002,Sunita Iyer,Consumer,North,New Delhi,Technology,Printers & Scanners,301.91,3,905.73,0.05,45.29,860.44,748.95,111.49,12.96,Express Air,Net Banking,Processing
ORD-2026-11083,2025-08-23,2025-08-24,CUST-1035,Neha Verma,Corporate,East,Patna,Furniture,Bookcases & Shelving,296.48,1,296.48,0.0,0.0,296.48,249.88,46.6,15.72,Standard Delivery,UPI / QR,Shipped
ORD-2024-12213,2025-08-24,2025-08-29,CUST-1148,Priya Sharma,Corporate,East,Kolkata,Technology,Smartphones & Tablets,1018.05,4,4072.2,0.1,407.22,3664.98,3055.49,609.49,16.63,Express Air,Cash on Delivery,Processing
ORD-2026-11155,2025-08-25,2025-08-28,CUST-1128,Swati Chopra,Corporate,East,Patna,Office Supplies,Paper & Envelopes,43.53,4,174.12,0.2,34.82,139.3,91.16,48.14,34.56,Express Air,Corporate Purchase Order,Delivered
ORD-2025-12306,2025-08-25,2025-08-26,CUST-1006,Aarav Patel,Consumer,West,Mumbai,Office Supplies,Storage Solutions,74.42,1,74.42,0.1,7.44,0.0,51.14,-7.67,23.65,Freight Saver,Corporate Purchase Order,Returned
ORD-2026-10043,2025-08-26,2025-08-29,CUST-1098,Isha Kapoor,Consumer,West,Pune,Furniture,Office Chairs,126.71,5,633.55,0.0,0.0,633.55,528.98,104.57,16.51,Freight Saver,UPI / QR,Shipped
ORD-2024-10829,2025-08-27,2025-08-28,CUST-1001,Rajesh Mehta,Consumer,South,Chennai,Technology,Smartphones & Tablets,414.67,2,829.34,0.0,0.0,829.34,698.49,130.85,15.78,Standard Delivery,Credit Card,Shipped
ORD-2026-10523,2025-08-28,2025-08-30,CUST-1130,Karan Rao,Home Office,South,Bengaluru,Technology,Printers & Scanners,312.29,2,624.58,0.0,0.0,624.58,502.57,122.01,19.53,Freight Saver,Credit Card,Delivered
ORD-2024-11145,2025-08-28,2025-08-30,CUST-1064,Deepak Saxena,Consumer,Central,Indore,Technology,Smartphones & Tablets,722.66,1,722.66,0.0,0.0,722.66,603.07,119.59,16.55,Standard Delivery,Credit Card,Processing
ORD-2026-10447,2025-08-30,2025-09-06,CUST-1135,Pooja Nair,Corporate,East,Kolkata,Office Supplies,Storage Solutions,33.4,1,33.4,0.2,6.68,0.0,24.64,-3.7,7.78,Freight Saver,Cash on Delivery,Returned
ORD-2023-10460,2025-08-30,2025-09-01,CUST-1048,Rohan Nair,Home Office,West,Mumbai,Technology,Audio & Accessories,196.82,1,196.82,0.05,9.84,186.98,131.57,55.41,29.63,Same Day Priority,UPI / QR,Delivered
ORD-2025-11246,2025-08-30,2025-08-31,CUST-1015,Rahul Kulkarni,Consumer,East,Ranchi,Furniture,Office Chairs,194.92,1,194.92,0.05,9.75,185.17,143.6,41.57,22.45,Standard Delivery,UPI / QR,Delivered
ORD-2024-11561,2025-08-31,2025-09-03,CUST-1105,Vikram Kulkarni,Consumer,North,Jaipur,Furniture,Conference Tables,1030.02,1,1030.02,0.0,0.0,1030.02,892.55,137.47,13.35,Same Day Priority,Credit Card,Delivered
ORD-2024-10121,2025-09-01,2025-09-03,CUST-1052,Isha Sharma,Home Office,East,Patna,Technology,Laptops & Desktops,2052.7,1,2052.7,0.05,102.63,1950.07,1573.36,376.71,19.32,Standard Delivery,Credit Card,Delivered
ORD-2023-10148,2025-09-01,2025-09-02,CUST-1003,Neha Reddy,Home Office,South,Bengaluru,Furniture,Conference Tables,1091.64,1,1091.64,0.25,272.91,818.73,876.17,-57.44,-7.02,Standard Delivery,Credit Card,Delivered
ORD-2026-12095,2025-09-01,2025-09-06,CUST-1006,Aarav Patel,Consumer,Central,Jabalpur,Technology,Printers & Scanners,220.78,1,220.78,0.0,0.0,220.78,187.13,33.65,15.24,Standard Delivery,Corporate Purchase Order,Delivered
ORD-2024-10221,2025-09-02,2025-09-04,CUST-1102,Priya Choudhury,Consumer,North,Dehradun,Furniture,Executive Desks,290.21,3,870.6299999999999,0.0,0.0,870.63,655.01,215.62,24.77,Express Air,Credit Card,Delivered
ORD-2023-10304,2025-09-02,2025-09-04,CUST-1056,Pooja Deshmukh,Consumer,Central,Nagpur,Technology,Smartphones & Tablets,699.2,1,699.2,0.1,69.92,629.28,533.3,95.98,15.25,Express Air,Credit Card,Delivered
ORD-2026-11051,2025-09-02,2025-09-04,CUST-1081,Rahul Joshi,Consumer,North,Chandigarh,Technology,Audio & Accessories,159.22,10,1592.2,0.0,0.0,1592.2,1171.77,420.43,26.41,Standard Delivery,Cash on Delivery,Shipped
ORD-2026-10127,2025-09-06,2025-09-07,CUST-1096,Siddharth Joshi,Consumer,West,Goa,Office Supplies,Binders & Organizers,27.86,2,55.72,0.05,2.79,52.93,27.44,25.49,48.16,Freight Saver,Cash on Delivery,Processing
ORD-2026-10583,2025-09-06,2025-09-09,CUST-1100,Karan Singh,Consumer,South,Chennai,Office Supplies,Writing Instruments,13.08,3,39.24,0.05,1.96,37.28,22.73,14.55,39.03,Same Day Priority,Cash on Delivery,Delivered
ORD-2023-11560,2025-09-06,2025-09-11,CUST-1053,Sunita Mehta,Home Office,East,Bhubaneswar,Office Supplies,Storage Solutions,70.21,2,140.42,0.0,0.0,0.0,109.7,-16.45,21.88,Freight Saver,Cash on Delivery,Returned
ORD-2023-12064,2025-09-07,2025-09-10,CUST-1088,Isha Reddy,Home Office,South,Bengaluru,Technology,Laptops & Desktops,1009.48,1,1009.48,0.2,201.9,807.58,736.46,71.12,8.81,Standard Delivery,Net Banking,Delivered
ORD-2025-12210,2025-09-07,2025-09-09,CUST-1014,Deepak Joshi,Consumer,West,Mumbai,Technology,Printers & Scanners,579.07,1,579.07,0.0,0.0,579.07,486.48,92.59,15.99,Standard Delivery,Cash on Delivery,Delivered
ORD-2026-11071,2025-09-08,2025-09-09,CUST-1085,Rahul Verma,Corporate,South,Hyderabad,Office Supplies,Binders & Organizers,5.33,1,5.33,0.1,0.53,4.8,2.87,1.93,40.21,Standard Delivery,UPI / QR,Shipped
ORD-2024-11677,2025-09-08,2025-09-09,CUST-1035,Neha Verma,Corporate,South,Coimbatore,Office Supplies,Storage Solutions,52.46,1,52.46,0.15,7.87,0.0,34.72,-5.21,22.14,Same Day Priority,Credit Card,Returned
ORD-2024-11945,2025-09-09,2025-09-13,CUST-1003,Neha Reddy,Home Office,South,Coimbatore,Furniture,Conference Tables,675.89,1,675.89,0.1,67.59,608.3,551.56,56.74,9.33,Freight Saver,Corporate Purchase Order,Delivered
ORD-2025-10954,2025-09-10,2025-09-14,CUST-1026,Rajesh Bose,Consumer,Central,Bhopal,Furniture,Bookcases & Shelving,372.68,2,745.36,0.1,74.54,670.82,609.26,61.56,9.18,Express Air,Net Banking,Delivered
ORD-2026-11919,2025-09-10,2025-09-12,CUST-1115,Naveen Malhotra,Home Office,Central,Jabalpur,Office Supplies,Writing Instruments,21.49,2,42.98,0.0,0.0,42.98,24.81,18.17,42.28,Standard Delivery,Net Banking,Delivered
ORD-2024-10085,2025-09-11,2025-09-15,CUST-1142,Sunita Choudhury,Consumer,North,Dehradun,Office Supplies,Writing Instruments,5.76,1,5.76,0.05,0.29,5.47,3.44,2.03,37.11,Freight Saver,UPI / QR,Delivered
ORD-2025-10602,2025-09-12,2025-09-13,CUST-1093,Meera Bose,Corporate,West,Surat,Technology,Printers & Scanners,340.21,2,680.42,0.05,34.02,0.0,588.16,-88.22,9.01,Freight Saver,UPI / QR,Returned
ORD-2023-11100,2025-09-12,2025-09-15,CUST-1072,Swati Malhotra,Home Office,North,Jaipur,Office Supplies,Writing Instruments,7.7,3,23.1,0.05,1.16,0.0,15.01,-2.25,31.59,Standard Delivery,Cash on Delivery,Returned
ORD-2025-10286,2025-09-14,2025-09-18,CUST-1002,Sunita Iyer,Consumer,Central,Indore,Furniture,Executive Desks,257.82,2,515.64,0.0,0.0,515.64,449.62,66.02,12.8,Same Day Priority,Cash on Delivery,Processing
ORD-2023-10388,2025-09-14,2025-09-16,CUST-1088,Isha Reddy,Home Office,South,Coimbatore,Furniture,Conference Tables,1002.29,1,1002.29,0.1,100.23,0.0,884.71,-132.71,1.92,Standard Delivery,Cash on Delivery,Returned
ORD-2026-10163,2025-09-15,2025-09-16,CUST-1107,Siddharth Iyer,Corporate,North,New Delhi,Office Supplies,Binders & Organizers,15.45,1,15.45,0.15,2.32,13.13,8.43,4.7,35.8,Same Day Priority,Corporate Purchase Order,Delivered
ORD-2025-10518,2025-09-15,2025-09-16,CUST-1052,Isha Sharma,Home Office,South,Coimbatore,Furniture,Conference Tables,1434.51,2,2869.02,0.0,0.0,2869.02,2422.36,446.66,15.57,Standard Delivery,Net Banking,Delivered
ORD-2026-10627,2025-09-15,2025-09-17,CUST-1038,Arjun Gupta,Home Office,South,Chennai,Office Supplies,Binders & Organizers,27.06,1,27.06,0.1,2.71,24.35,14.47,9.88,40.57,Express Air,Corporate Purchase Order,Delivered
ORD-2023-10648,2025-09-16,2025-09-18,CUST-1055,Deepak Joshi,Consumer,North,Dehradun,Technology,Audio & Accessories,187.95,5,939.75,0.05,46.99,0.0,536.89,-80.53,39.86,Freight Saver,Cash on Delivery,Returned
ORD-2024-11681,2025-09-16,2025-09-18,CUST-1083,Naveen Singh,Consumer,North,Jaipur,Office Supplies,Writing Instruments,6.66,1,6.66,0.2,1.33,5.33,4.07,1.26,23.64,Freight Saver,Cash on Delivery,Processing
ORD-2025-10810,2025-09-17,2025-09-21,CUST-1126,Vikram Joshi,Consumer,Central,Raipur,Furniture,Office Chairs,187.64,2,375.28,0.15,56.29,0.0,274.92,-41.24,13.82,Standard Delivery,Cash on Delivery,Returned
ORD-2024-11437,2025-09-17,2025-09-19,CUST-1022,Vikram Patel,Consumer,Central,Nagpur,Furniture,Conference Tables,553.59,2,1107.18,0.0,0.0,1107.18,935.33,171.85,15.52,Standard Delivery,UPI / QR,Delivered
ORD-2024-11897,2025-09-17,2025-09-18,CUST-1028,Swati Iyer,Home Office,East,Kolkata,Furniture,Office Chairs,431.03,5,2155.15,0.1,215.51,1939.64,1705.86,233.78,12.05,Same Day Priority,UPI / QR,Delivered
ORD-2024-12229,2025-09-18,2025-09-23,CUST-1141,Aditya Mehta,Consumer,North,Dehradun,Technology,Laptops & Desktops,1966.18,3,5898.54,0.05,294.93,5603.61,4433.88,1169.73,20.87,Same Day Priority,Corporate Purchase Order,Delivered
ORD-2026-10815,2025-09-20,2025-09-21,CUST-1073,Sneha Iyer,Home Office,East,Kolkata,Technology,Smartphones & Tablets,327.02,3,981.06,0.15,147.16,0.0,796.83,-119.52,4.45,Freight Saver,Credit Card,Returned
ORD-2023-12104,2025-09-21,2025-09-25,CUST-1135,Pooja Nair,Corporate,Central,Jabalpur,Technology,Smartphones & Tablets,330.61,3,991.83,0.15,148.77,843.06,777.95,65.11,7.72,Freight Saver,Credit Card,Shipped
ORD-2024-10169,2025-09-23,2025-09-26,CUST-1045,Kavita Singh,Consumer,Central,Indore,Furniture,Executive Desks,340.32,3,1020.96,0.1,102.1,918.86,786.31,132.55,14.43,Standard Delivery,Corporate Purchase Order,Delivered
ORD-2024-10389,2025-09-23,2025-09-24,CUST-1119,Divya Patel,Home Office,East,Guwahati,Technology,Printers & Scanners,229.28,5,1146.4,0.0,0.0,1146.4,996.37,150.03,13.09,Freight Saver,Net Banking,Delivered
ORD-2023-10996,2025-09-23,2025-09-26,CUST-1128,Swati Chopra,Corporate,West,Surat,Office Supplies,Binders & Organizers,19.62,2,39.24,0.0,0.0,39.24,24.67,14.57,37.13,Same Day Priority,Corporate Purchase Order,Shipped
ORD-2023-10896,2025-09-24,2025-09-25,CUST-1097,Neha Gupta,Consumer,North,New Delhi,Technology,Audio & Accessories,76.93,1,76.93,0.2,15.39,61.54,55.99,5.55,9.02,Express Air,UPI / QR,Delivered
ORD-2024-11073,2025-09-25,2025-09-27,CUST-1132,Vikram Saxena,Corporate,North,Dehradun,Office Supplies,Paper & Envelopes,44.95,1,44.95,0.15,6.74,38.21,28.5,9.71,25.41,Freight Saver,Net Banking,Delivered
ORD-2026-11483,2025-09-25,2025-09-27,CUST-1092,Ananya Mehta,Home Office,East,Kolkata,Technology,Audio & Accessories,71.84,5,359.20000000000005,0.1,35.92,323.28,221.98,101.3,31.34,Express Air,Corporate Purchase Order,Delivered
ORD-2026-12463,2025-09-25,2025-09-26,CUST-1149,Deepak Reddy,Home Office,North,Jaipur,Furniture,Office Chairs,365.86,8,2926.88,0.0,0.0,0.0,2258.43,-338.76,22.84,Freight Saver,Corporate Purchase Order,Returned
ORD-2024-10045,2025-09-26,2025-09-30,CUST-1010,Neha Kapoor,Home Office,Central,Bhopal,Technology,Audio & Accessories,199.56,3,598.6800000000001,0.05,29.93,568.75,437.22,131.53,23.13,Standard Delivery,Corporate Purchase Order,Delivered
ORD-2024-10649,2025-09-26,2025-09-27,CUST-1002,Sunita Iyer,Consumer,Central,Raipur,Technology,Audio & Accessories,48.22,1,48.22,0.1,4.82,43.4,32.29,11.11,25.6,Standard Delivery,UPI / QR,Delivered
ORD-2025-10606,2025-09-27,2025-09-30,CUST-1095,Priya Mehta,Consumer,North,Lucknow,Office Supplies,Binders & Organizers,12.27,1,12.27,0.15,1.84,10.43,6.43,4.0,38.35,Standard Delivery,Credit Card,Delivered
ORD-2026-10635,2025-10-01,2025-10-04,CUST-1134,Sanjay Singh,Corporate,East,Guwahati,Furniture,Executive Desks,715.95,2,1431.9,0.0,0.0,0.0,1280.82,-192.12,10.55,Express Air,Net Banking,Returned
ORD-2025-10970,2025-10-01,2025-10-04,CUST-1089,Preeti Menon,Home Office,West,Surat,Office Supplies,Binders & Organizers,18.63,4,74.52,0.0,0.0,74.52,44.16,30.36,40.74,Express Air,Corporate Purchase Order,Delivered
ORD-2025-10766,2025-10-02,2025-10-04,CUST-1074,Shweta Rao,Corporate,South,Chennai,Office Supplies,Storage Solutions,102.31,3,306.93,0.0,0.0,306.93,218.74,88.19,28.73,Standard Delivery,Credit Card,Delivered
ORD-2024-11001,2025-10-02,2025-10-04,CUST-1069,Rahul Patel,Home Office,North,Lucknow,Technology,Smartphones & Tablets,933.03,1,933.03,0.0,0.0,933.03,713.98,219.05,23.48,Standard Delivery,Corporate Purchase Order,Delivered
ORD-2024-10253,2025-10-03,2025-10-05,CUST-1085,Rahul Verma,Corporate,East,Kolkata,Furniture,Conference Tables,813.77,1,813.77,0.05,40.69,0.0,667.19,-100.08,13.7,Freight Saver,UPI / QR,Returned
ORD-2024-11885,2025-10-03,2025-10-06,CUST-1085,Rahul Verma,Corporate,South,Bengaluru,Office Supplies,Paper & Envelopes,12.13,1,12.13,0.0,0.0,12.13,8.42,3.71,30.59,Express Air,Corporate Purchase Order,Delivered
ORD-2025-11950,2025-10-03,2025-10-06,CUST-1067,Sanjay Chopra,Consumer,Central,Indore,Technology,Smartphones & Tablets,1075.73,1,1075.73,0.15,161.36,914.37,808.59,105.78,11.57,Same Day Priority,UPI / QR,Delivered
ORD-2025-12390,2025-10-03,2025-10-07,CUST-1050,Siddharth Kulkarni,Home Office,South,Coimbatore,Furniture,Conference Tables,1326.95,1,1326.95,0.15,199.04,1127.91,1189.86,-61.95,-5.49,Standard Delivery,UPI / QR,Delivered
ORD-2025-10650,2025-10-04,2025-10-05,CUST-1136,Alok Choudhury,Home Office,Central,Indore,Furniture,Conference Tables,357.95,3,1073.85,0.0,0.0,1073.85,915.92,157.93,14.71,Same Day Priority,Net Banking,Delivered
ORD-2024-11081,2025-10-04,2025-10-09,CUST-1102,Priya Choudhury,Consumer,Central,Indore,Furniture,Executive Desks,414.85,2,829.7,0.0,0.0,829.7,726.92,102.78,12.39,Same Day Priority,Cash on Delivery,Delivered
ORD-2024-11705,2025-10-04,2025-10-06,CUST-1131,Ananya Patel,Home Office,North,Dehradun,Technology,Smartphones & Tablets,758.43,2,1516.86,0.15,227.53,1289.33,1200.67,88.66,6.88,Standard Delivery,Credit Card,Processing
ORD-2024-12029,2025-10-05,2025-10-08,CUST-1059,Deepak Nair,Home Office,West,Surat,Office Supplies,Binders & Organizers,14.41,3,43.23,0.1,4.32,38.91,24.52,14.39,36.98,Standard Delivery,Net Banking,Shipped
ORD-2024-11249,2025-10-06,2025-10-09,CUST-1017,Aditya Verma,Home Office,South,Kochi,Furniture,Office Chairs,381.06,1,381.06,0.05,19.05,362.01,307.18,54.83,15.15,Freight Saver,Corporate Purchase Order,Delivered
ORD-2023-11376,2025-10-06,2025-10-09,CUST-1112,Priya Menon,Home Office,East,Guwahati,Office Supplies,Storage Solutions,70.46,1,70.46,0.1,7.05,63.41,54.98,8.43,13.29,Express Air,Credit Card,Processing
ORD-2023-11588,2025-10-06,2025-10-09,CUST-1148,Priya Sharma,Corporate,South,Chennai,Office Supplies,Binders & Organizers,22.67,8,181.36,0.05,9.07,172.29,114.43,57.86,33.58,Standard Delivery,Credit Card,Delivered
ORD-2026-12023,2025-10-06,2025-10-09,CUST-1126,Vikram Joshi,Consumer,South,Hyderabad,Technology,Audio & Accessories,151.32,2,302.64,0.25,75.66,226.98,195.61,31.37,13.82,Express Air,Corporate Purchase Order,Delivered
ORD-2024-12049,2025-10-06,2025-10-07,CUST-1125,Amit Joshi,Corporate,North,Chandigarh,Technology,Printers & Scanners,375.14,4,1500.56,0.15,225.08,1275.48,1274.96,0.52,0.04,Express Air,Net Banking,Processing
ORD-2024-10821,2025-10-07,2025-10-09,CUST-1080,Ananya Singh,Consumer,East,Bhubaneswar,Technology,Printers & Scanners,542.14,1,542.14,0.0,0.0,542.14,446.59,95.55,17.62,Freight Saver,Cash on Delivery,Delivered
ORD-2023-11572,2025-10-07,2025-10-08,CUST-1023,Swati Singh,Corporate,South,Coimbatore,Technology,Printers & Scanners,249.99,2,499.98,0.0,0.0,499.98,401.36,98.62,19.72,Freight Saver,UPI / QR,Delivered
ORD-2024-11669,2025-10-07,2025-10-10,CUST-1014,Deepak Joshi,Consumer,East,Ranchi,Technology,Smartphones & Tablets,1075.61,1,1075.61,0.15,161.34,914.27,823.88,90.39,9.89,Same Day Priority,Cash on Delivery,Delivered
ORD-2024-10101,2025-10-08,2025-10-09,CUST-1142,Sunita Choudhury,Consumer,Central,Nagpur,Furniture,Executive Desks,658.96,1,658.96,0.0,0.0,658.96,494.26,164.7,24.99,Freight Saver,Cash on Delivery,Delivered
ORD-2023-11892,2025-10-08,2025-10-13,CUST-1080,Ananya Singh,Consumer,East,Kolkata,Furniture,Executive Desks,888.26,1,888.26,0.1,88.83,799.43,703.03,96.4,12.06,Freight Saver,Credit Card,Processing
ORD-2023-11924,2025-10-08,2025-10-10,CUST-1044,Sanjay Menon,Corporate,North,Lucknow,Technology,Smartphones & Tablets,637.27,1,637.27,0.15,95.59,541.68,536.78,4.9,0.9,Same Day Priority,Net Banking,Shipped
ORD-2024-12369,2025-10-08,2025-10-12,CUST-1039,Tanvi Kulkarni,Home Office,East,Patna,Technology,Smartphones & Tablets,402.61,1,402.61,0.0,0.0,402.61,339.5,63.11,15.68,Freight Saver,Cash on Delivery,Processing
ORD-2026-11023,2025-10-09,2025-10-12,CUST-1105,Vikram Kulkarni,Consumer,East,Ranchi,Technology,Audio & Accessories,180.41,1,180.41,0.0,0.0,180.41,118.47,61.94,34.33,Express Air,UPI / QR,Delivered
ORD-2024-11937,2025-10-10,2025-10-12,CUST-1139,Alok Choudhury,Corporate,Central,Bhopal,Office Supplies,Storage Solutions,28.7,1,28.7,0.1,2.87,25.83,21.67,4.16,16.11,Same Day Priority,UPI / QR,Processing
ORD-2025-12402,2025-10-11,2025-10-12,CUST-1002,Sunita Iyer,Consumer,Central,Nagpur,Furniture,Conference Tables,712.04,1,712.04,0.1,71.2,640.84,617.14,23.7,3.7,Standard Delivery,Credit Card,Delivered
ORD-2023-11960,2025-10-12,2025-10-17,CUST-1096,Siddharth Joshi,Consumer,Central,Nagpur,Furniture,Executive Desks,905.71,3,2717.13,0.1,271.71,2445.42,2389.03,56.39,2.31,Same Day Priority,Credit Card,Delivered
ORD-2026-12183,2025-10-12,2025-10-14,CUST-1028,Swati Iyer,Home Office,North,Chandigarh,Office Supplies,Storage Solutions,79.85,4,319.4,0.05,15.97,303.43,233.17,70.26,23.16,Same Day Priority,Corporate Purchase Order,Delivered
ORD-2025-12478,2025-10-12,2025-10-15,CUST-1022,Vikram Patel,Consumer,East,Guwahati,Furniture,Conference Tables,932.5,4,3730.0,0.0,0.0,3730.0,3146.94,583.06,15.63,Freight Saver,Cash on Delivery,Delivered
ORD-2024-12481,2025-10-12,2025-10-14,CUST-1109,Sunita Choudhury,Home Office,West,Ahmedabad,Office Supplies,Storage Solutions,85.7,1,85.7,0.05,4.29,81.41,61.48,19.93,24.48,Standard Delivery,Corporate Purchase Order,Processing
ORD-2023-12288,2025-10-13,2025-10-16,CUST-1057,Karan Sharma,Home Office,Central,Raipur,Office Supplies,Storage Solutions,111.17,2,222.34,0.1,22.23,200.11,156.14,43.97,21.97,Freight Saver,Credit Card,Delivered
ORD-2025-10050,2025-10-14,2025-10-18,CUST-1074,Shweta Rao,Corporate,South,Coimbatore,Office Supplies,Binders & Organizers,24.1,2,48.2,0.1,4.82,43.38,24.38,19.0,43.8,Express Air,UPI / QR,Processing
ORD-2025-11522,2025-10-14,2025-10-16,CUST-1084,Rahul Verma,Consumer,South,Kochi,Technology,Audio & Accessories,138.32,1,138.32,0.0,0.0,138.32,77.43,60.89,44.02,Express Air,Net Banking,Delivered
ORD-2025-12482,2025-10-14,2025-10-16,CUST-1116,Preeti Saxena,Consumer,East,Ranchi,Furniture,Executive Desks,480.36,8,3842.88,0.2,768.58,3074.3,3074.3,0.0,0.0,Same Day Priority,Cash on Delivery,Delivered
ORD-2023-10936,2025-10-15,2025-10-18,CUST-1098,Isha Kapoor,Consumer,South,Hyderabad,Office Supplies,Storage Solutions,58.31,3,174.93,0.15,26.24,148.69,120.14,28.55,19.2,Express Air,Net Banking,Delivered
ORD-2025-11442,2025-10-15,2025-10-16,CUST-1005,Naveen Deshmukh,Consumer,South,Kochi,Technology,Printers & Scanners,390.24,3,1170.72,0.1,117.07,1053.65,988.8,64.85,6.15,Standard Delivery,Credit Card,Delivered
ORD-2025-10254,2025-10-17,2025-10-19,CUST-1031,Sunita Singh,Consumer,West,Mumbai,Technology,Printers & Scanners,166.12,2,332.24,0.15,49.84,282.4,266.06,16.34,5.79,Same Day Priority,Cash on Delivery,Shipped
ORD-2024-11457,2025-10-18,2025-10-20,CUST-1100,Karan Singh,Consumer,East,Guwahati,Technology,Audio & Accessories,93.3,1,93.3,0.05,4.67,88.63,66.79,21.84,24.64,Express Air,Cash on Delivery,Delivered
ORD-2024-11985,2025-10-19,2025-10-21,CUST-1103,Rahul Singh,Consumer,South,Kochi,Office Supplies,Storage Solutions,115.69,1,115.69,0.0,0.0,115.69,87.85,27.84,24.06,Standard Delivery,UPI / QR,Delivered
ORD-2025-11030,2025-10-20,2025-10-22,CUST-1008,Aarav Choudhury,Consumer,East,Ranchi,Office Supplies,Storage Solutions,96.53,3,289.59000000000003,0.05,14.48,275.11,206.17,68.94,25.06,Same Day Priority,Corporate Purchase Order,Delivered
ORD-2024-12053,2025-10-20,2025-10-24,CUST-1068,Priya Singh,Home Office,East,Kolkata,Office Supplies,Writing Instruments,15.4,4,61.6,0.15,9.24,0.0,35.89,-5.38,31.46,Freight Saver,Credit Card,Returned
ORD-2024-10237,2025-10-21,2025-10-22,CUST-1098,Isha Kapoor,Consumer,Central,Nagpur,Furniture,Executive Desks,303.02,1,303.02,0.05,15.15,287.87,246.84,41.03,14.25,Freight Saver,Credit Card,Delivered
ORD-2025-11546,2025-10-22,2025-10-23,CUST-1044,Sanjay Menon,Corporate,East,Patna,Technology,Smartphones & Tablets,470.63,1,470.63,0.0,0.0,470.63,354.37,116.26,24.7,Standard Delivery,Corporate Purchase Order,Shipped
ORD-2024-11693,2025-10-23,2025-10-25,CUST-1033,Preeti Choudhury,Consumer,South,Kochi,Furniture,Conference Tables,416.48,2,832.96,0.25,208.24,624.72,725.5,-100.78,-16.13,Freight Saver,Cash on Delivery,Delivered
ORD-2023-12192,2025-10-23,2025-10-25,CUST-1004,Ananya Choudhury,Consumer,South,Chennai,Furniture,Bookcases & Shelving,130.27,2,260.54,0.1,26.05,234.49,227.92,6.57,2.8,Express Air,Credit Card,Delivered
ORD-2025-12242,2025-10-24,2025-10-28,CUST-1137,Pooja Rao,Home Office,East,Ranchi,Office Supplies,Writing Instruments,7.24,1,7.24,0.1,0.72,6.52,3.85,2.67,40.95,Express Air,Cash on Delivery,Shipped
ORD-2026-12427,2025-10-24,2025-10-26,CUST-1027,Kavita Bose,Consumer,East,Kolkata,Office Supplies,Writing Instruments,14.76,1,14.76,0.1,1.48,13.28,7.72,5.56,41.87,Same Day Priority,UPI / QR,Shipped
ORD-2026-10103,2025-10-26,2025-10-31,CUST-1015,Rahul Kulkarni,Consumer,North,Dehradun,Technology,Smartphones & Tablets,429.57,5,2147.85,0.0,0.0,2147.85,1622.17,525.68,24.47,Same Day Priority,UPI / QR,Delivered
ORD-2025-10274,2025-10-26,2025-10-27,CUST-1078,Rajesh Bose,Corporate,Central,Bhopal,Technology,Printers & Scanners,321.64,3,964.92,0.0,0.0,964.92,834.05,130.87,13.56,Express Air,Credit Card,Processing
ORD-2023-10584,2025-10-26,2025-10-29,CUST-1118,Shweta Nair,Consumer,East,Bhubaneswar,Technology,Smartphones & Tablets,656.59,3,1969.77,0.1,196.98,1772.79,1625.68,147.11,8.3,Same Day Priority,Cash on Delivery,Delivered
ORD-2023-11360,2025-10-26,2025-10-28,CUST-1017,Aditya Verma,Home Office,West,Pune,Office Supplies,Binders & Organizers,7.37,1,7.37,0.0,0.0,7.37,4.0,3.37,45.73,Standard Delivery,Cash on Delivery,Delivered
ORD-2025-10454,2025-10-27,2025-10-28,CUST-1049,Meera Rao,Consumer,Central,Jabalpur,Furniture,Office Chairs,234.42,4,937.68,0.0,0.0,937.68,778.57,159.11,16.97,Standard Delivery,Corporate Purchase Order,Delivered
ORD-2025-10742,2025-10-27,2025-10-28,CUST-1038,Arjun Gupta,Home Office,North,New Delhi,Technology,Audio & Accessories,106.94,3,320.82,0.25,80.2,240.62,224.1,16.52,6.87,Freight Saver,Net Banking,Delivered
ORD-2023-12232,2025-10-28,2025-10-30,CUST-1117,Priya Saxena,Consumer,Central,Jabalpur,Furniture,Conference Tables,730.24,1,730.24,0.05,36.51,693.73,592.7,101.03,14.56,Same Day Priority,UPI / QR,Delivered
ORD-2025-12274,2025-10-28,2025-10-31,CUST-1024,Rahul Singh,Consumer,North,Jaipur,Office Supplies,Storage Solutions,117.77,8,942.16,0.2,188.43,753.73,646.37,107.36,14.24,Freight Saver,Credit Card,Delivered
ORD-2026-10111,2025-10-29,2025-10-31,CUST-1141,Aditya Mehta,Consumer,East,Guwahati,Furniture,Office Chairs,127.61,1,127.61,0.0,0.0,127.61,89.58,38.03,29.8,Same Day Priority,Credit Card,Delivered
ORD-2024-10013,2025-10-30,2025-11-01,CUST-1141,Aditya Mehta,Consumer,West,Pune,Office Supplies,Storage Solutions,67.76,3,203.28000000000003,0.15,30.49,172.79,154.17,18.62,10.78,Freight Saver,Credit Card,Delivered
ORD-2024-11973,2025-10-30,2025-11-01,CUST-1058,Sanjay Iyer,Home Office,East,Kolkata,Furniture,Conference Tables,825.66,4,3302.64,0.15,495.4,2807.24,2814.16,-6.92,-0.25,Standard Delivery,Credit Card,Delivered
ORD-2026-12103,2025-10-31,2025-11-01,CUST-1010,Neha Kapoor,Home Office,North,New Delhi,Technology,Audio & Accessories,160.1,1,160.1,0.0,0.0,160.1,118.47,41.63,26.0,Express Air,Cash on Delivery,Delivered
ORD-2024-10145,2025-11-01,2025-11-03,CUST-1016,Kavita Bose,Home Office,Central,Jabalpur,Office Supplies,Storage Solutions,26.49,2,52.98,0.05,2.65,50.33,42.25,8.08,16.05,Same Day Priority,Cash on Delivery,Delivered
ORD-2025-11158,2025-11-01,2025-11-02,CUST-1062,Vikram Reddy,Corporate,West,Ahmedabad,Technology,Printers & Scanners,184.54,1,184.54,0.0,0.0,184.54,148.63,35.91,19.46,Same Day Priority,Credit Card,Shipped
ORD-2024-11309,2025-11-01,2025-11-02,CUST-1148,Priya Sharma,Corporate,South,Chennai,Office Supplies,Writing Instruments,14.44,1,14.44,0.05,0.72,13.72,7.4,6.32,46.06,Standard Delivery,UPI / QR,Processing
ORD-2025-10522,2025-11-02,2025-11-04,CUST-1026,Rajesh Bose,Consumer,South,Hyderabad,Technology,Smartphones & Tablets,398.39,1,398.39,0.2,79.68,0.0,307.99,-46.2,3.36,Standard Delivery,Credit Card,Returned
ORD-2023-11024,2025-11-03,2025-11-08,CUST-1038,Arjun Gupta,Home Office,Central,Nagpur,Furniture,Executive Desks,838.32,2,1676.64,0.25,419.16,0.0,1309.72,-196.46,-4.15,Freight Saver,UPI / QR,Returned
ORD-2024-10077,2025-11-04,2025-11-06,CUST-1149,Deepak Reddy,Home Office,Central,Bhopal,Furniture,Executive Desks,441.15,2,882.3,0.0,0.0,882.3,785.88,96.42,10.93,Standard Delivery,Net Banking,Processing
ORD-2026-10563,2025-11-04,2025-11-08,CUST-1144,Vikram Joshi,Consumer,North,Lucknow,Technology,Smartphones & Tablets,812.44,1,812.44,0.0,0.0,812.44,675.19,137.25,16.89,Freight Saver,Corporate Purchase Order,Shipped
ORD-2026-10763,2025-11-04,2025-11-07,CUST-1135,Pooja Nair,Corporate,East,Bhubaneswar,Furniture,Bookcases & Shelving,271.19,3,813.5699999999999,0.0,0.0,813.57,713.06,100.51,12.35,Express Air,Credit Card,Delivered
ORD-2024-11521,2025-11-04,2025-11-05,CUST-1036,Siddharth Iyer,Consumer,South,Coimbatore,Furniture,Bookcases & Shelving,390.13,1,390.13,0.15,58.52,331.61,336.73,-5.12,-1.54,Same Day Priority,Cash on Delivery,Delivered
ORD-2024-11613,2025-11-04,2025-11-06,CUST-1056,Pooja Deshmukh,Consumer,Central,Nagpur,Furniture,Office Chairs,223.27,3,669.8100000000001,0.05,33.49,636.32,548.81,87.51,13.75,Express Air,Cash on Delivery,Processing
ORD-2025-10066,2025-11-05,2025-11-06,CUST-1124,Swati Menon,Home Office,South,Bengaluru,Technology,Audio & Accessories,49.53,1,49.53,0.0,0.0,49.53,32.9,16.63,33.58,Standard Delivery,Cash on Delivery,Processing
ORD-2024-10989,2025-11-05,2025-11-06,CUST-1046,Amit Malhotra,Consumer,South,Hyderabad,Technology,Smartphones & Tablets,859.97,3,2579.91,0.0,0.0,2579.91,2144.67,435.24,16.87,Same Day Priority,Credit Card,Delivered
ORD-2026-12163,2025-11-06,2025-11-09,CUST-1148,Priya Sharma,Corporate,South,Hyderabad,Office Supplies,Binders & Organizers,20.34,1,20.34,0.2,4.07,16.27,9.7,6.57,40.38,Standard Delivery,UPI / QR,Delivered
ORD-2026-10259,2025-11-07,2025-11-10,CUST-1046,Amit Malhotra,Consumer,Central,Indore,Office Supplies,Binders & Organizers,8.11,2,16.22,0.1,1.62,14.6,9.5,5.1,34.93,Freight Saver,Corporate Purchase Order,Shipped
ORD-2023-10908,2025-11-07,2025-11-08,CUST-1117,Priya Saxena,Consumer,North,New Delhi,Technology,Printers & Scanners,330.14,4,1320.56,0.0,0.0,0.0,1037.2,-155.58,21.46,Standard Delivery,Corporate Purchase Order,Returned
ORD-2026-11687,2025-11-07,2025-11-10,CUST-1092,Ananya Mehta,Home Office,West,Ahmedabad,Office Supplies,Paper & Envelopes,18.46,1,18.46,0.0,0.0,18.46,11.13,7.33,39.71,Express Air,UPI / QR,Shipped
ORD-2026-12159,2025-11-07,2025-11-09,CUST-1138,Amit Sharma,Home Office,North,Chandigarh,Furniture,Bookcases & Shelving,293.95,2,587.9,0.2,117.58,0.0,484.31,-72.65,-2.97,Express Air,Corporate Purchase Order,Returned
ORD-2025-11086,2025-11-08,2025-11-10,CUST-1103,Rahul Singh,Consumer,West,Pune,Office Supplies,Writing Instruments,17.99,1,17.99,0.05,0.9,17.09,10.06,7.03,41.14,Standard Delivery,UPI / QR,Delivered
ORD-2026-11343,2025-11-08,2025-11-10,CUST-1080,Ananya Singh,Consumer,North,New Delhi,Office Supplies,Binders & Organizers,10.04,3,30.12,0.0,0.0,30.12,19.25,10.87,36.09,Express Air,Cash on Delivery,Delivered
ORD-2023-10664,2025-11-09,2025-11-11,CUST-1100,Karan Singh,Consumer,West,Goa,Technology,Smartphones & Tablets,302.88,2,605.76,0.05,30.29,575.47,514.36,61.11,10.62,Freight Saver,Cash on Delivery,Processing
ORD-2025-11502,2025-11-09,2025-11-11,CUST-1020,Isha Chopra,Home Office,West,Surat,Technology,Laptops & Desktops,639.92,3,1919.76,0.0,0.0,0.0,1397.19,-209.58,27.22,Same Day Priority,Corporate Purchase Order,Returned
ORD-2024-11041,2025-11-10,2025-11-11,CUST-1018,Karan Choudhury,Consumer,West,Goa,Office Supplies,Paper & Envelopes,28.95,1,28.95,0.1,2.9,0.0,15.4,-2.31,40.88,Same Day Priority,Credit Card,Returned
ORD-2024-11793,2025-11-11,2025-11-14,CUST-1025,Siddharth Iyer,Corporate,East,Patna,Furniture,Conference Tables,1269.85,1,1269.85,0.15,190.48,1079.37,1126.5,-47.13,-4.37,Standard Delivery,Credit Card,Delivered
ORD-2026-11907,2025-11-11,2025-11-13,CUST-1079,Sanjay Saxena,Corporate,West,Surat,Furniture,Office Chairs,95.81,1,95.81,0.0,0.0,95.81,71.4,24.41,25.48,Standard Delivery,UPI / QR,Delivered
ORD-2023-12240,2025-11-11,2025-11-13,CUST-1103,Rahul Singh,Consumer,West,Pune,Technology,Audio & Accessories,150.47,1,150.47,0.05,7.52,142.95,111.99,30.96,21.66,Express Air,Net Banking,Delivered
ORD-2026-10191,2025-11-12,2025-11-14,CUST-1128,Swati Chopra,Corporate,Central,Indore,Technology,Audio & Accessories,161.47,4,645.88,0.1,64.59,0.0,469.51,-70.43,19.23,Standard Delivery,UPI / QR,Returned
ORD-2023-10528,2025-11-13,2025-11-15,CUST-1134,Sanjay Singh,Corporate,East,Bhubaneswar,Technology,Audio & Accessories,71.03,3,213.09,0.1,21.31,0.0,117.76,-17.66,38.6,Standard Delivery,UPI / QR,Returned
ORD-2023-10876,2025-11-13,2025-11-16,CUST-1113,Isha Verma,Home Office,West,Mumbai,Technology,Audio & Accessories,158.85,2,317.7,0.15,47.65,270.05,192.4,77.65,28.75,Same Day Priority,Corporate Purchase Order,Processing
ORD-2024-11721,2025-11-13,2025-11-16,CUST-1112,Priya Menon,Home Office,East,Guwahati,Office Supplies,Paper & Envelopes,16.98,1,16.98,0.05,0.85,0.0,10.77,-1.62,33.23,Freight Saver,Cash on Delivery,Returned
ORD-2024-10577,2025-11-15,2025-11-22,CUST-1039,Tanvi Kulkarni,Home Office,West,Pune,Technology,Smartphones & Tablets,679.55,2,1359.1,0.15,203.86,0.0,1052.27,-157.84,8.91,Freight Saver,Net Banking,Returned
ORD-2026-10695,2025-11-15,2025-11-19,CUST-1081,Rahul Joshi,Consumer,East,Kolkata,Furniture,Conference Tables,652.25,4,2609.0,0.1,260.9,2348.1,2186.18,161.92,6.9,Standard Delivery,Credit Card,Processing
ORD-2025-11102,2025-11-15,2025-11-18,CUST-1104,Meera Malhotra,Corporate,South,Chennai,Technology,Printers & Scanners,498.06,3,1494.18,0.0,0.0,1494.18,1166.5,327.68,21.93,Express Air,Corporate Purchase Order,Shipped
ORD-2026-12211,2025-11-15,2025-11-18,CUST-1038,Arjun Gupta,Home Office,West,Mumbai,Furniture,Conference Tables,645.73,1,645.73,0.0,0.0,645.73,568.51,77.22,11.96,Freight Saver,UPI / QR,Processing
ORD-2024-11465,2025-11-16,2025-11-18,CUST-1137,Pooja Rao,Home Office,South,Coimbatore,Technology,Smartphones & Tablets,683.94,2,1367.88,0.0,0.0,1367.88,1049.55,318.33,23.27,Freight Saver,Credit Card,Delivered
ORD-2026-12167,2025-11-17,2025-11-18,CUST-1078,Rajesh Bose,Corporate,Central,Nagpur,Furniture,Executive Desks,521.96,1,521.96,0.1,52.2,469.76,468.76,1.0,0.21,Freight Saver,UPI / QR,Delivered
ORD-2025-11746,2025-11-18,2025-11-19,CUST-1136,Alok Choudhury,Home Office,East,Guwahati,Technology,Laptops & Desktops,1756.94,2,3513.88,0.2,702.78,2811.1,2851.24,-40.14,-1.43,Express Air,Cash on Delivery,Delivered
ORD-2024-12317,2025-11-19,2025-11-20,CUST-1072,Swati Malhotra,Home Office,East,Ranchi,Furniture,Office Chairs,127.32,2,254.64,0.15,38.2,216.44,192.54,23.9,11.04,Standard Delivery,Net Banking,Delivered
ORD-2025-10010,2025-11-21,2025-11-24,CUST-1086,Rahul Saxena,Consumer,North,Chandigarh,Furniture,Executive Desks,804.92,1,804.92,0.0,0.0,804.92,605.63,199.29,24.76,Standard Delivery,Corporate Purchase Order,Delivered
ORD-2024-11605,2025-11-22,2025-11-24,CUST-1069,Rahul Patel,Home Office,North,New Delhi,Office Supplies,Paper & Envelopes,30.04,1,30.04,0.15,4.51,25.53,17.27,8.26,32.35,Same Day Priority,Corporate Purchase Order,Processing
ORD-2023-12212,2025-11-22,2025-11-27,CUST-1009,Manish Choudhury,Corporate,East,Ranchi,Office Supplies,Storage Solutions,76.56,1,76.56,0.0,0.0,76.56,53.32,23.24,30.36,Freight Saver,Corporate Purchase Order,Delivered
ORD-2026-10691,2025-11-23,2025-11-30,CUST-1134,Sanjay Singh,Corporate,East,Ranchi,Office Supplies,Writing Instruments,10.11,2,20.22,0.2,4.04,16.18,13.99,2.19,13.54,Freight Saver,Credit Card,Delivered
ORD-2026-10907,2025-11-23,2025-11-24,CUST-1054,Sanjay Choudhury,Corporate,North,Lucknow,Office Supplies,Writing Instruments,19.74,1,19.74,0.0,0.0,19.74,9.93,9.81,49.7,Same Day Priority,Corporate Purchase Order,Delivered
ORD-2025-12302,2025-11-23,2025-11-28,CUST-1087,Aditya Malhotra,Consumer,South,Chennai,Furniture,Conference Tables,1466.06,2,2932.12,0.15,439.82,2492.3,2425.45,66.85,2.68,Freight Saver,UPI / QR,Delivered
ORD-2025-12406,2025-11-23,2025-11-24,CUST-1137,Pooja Rao,Home Office,West,Goa,Furniture,Executive Desks,868.14,4,3472.56,0.05,173.63,0.0,2787.92,-418.19,15.49,Same Day Priority,Corporate Purchase Order,Returned
ORD-2023-11280,2025-11-24,2025-11-27,CUST-1016,Kavita Bose,Home Office,North,Dehradun,Technology,Printers & Scanners,414.96,8,3319.68,0.05,165.98,0.0,2757.15,-413.57,12.57,Express Air,Credit Card,Returned
ORD-2025-11610,2025-11-24,2025-11-26,CUST-1011,Aditya Sharma,Consumer,West,Goa,Technology,Audio & Accessories,195.97,1,195.97,0.1,19.6,176.37,130.19,46.18,26.18,Same Day Priority,UPI / QR,Delivered
ORD-2024-10233,2025-11-25,2025-11-28,CUST-1015,Rahul Kulkarni,Consumer,Central,Raipur,Furniture,Executive Desks,740.96,2,1481.92,0.25,370.48,1111.44,1276.06,-164.62,-14.81,Freight Saver,Corporate Purchase Order,Delivered
ORD-2024-10769,2025-11-25,2025-11-27,CUST-1031,Sunita Singh,Consumer,West,Pune,Technology,Audio & Accessories,33.83,3,101.49,0.0,0.0,101.49,59.31,42.18,41.56,Freight Saver,Net Banking,Delivered
ORD-2024-11837,2025-11-25,2025-12-02,CUST-1029,Preeti Patel,Home Office,North,Dehradun,Furniture,Conference Tables,854.32,2,1708.64,0.1,170.86,1537.78,1503.27,34.51,2.24,Express Air,Credit Card,Delivered
ORD-2023-10012,2025-11-26,2025-11-28,CUST-1143,Aditya Chopra,Home Office,South,Bengaluru,Furniture,Conference Tables,1117.71,8,8941.68,0.05,447.08,0.0,7198.02,-1079.7,15.26,Freight Saver,Cash on Delivery,Returned
ORD-2023-10608,2025-11-27,2025-12-02,CUST-1109,Sunita Choudhury,Home Office,South,Kochi,Technology,Audio & Accessories,115.11,2,230.22,0.15,34.53,195.69,145.68,50.01,25.56,Freight Saver,UPI / QR,Delivered
ORD-2023-10964,2025-11-27,2025-12-04,CUST-1121,Ananya Menon,Consumer,West,Mumbai,Technology,Laptops & Desktops,1932.95,1,1932.95,0.1,193.3,1739.65,1429.14,310.51,17.85,Express Air,Corporate Purchase Order,Shipped
ORD-2023-11472,2025-11-27,2025-11-30,CUST-1014,Deepak Joshi,Consumer,South,Chennai,Technology,Printers & Scanners,479.01,2,958.02,0.15,143.7,814.32,762.04,52.28,6.42,Standard Delivery,Credit Card,Delivered
ORD-2023-10532,2025-11-28,2025-12-01,CUST-1068,Priya Singh,Home Office,Central,Raipur,Furniture,Conference Tables,1142.37,5,5711.849999999999,0.1,571.18,5140.67,4902.53,238.14,4.63,Express Air,Credit Card,Shipped
ORD-2026-11215,2025-11-28,2025-12-01,CUST-1117,Priya Saxena,Consumer,South,Chennai,Office Supplies,Storage Solutions,69.1,1,69.1,0.25,17.27,51.83,49.45,2.38,4.59,Same Day Priority,Corporate Purchase Order,Delivered
ORD-2026-11223,2025-11-28,2025-11-29,CUST-1039,Tanvi Kulkarni,Home Office,North,New Delhi,Technology,Audio & Accessories,97.51,3,292.53000000000003,0.15,43.88,248.65,187.34,61.31,24.66,Express Air,UPI / QR,Delivered
ORD-2023-11420,2025-11-28,2025-11-30,CUST-1149,Deepak Reddy,Home Office,East,Kolkata,Technology,Laptops & Desktops,1887.1,1,1887.1,0.0,0.0,1887.1,1418.51,468.59,24.83,Same Day Priority,UPI / QR,Shipped
ORD-2025-12342,2025-11-28,2025-11-29,CUST-1008,Aarav Choudhury,Consumer,North,Chandigarh,Office Supplies,Writing Instruments,21.98,1,21.98,0.05,1.1,20.88,11.38,9.5,45.5,Standard Delivery,Corporate Purchase Order,Processing
ORD-2023-10336,2025-11-29,2025-11-30,CUST-1060,Preeti Mehta,Home Office,Central,Raipur,Technology,Smartphones & Tablets,756.02,5,3780.1,0.05,189.0,3591.1,3002.1,589.0,16.4,Standard Delivery,Cash on Delivery,Delivered
ORD-2023-11896,2025-12-03,2025-12-07,CUST-1052,Isha Sharma,Home Office,East,Bhubaneswar,Furniture,Bookcases & Shelving,159.76,3,479.28,0.15,71.89,407.39,382.33,25.06,6.15,Express Air,Cash on Delivery,Delivered
ORD-2025-11930,2025-12-03,2025-12-06,CUST-1087,Aditya Malhotra,Consumer,Central,Bhopal,Furniture,Conference Tables,1150.13,1,1150.13,0.15,172.52,977.61,968.49,9.12,0.93,Freight Saver,Credit Card,Processing
ORD-2026-11211,2025-12-04,2025-12-05,CUST-1109,Sunita Choudhury,Home Office,Central,Indore,Furniture,Bookcases & Shelving,184.01,4,736.04,0.05,36.8,699.24,613.88,85.36,12.21,Freight Saver,Credit Card,Delivered
ORD-2023-11628,2025-12-04,2025-12-07,CUST-1125,Amit Joshi,Corporate,North,New Delhi,Technology,Audio & Accessories,167.79,5,838.9499999999999,0.0,0.0,838.95,601.98,236.97,28.25,Same Day Priority,Credit Card,Delivered
ORD-2023-12164,2025-12-04,2025-12-06,CUST-1022,Vikram Patel,Consumer,South,Kochi,Technology,Printers & Scanners,591.72,3,1775.16,0.0,0.0,1775.16,1500.2,274.96,15.49,Express Air,UPI / QR,Delivered
ORD-2023-12300,2025-12-04,2025-12-07,CUST-1072,Swati Malhotra,Home Office,North,New Delhi,Furniture,Office Chairs,122.92,1,122.92,0.0,0.0,122.92,87.28,35.64,28.99,Same Day Priority,Net Banking,Delivered
ORD-2026-10831,2025-12-05,2025-12-07,CUST-1021,Divya Bose,Home Office,Central,Indore,Office Supplies,Writing Instruments,18.94,3,56.82000000000001,0.05,2.84,53.98,34.2,19.78,36.64,Same Day Priority,UPI / QR,Shipped
ORD-2023-11140,2025-12-05,2025-12-10,CUST-1020,Isha Chopra,Home Office,South,Chennai,Office Supplies,Writing Instruments,14.53,3,43.59,0.0,0.0,43.59,26.43,17.16,39.37,Freight Saver,Corporate Purchase Order,Delivered
ORD-2024-11709,2025-12-05,2025-12-08,CUST-1034,Swati Joshi,Consumer,Central,Nagpur,Office Supplies,Storage Solutions,91.15,3,273.45000000000005,0.0,0.0,273.45,195.36,78.09,28.56,Express Air,Credit Card,Processing
ORD-2026-12215,2025-12-05,2025-12-07,CUST-1031,Sunita Singh,Consumer,West,Mumbai,Furniture,Conference Tables,908.78,4,3635.12,0.0,0.0,3635.12,3257.28,377.84,10.39,Freight Saver,UPI / QR,Processing
ORD-2023-12360,2025-12-05,2025-12-06,CUST-1103,Rahul Singh,Consumer,Central,Jabalpur,Office Supplies,Storage Solutions,70.9,1,70.9,0.0,0.0,0.0,52.69,-7.9,25.68,Freight Saver,Corporate Purchase Order,Returned
ORD-2026-10463,2025-12-06,2025-12-09,CUST-1022,Vikram Patel,Consumer,North,Chandigarh,Technology,Laptops & Desktops,1786.29,4,7145.16,0.0,0.0,7145.16,5599.15,1546.01,21.64,Express Air,Net Banking,Delivered
ORD-2026-10319,2025-12-07,2025-12-11,CUST-1035,Neha Verma,Corporate,East,Patna,Furniture,Office Chairs,334.47,2,668.94,0.1,66.89,602.05,538.54,63.51,10.55,Freight Saver,Net Banking,Shipped
ORD-2024-10333,2025-12-07,2025-12-10,CUST-1012,Manish Deshmukh,Corporate,South,Chennai,Office Supplies,Binders & Organizers,8.21,1,8.21,0.0,0.0,8.21,4.28,3.93,47.87,Freight Saver,Corporate Purchase Order,Shipped
ORD-2024-10349,2025-12-07,2025-12-10,CUST-1141,Aditya Mehta,Consumer,West,Goa,Office Supplies,Binders & Organizers,25.85,2,51.7,0.0,0.0,51.7,24.24,27.46,53.11,Standard Delivery,Net Banking,Delivered
ORD-2023-11112,2025-12-07,2025-12-11,CUST-1148,Priya Sharma,Corporate,South,Kochi,Furniture,Office Chairs,239.0,2,478.0,0.0,0.0,478.0,347.15,130.85,27.37,Same Day Priority,Net Banking,Delivered
ORD-2023-12032,2025-12-07,2025-12-09,CUST-1150,Aditya Nair,Home Office,North,New Delhi,Office Supplies,Binders & Organizers,33.71,3,101.13,0.0,0.0,0.0,60.4,-9.06,40.27,Express Air,Net Banking,Returned
ORD-2024-12105,2025-12-07,2025-12-08,CUST-1131,Ananya Patel,Home Office,West,Goa,Office Supplies,Paper & Envelopes,27.52,2,55.04,0.2,11.01,44.03,28.28,15.75,35.77,Standard Delivery,Net Banking,Processing
ORD-2025-10318,2025-12-08,2025-12-11,CUST-1137,Pooja Rao,Home Office,East,Patna,Furniture,Executive Desks,803.53,1,803.53,0.0,0.0,803.53,691.86,111.67,13.9,Same Day Priority,UPI / QR,Delivered
ORD-2025-12398,2025-12-08,2025-12-10,CUST-1122,Naveen Rao,Consumer,South,Hyderabad,Furniture,Conference Tables,1341.29,3,4023.87,0.15,603.58,0.0,3503.45,-525.52,-2.43,Express Air,Credit Card,Returned
ORD-2026-12439,2025-12-08,2025-12-10,CUST-1133,Rohan Bose,Consumer,Central,Jabalpur,Technology,Laptops & Desktops,2167.23,1,2167.23,0.0,0.0,2167.23,1611.88,555.35,25.62,Express Air,Cash on Delivery,Delivered
ORD-2026-10847,2025-12-09,2025-12-10,CUST-1146,Tanvi Iyer,Consumer,South,Chennai,Furniture,Office Chairs,439.02,1,439.02,0.1,43.9,395.12,320.39,74.73,18.91,Freight Saver,Corporate Purchase Order,Delivered
ORD-2024-11057,2025-12-09,2025-12-11,CUST-1006,Aarav Patel,Consumer,West,Goa,Furniture,Conference Tables,1047.54,1,1047.54,0.1,104.75,0.0,879.83,-131.97,6.68,Freight Saver,Credit Card,Returned
ORD-2023-11340,2025-12-10,2025-12-13,CUST-1134,Sanjay Singh,Corporate,Central,Raipur,Office Supplies,Writing Instruments,15.88,1,15.88,0.1,1.59,14.29,9.52,4.77,33.38,Express Air,Cash on Delivery,Delivered
ORD-2026-12279,2025-12-10,2025-12-14,CUST-1084,Rahul Verma,Consumer,Central,Indore,Furniture,Bookcases & Shelving,320.24,1,320.24,0.25,80.06,240.18,277.49,-37.31,-15.53,Standard Delivery,Cash on Delivery,Delivered
ORD-2024-10665,2025-12-11,2025-12-13,CUST-1057,Karan Sharma,Home Office,East,Patna,Furniture,Executive Desks,367.95,2,735.9,0.0,0.0,735.9,591.71,144.19,19.59,Same Day Priority,Credit Card,Delivered
ORD-2025-11718,2025-12-11,2025-12-12,CUST-1040,Karan Reddy,Corporate,North,Lucknow,Technology,Smartphones & Tablets,490.24,1,490.24,0.0,0.0,490.24,411.09,79.15,16.15,Standard Delivery,Net Banking,Processing
ORD-2023-12380,2025-12-11,2025-12-12,CUST-1102,Priya Choudhury,Consumer,Central,Raipur,Technology,Printers & Scanners,475.38,2,950.76,0.0,0.0,950.76,834.96,115.8,12.18,Freight Saver,Corporate Purchase Order,Delivered
ORD-2025-11598,2025-12-12,2025-12-15,CUST-1091,Ritu Deshmukh,Consumer,North,New Delhi,Furniture,Executive Desks,547.27,1,547.27,0.05,27.36,0.0,456.04,-68.41,12.28,Freight Saver,Credit Card,Returned
ORD-2026-11151,2025-12-13,2025-12-15,CUST-1081,Rahul Joshi,Consumer,North,Lucknow,Office Supplies,Binders & Organizers,29.18,1,29.18,0.1,2.92,26.26,16.31,9.95,37.89,Freight Saver,UPI / QR,Shipped
ORD-2024-11745,2025-12-13,2025-12-15,CUST-1082,Naveen Choudhury,Consumer,South,Bengaluru,Technology,Laptops & Desktops,1063.22,2,2126.44,0.0,0.0,2126.44,1649.94,476.5,22.41,Freight Saver,Corporate Purchase Order,Delivered
ORD-2025-12190,2025-12-13,2025-12-15,CUST-1056,Pooja Deshmukh,Consumer,East,Kolkata,Furniture,Executive Desks,242.59,1,242.59,0.1,24.26,218.33,188.99,29.34,13.44,Freight Saver,Corporate Purchase Order,Delivered
ORD-2025-12426,2025-12-13,2025-12-16,CUST-1021,Divya Bose,Home Office,East,Patna,Furniture,Executive Desks,240.23,2,480.46,0.05,24.02,456.44,379.95,76.49,16.76,Same Day Priority,Net Banking,Delivered
ORD-2023-10640,2025-12-14,2025-12-17,CUST-1079,Sanjay Saxena,Corporate,Central,Raipur,Technology,Audio & Accessories,149.08,4,596.32,0.05,29.82,566.5,374.79,191.71,33.84,Standard Delivery,Credit Card,Delivered
ORD-2024-11625,2025-12-14,2025-12-16,CUST-1008,Aarav Choudhury,Consumer,North,Lucknow,Technology,Audio & Accessories,191.74,1,191.74,0.1,19.17,172.57,119.59,52.98,30.7,Standard Delivery,UPI / QR,Delivered
ORD-2023-11984,2025-12-14,2025-12-17,CUST-1041,Rohan Singh,Home Office,East,Bhubaneswar,Office Supplies,Paper & Envelopes,22.97,1,22.97,0.15,3.45,19.52,11.83,7.69,39.4,Express Air,UPI / QR,Processing
ORD-2023-12136,2025-12-16,2025-12-17,CUST-1019,Preeti Kulkarni,Consumer,West,Mumbai,Furniture,Conference Tables,1306.97,10,13069.7,0.0,0.0,13069.7,11731.85,1337.85,10.24,Standard Delivery,Net Banking,Delivered
ORD-2026-11475,2025-12-17,2025-12-19,CUST-1112,Priya Menon,Home Office,Central,Bhopal,Office Supplies,Binders & Organizers,23.29,8,186.32,0.15,27.95,158.37,118.13,40.24,25.41,Same Day Priority,Cash on Delivery,Delivered
ORD-2026-11147,2025-12-18,2025-12-20,CUST-1027,Kavita Bose,Consumer,East,Patna,Technology,Laptops & Desktops,1915.26,1,1915.26,0.25,478.81,0.0,1495.84,-224.38,-4.13,Same Day Priority,Net Banking,Returned
ORD-2024-11173,2025-12-18,2025-12-20,CUST-1087,Aditya Malhotra,Consumer,North,Jaipur,Office Supplies,Writing Instruments,12.37,1,12.37,0.05,0.62,0.0,6.75,-1.01,42.55,Same Day Priority,UPI / QR,Returned
ORD-2026-11887,2025-12-18,2025-12-19,CUST-1090,Tanvi Singh,Corporate,East,Patna,Technology,Laptops & Desktops,1015.27,3,3045.81,0.25,761.45,2284.36,2254.45,29.91,1.31,Standard Delivery,Cash on Delivery,Delivered
ORD-2024-11473,2025-12-19,2025-12-21,CUST-1116,Preeti Saxena,Consumer,North,Lucknow,Technology,Audio & Accessories,157.6,2,315.2,0.2,63.04,0.0,219.84,-32.98,12.82,Same Day Priority,UPI / QR,Returned
ORD-2025-10098,2025-12-20,2025-12-22,CUST-1081,Rahul Joshi,Consumer,East,Bhubaneswar,Office Supplies,Paper & Envelopes,35.22,2,70.44,0.0,0.0,70.44,41.4,29.04,41.23,Same Day Priority,Net Banking,Processing
ORD-2023-11712,2025-12-20,2025-12-25,CUST-1024,Rahul Singh,Consumer,West,Goa,Furniture,Bookcases & Shelving,331.47,4,1325.88,0.15,198.88,1127.0,1036.04,90.96,8.07,Same Day Priority,Corporate Purchase Order,Shipped
ORD-2025-10138,2025-12-21,2025-12-22,CUST-1063,Deepak Nair,Home Office,East,Bhubaneswar,Technology,Laptops & Desktops,2075.56,3,6226.68,0.0,0.0,6226.68,4654.7,1571.98,25.25,Express Air,UPI / QR,Delivered
ORD-2023-10068,2025-12-22,2025-12-23,CUST-1108,Pooja Deshmukh,Home Office,West,Ahmedabad,Technology,Audio & Accessories,152.67,3,458.01,0.05,22.9,435.11,335.73,99.38,22.84,Standard Delivery,Credit Card,Delivered
ORD-2025-10182,2025-12-22,2025-12-24,CUST-1043,Sunita Menon,Corporate,West,Ahmedabad,Office Supplies,Binders & Organizers,32.6,2,65.2,0.05,3.26,0.0,39.55,-5.93,36.15,Standard Delivery,Credit Card,Returned
ORD-2023-10676,2025-12-22,2025-12-24,CUST-1047,Deepak Verma,Consumer,West,Pune,Office Supplies,Writing Instruments,17.12,1,17.12,0.15,2.57,14.55,11.06,3.49,23.99,Freight Saver,Net Banking,Delivered
ORD-2023-10808,2025-12-22,2025-12-25,CUST-1047,Deepak Verma,Consumer,East,Bhubaneswar,Office Supplies,Storage Solutions,71.57,2,143.14,0.05,7.16,135.98,102.84,33.14,24.37,Same Day Priority,UPI / QR,Delivered
ORD-2025-10922,2025-12-22,2025-12-24,CUST-1137,Pooja Rao,Home Office,East,Guwahati,Technology,Smartphones & Tablets,599.58,1,599.58,0.0,0.0,599.58,471.61,127.97,21.34,Express Air,Credit Card,Shipped
ORD-2024-12289,2025-12-22,2025-12-23,CUST-1095,Priya Mehta,Consumer,North,Dehradun,Technology,Printers & Scanners,159.66,3,478.98,0.0,0.0,478.98,420.1,58.88,12.29,Standard Delivery,Corporate Purchase Order,Processing
ORD-2023-10052,2025-12-23,2025-12-25,CUST-1070,Tanvi Patel,Home Office,South,Hyderabad,Office Supplies,Storage Solutions,116.9,1,116.9,0.15,17.54,99.36,79.42,19.94,20.07,Freight Saver,UPI / QR,Delivered
ORD-2023-10120,2025-12-23,2025-12-24,CUST-1060,Preeti Mehta,Home Office,North,New Delhi,Furniture,Conference Tables,465.63,3,1396.89,0.0,0.0,1396.89,1180.32,216.57,15.5,Express Air,Corporate Purchase Order,Processing
ORD-2023-10240,2025-12-23,2025-12-24,CUST-1002,Sunita Iyer,Consumer,South,Chennai,Furniture,Bookcases & Shelving,186.75,1,186.75,0.05,9.34,177.41,157.48,19.93,11.23,Standard Delivery,UPI / QR,Delivered
ORD-2024-10889,2025-12-25,2025-12-26,CUST-1071,Deepak Reddy,Consumer,Central,Jabalpur,Technology,Printers & Scanners,200.16,3,600.48,0.0,0.0,600.48,528.03,72.45,12.07,Freight Saver,Corporate Purchase Order,Delivered
ORD-2024-10869,2025-12-26,2025-12-28,CUST-1104,Meera Malhotra,Corporate,West,Surat,Technology,Printers & Scanners,220.64,4,882.56,0.05,44.13,838.43,776.36,62.07,7.4,Same Day Priority,Corporate Purchase Order,Processing
ORD-2026-11263,2025-12-26,2025-12-29,CUST-1059,Deepak Nair,Home Office,Central,Bhopal,Office Supplies,Binders & Organizers,34.55,1,34.55,0.0,0.0,34.55,15.63,18.92,54.76,Freight Saver,Cash on Delivery,Shipped
ORD-2024-11397,2025-12-27,2025-12-30,CUST-1134,Sanjay Singh,Corporate,Central,Nagpur,Technology,Smartphones & Tablets,382.89,1,382.89,0.15,57.43,325.46,303.59,21.87,6.72,Express Air,UPI / QR,Processing
ORD-2025-11978,2025-12-27,2025-12-28,CUST-1067,Sanjay Chopra,Consumer,West,Pune,Technology,Smartphones & Tablets,549.41,1,549.41,0.1,54.94,0.0,418.85,-62.83,15.29,Freight Saver,Credit Card,Returned
ORD-2024-11981,2025-12-27,2025-12-28,CUST-1026,Rajesh Bose,Consumer,North,Dehradun,Office Supplies,Storage Solutions,59.25,2,118.5,0.1,11.85,106.65,89.24,17.41,16.32,Freight Saver,Corporate Purchase Order,Processing
ORD-2025-11498,2025-12-28,2026-01-01,CUST-1014,Deepak Joshi,Consumer,North,Chandigarh,Technology,Printers & Scanners,194.65,1,194.65,0.0,0.0,194.65,171.06,23.59,12.12,Freight Saver,Corporate Purchase Order,Processing
ORD-2023-10968,2025-12-30,2025-12-31,CUST-1044,Sanjay Menon,Corporate,East,Patna,Technology,Laptops & Desktops,1694.91,1,1694.91,0.0,0.0,1694.91,1379.92,314.99,18.58,Freight Saver,Cash on Delivery,Delivered
ORD-2023-10884,2025-12-31,2026-01-04,CUST-1138,Amit Sharma,Home Office,North,New Delhi,Furniture,Executive Desks,383.52,3,1150.56,0.0,0.0,1150.56,873.91,276.65,24.04,Express Air,Credit Card,Processing
ORD-2026-11679,2025-12-31,2026-01-04,CUST-1037,Vikram Menon,Home Office,North,Chandigarh,Technology,Smartphones & Tablets,317.35,1,317.35,0.1,31.74,285.61,269.74,15.87,5.56,Freight Saver,Cash on Delivery,Delivered
ORD-2025-10714,2026-01-01,2026-01-05,CUST-1097,Neha Gupta,Consumer,East,Kolkata,Technology,Smartphones & Tablets,801.95,2,1603.9,0.05,80.2,1523.7,1346.73,176.97,11.61,Freight Saver,Cash on Delivery,Delivered
ORD-2024-11905,2026-01-01,2026-01-04,CUST-1044,Sanjay Menon,Corporate,East,Bhubaneswar,Technology,Smartphones & Tablets,848.11,1,848.11,0.1,84.81,763.3,688.09,75.21,9.85,Standard Delivery,Corporate Purchase Order,Delivered
ORD-2026-11159,2026-01-02,2026-01-04,CUST-1011,Aditya Sharma,Consumer,East,Kolkata,Office Supplies,Writing Instruments,8.99,5,44.95,0.05,2.25,42.7,22.78,19.92,46.65,Standard Delivery,Cash on Delivery,Processing
ORD-2024-11617,2026-01-03,2026-01-08,CUST-1126,Vikram Joshi,Consumer,North,Dehradun,Technology,Audio & Accessories,194.18,3,582.54,0.1,58.25,524.29,409.71,114.58,21.85,Standard Delivery,Corporate Purchase Order,Processing
ORD-2025-11998,2026-01-03,2026-01-08,CUST-1029,Preeti Patel,Home Office,Central,Indore,Technology,Audio & Accessories,65.64,1,65.64,0.05,3.28,62.36,44.73,17.63,28.27,Same Day Priority,Corporate Purchase Order,Delivered
ORD-2023-11344,2026-01-04,2026-01-05,CUST-1059,Deepak Nair,Home Office,South,Chennai,Technology,Laptops & Desktops,1043.88,2,2087.76,0.0,0.0,2087.76,1667.82,419.94,20.11,Express Air,Cash on Delivery,Processing
ORD-2026-10875,2026-01-05,2026-01-06,CUST-1137,Pooja Rao,Home Office,North,Lucknow,Furniture,Office Chairs,188.4,1,188.4,0.15,28.26,160.14,138.41,21.73,13.57,Same Day Priority,Corporate Purchase Order,Processing
ORD-2026-10271,2026-01-06,2026-01-08,CUST-1017,Aditya Verma,Home Office,South,Chennai,Office Supplies,Storage Solutions,104.39,1,104.39,0.15,15.66,88.73,69.75,18.98,21.39,Freight Saver,UPI / QR,Processing
ORD-2026-10587,2026-01-06,2026-01-08,CUST-1018,Karan Choudhury,Consumer,South,Kochi,Furniture,Office Chairs,448.27,1,448.27,0.0,0.0,448.27,329.49,118.78,26.5,Same Day Priority,Corporate Purchase Order,Delivered
ORD-2023-11804,2026-01-06,2026-01-11,CUST-1036,Siddharth Iyer,Consumer,Central,Raipur,Technology,Audio & Accessories,33.44,3,100.32,0.1,10.03,90.29,67.37,22.92,25.38,Standard Delivery,Corporate Purchase Order,Delivered
ORD-2023-12448,2026-01-06,2026-01-07,CUST-1036,Siddharth Iyer,Consumer,Central,Indore,Technology,Smartphones & Tablets,513.03,2,1026.06,0.0,0.0,1026.06,779.47,246.59,24.03,Express Air,Corporate Purchase Order,Delivered
ORD-2026-10007,2026-01-07,2026-01-10,CUST-1051,Karan Saxena,Corporate,East,Ranchi,Technology,Audio & Accessories,135.94,2,271.88,0.0,0.0,271.88,154.97,116.91,43.0,Same Day Priority,Corporate Purchase Order,Delivered
ORD-2023-12028,2026-01-07,2026-01-08,CUST-1022,Vikram Patel,Consumer,South,Chennai,Office Supplies,Paper & Envelopes,35.87,2,71.74,0.0,0.0,71.74,47.5,24.24,33.79,Freight Saver,Net Banking,Delivered
ORD-2023-11624,2026-01-09,2026-01-10,CUST-1017,Aditya Verma,Home Office,West,Pune,Furniture,Executive Desks,650.48,1,650.48,0.0,0.0,0.0,500.53,-75.08,23.05,Same Day Priority,Net Banking,Returned
ORD-2025-10082,2026-01-10,2026-01-14,CUST-1135,Pooja Nair,Corporate,North,Jaipur,Office Supplies,Binders & Organizers,22.92,1,22.92,0.0,0.0,22.92,11.72,11.2,48.87,Express Air,Corporate Purchase Order,Delivered
ORD-2025-10422,2026-01-10,2026-01-12,CUST-1119,Divya Patel,Home Office,South,Hyderabad,Technology,Laptops & Desktops,1874.58,2,3749.16,0.2,749.83,2999.33,2896.45,102.88,3.43,Express Air,Credit Card,Processing
ORD-2023-10476,2026-01-10,2026-01-12,CUST-1107,Siddharth Iyer,Corporate,West,Ahmedabad,Furniture,Conference Tables,1122.29,2,2244.58,0.15,336.69,1907.89,1879.2,28.69,1.5,Express Air,Cash on Delivery,Delivered
ORD-2025-11626,2026-01-10,2026-01-11,CUST-1029,Preeti Patel,Home Office,Central,Raipur,Office Supplies,Binders & Organizers,28.99,1,28.99,0.0,0.0,28.99,15.61,13.38,46.15,Express Air,UPI / QR,Delivered
ORD-2025-10270,2026-01-11,2026-01-14,CUST-1007,Neha Saxena,Home Office,Central,Nagpur,Furniture,Conference Tables,909.83,1,909.83,0.1,90.98,818.85,789.7,29.15,3.56,Standard Delivery,UPI / QR,Delivered
ORD-2026-11411,2026-01-11,2026-01-13,CUST-1018,Karan Choudhury,Consumer,Central,Bhopal,Technology,Smartphones & Tablets,1066.09,2,2132.18,0.0,0.0,2132.18,1801.24,330.94,15.52,Same Day Priority,UPI / QR,Delivered
ORD-2023-11792,2026-01-11,2026-01-12,CUST-1019,Preeti Kulkarni,Consumer,North,Jaipur,Technology,Audio & Accessories,184.71,3,554.13,0.0,0.0,0.0,382.21,-57.33,31.03,Same Day Priority,Credit Card,Returned
ORD-2025-11350,2026-01-13,2026-01-17,CUST-1018,Karan Choudhury,Consumer,Central,Raipur,Technology,Smartphones & Tablets,753.99,3,2261.9700000000003,0.0,0.0,2261.97,1895.87,366.1,16.19,Freight Saver,UPI / QR,Shipped
ORD-2025-12278,2026-01-14,2026-01-17,CUST-1142,Sunita Choudhury,Consumer,South,Coimbatore,Office Supplies,Binders & Organizers,12.3,1,12.3,0.1,1.23,11.07,5.93,5.14,46.43,Freight Saver,Credit Card,Delivered
ORD-2023-11312,2026-01-15,2026-01-20,CUST-1096,Siddharth Joshi,Consumer,North,Lucknow,Technology,Audio & Accessories,190.31,2,380.62,0.1,38.06,342.56,280.97,61.59,17.98,Standard Delivery,Cash on Delivery,Delivered
ORD-2025-10330,2026-01-16,2026-01-19,CUST-1049,Meera Rao,Consumer,Central,Indore,Furniture,Bookcases & Shelving,317.04,1,317.04,0.15,47.56,269.48,244.2,25.28,9.38,Express Air,UPI / QR,Shipped
ORD-2024-12073,2026-01-16,2026-01-21,CUST-1049,Meera Rao,Consumer,South,Bengaluru,Furniture,Bookcases & Shelving,247.38,2,494.76,0.2,98.95,395.81,394.49,1.32,0.33,Express Air,Corporate Purchase Order,Shipped
ORD-2024-12377,2026-01-16,2026-01-19,CUST-1142,Sunita Choudhury,Consumer,West,Mumbai,Office Supplies,Paper & Envelopes,39.0,2,78.0,0.05,3.9,74.1,39.81,34.29,46.28,Express Air,UPI / QR,Delivered
ORD-2023-12384,2026-01-17,2026-01-19,CUST-1060,Preeti Mehta,Home Office,North,Chandigarh,Technology,Audio & Accessories,64.95,1,64.95,0.15,9.74,55.21,45.11,10.1,18.29,Standard Delivery,UPI / QR,Shipped
ORD-2024-10713,2026-01-18,2026-01-23,CUST-1021,Divya Bose,Home Office,Central,Raipur,Technology,Smartphones & Tablets,1086.73,2,2173.46,0.1,217.35,1956.11,1806.89,149.22,7.63,Express Air,Net Banking,Delivered
ORD-2023-11500,2026-01-18,2026-01-20,CUST-1003,Neha Reddy,Home Office,East,Ranchi,Furniture,Bookcases & Shelving,99.31,1,99.31,0.0,0.0,0.0,83.42,-12.51,16.0,Standard Delivery,UPI / QR,Returned
ORD-2025-12178,2026-01-18,2026-01-20,CUST-1080,Ananya Singh,Consumer,South,Chennai,Furniture,Executive Desks,475.98,3,1427.94,0.2,285.59,1142.35,1120.61,21.74,1.9,Same Day Priority,Cash on Delivery,Delivered
ORD-2024-10285,2026-01-19,2026-01-21,CUST-1097,Neha Gupta,Consumer,West,Ahmedabad,Furniture,Office Chairs,271.17,1,271.17,0.2,54.23,216.94,209.49,7.45,3.43,Same Day Priority,Net Banking,Delivered
ORD-2025-12366,2026-01-19,2026-01-20,CUST-1078,Rajesh Bose,Corporate,North,Chandigarh,Technology,Laptops & Desktops,1283.33,2,2566.66,0.0,0.0,2566.66,2048.96,517.7,20.17,Standard Delivery,Cash on Delivery,Delivered
ORD-2024-10745,2026-01-20,2026-01-24,CUST-1116,Preeti Saxena,Consumer,Central,Indore,Technology,Audio & Accessories,180.96,1,180.96,0.05,9.05,171.91,99.75,72.16,41.98,Same Day Priority,Credit Card,Delivered
ORD-2024-11253,2026-01-22,2026-01-27,CUST-1022,Vikram Patel,Consumer,South,Hyderabad,Furniture,Conference Tables,1385.96,4,5543.84,0.0,0.0,5543.84,4743.06,800.78,14.44,Standard Delivery,Cash on Delivery,Shipped
ORD-2023-10048,2026-01-24,2026-01-25,CUST-1114,Arjun Verma,Consumer,East,Guwahati,Technology,Printers & Scanners,460.64,2,921.28,0.0,0.0,921.28,718.66,202.62,21.99,Freight Saver,UPI / QR,Delivered
ORD-2026-10575,2026-01-24,2026-01-27,CUST-1071,Deepak Reddy,Consumer,South,Bengaluru,Technology,Audio & Accessories,36.51,1,36.51,0.0,0.0,36.51,24.98,11.53,31.58,Same Day Priority,Net Banking,Delivered
ORD-2023-11096,2026-01-24,2026-01-29,CUST-1005,Naveen Deshmukh,Consumer,Central,Nagpur,Office Supplies,Paper & Envelopes,26.38,2,52.76,0.05,2.64,50.12,31.1,19.02,37.95,Standard Delivery,Credit Card,Delivered
ORD-2023-12432,2026-01-26,2026-01-30,CUST-1146,Tanvi Iyer,Consumer,West,Surat,Office Supplies,Paper & Envelopes,24.15,1,24.15,0.1,2.42,21.73,15.26,6.47,29.77,Freight Saver,Corporate Purchase Order,Delivered
ORD-2023-11668,2026-01-27,2026-01-29,CUST-1090,Tanvi Singh,Corporate,East,Guwahati,Technology,Audio & Accessories,159.56,1,159.56,0.05,7.98,151.58,92.0,59.58,39.31,Same Day Priority,Credit Card,Delivered
ORD-2024-11841,2026-01-27,2026-01-29,CUST-1054,Sanjay Choudhury,Corporate,North,Chandigarh,Technology,Audio & Accessories,64.77,4,259.08,0.05,12.95,246.13,169.49,76.64,31.14,Freight Saver,Corporate Purchase Order,Shipped
ORD-2023-12180,2026-01-27,2026-01-28,CUST-1079,Sanjay Saxena,Corporate,East,Ranchi,Furniture,Executive Desks,531.61,1,531.61,0.1,53.16,478.45,424.0,54.45,11.38,Standard Delivery,Corporate Purchase Order,Delivered
ORD-2023-12472,2026-01-27,2026-01-28,CUST-1019,Preeti Kulkarni,Consumer,West,Goa,Technology,Printers & Scanners,279.39,2,558.78,0.05,27.94,530.84,451.86,78.98,14.88,Same Day Priority,Net Banking,Delivered
ORD-2024-11713,2026-01-28,2026-01-30,CUST-1006,Aarav Patel,Consumer,West,Pune,Technology,Printers & Scanners,476.22,1,476.22,0.05,23.81,452.41,397.63,54.78,12.11,Standard Delivery,Credit Card,Delivered
ORD-2024-12333,2026-01-29,2026-02-02,CUST-1084,Rahul Verma,Consumer,South,Coimbatore,Office Supplies,Paper & Envelopes,32.39,1,32.39,0.0,0.0,32.39,16.28,16.11,49.74,Express Air,Corporate Purchase Order,Shipped
ORD-2024-11433,2026-01-30,2026-01-31,CUST-1057,Karan Sharma,Home Office,West,Surat,Furniture,Executive Desks,729.67,1,729.67,0.0,0.0,729.67,635.17,94.5,12.95,Express Air,Cash on Delivery,Delivered
ORD-2024-12181,2026-01-30,2026-02-01,CUST-1092,Ananya Mehta,Home Office,Central,Jabalpur,Furniture,Office Chairs,375.26,1,375.26,0.0,0.0,375.26,266.71,108.55,28.93,Express Air,Credit Card,Delivered
ORD-2025-10374,2026-01-31,2026-02-02,CUST-1002,Sunita Iyer,Consumer,North,Jaipur,Technology,Laptops & Desktops,1931.27,1,1931.27,0.15,289.69,0.0,1405.52,-210.83,14.38,Freight Saver,Corporate Purchase Order,Returned
ORD-2024-10653,2026-01-31,2026-02-02,CUST-1033,Preeti Choudhury,Consumer,East,Ranchi,Furniture,Conference Tables,501.13,5,2505.65,0.15,375.85,2129.8,2223.48,-93.68,-4.4,Same Day Priority,Cash on Delivery,Delivered
ORD-2023-11172,2026-02-01,2026-02-03,CUST-1097,Neha Gupta,Consumer,East,Ranchi,Furniture,Executive Desks,211.2,2,422.4,0.05,21.12,0.0,337.58,-50.64,15.87,Express Air,Credit Card,Returned
ORD-2026-10719,2026-02-03,2026-02-06,CUST-1120,Shweta Singh,Corporate,West,Surat,Furniture,Conference Tables,1410.7,1,1410.7,0.0,0.0,1410.7,1150.28,260.42,18.46,Same Day Priority,Corporate Purchase Order,Delivered
ORD-2024-10165,2026-02-04,2026-02-05,CUST-1144,Vikram Joshi,Consumer,West,Surat,Technology,Printers & Scanners,433.39,1,433.39,0.1,43.34,390.05,364.24,25.81,6.62,Express Air,Corporate Purchase Order,Shipped
ORD-2026-11715,2026-02-04,2026-02-06,CUST-1120,Shweta Singh,Corporate,West,Goa,Technology,Audio & Accessories,42.0,3,126.0,0.05,6.3,119.7,86.59,33.11,27.66,Express Air,Cash on Delivery,Shipped
ORD-2026-11799,2026-02-04,2026-02-05,CUST-1092,Ananya Mehta,Home Office,South,Bengaluru,Furniture,Executive Desks,559.18,1,559.18,0.1,55.92,503.26,449.57,53.69,10.67,Freight Saver,Net Banking,Delivered
ORD-2024-10485,2026-02-05,2026-02-07,CUST-1093,Meera Bose,Corporate,North,Dehradun,Office Supplies,Storage Solutions,61.9,4,247.6,0.0,0.0,247.6,161.76,85.84,34.67,Same Day Priority,Net Banking,Delivered
ORD-2026-11135,2026-02-05,2026-02-06,CUST-1135,Pooja Nair,Corporate,Central,Bhopal,Technology,Audio & Accessories,123.31,3,369.93,0.0,0.0,0.0,241.16,-36.17,34.81,Express Air,Credit Card,Returned
ORD-2026-11935,2026-02-06,2026-02-10,CUST-1070,Tanvi Patel,Home Office,South,Bengaluru,Technology,Audio & Accessories,71.59,3,214.77,0.0,0.0,214.77,131.11,83.66,38.95,Same Day Priority,Corporate Purchase Order,Delivered
ORD-2025-10526,2026-02-07,2026-02-11,CUST-1081,Rahul Joshi,Consumer,East,Kolkata,Office Supplies,Binders & Organizers,26.01,1,26.01,0.0,0.0,0.0,14.07,-2.11,45.91,Freight Saver,Net Banking,Returned
ORD-2025-10462,2026-02-08,2026-02-10,CUST-1110,Manish Malhotra,Consumer,South,Bengaluru,Office Supplies,Storage Solutions,114.21,1,114.21,0.0,0.0,114.21,79.82,34.39,30.11,Standard Delivery,Corporate Purchase Order,Delivered
ORD-2023-10544,2026-02-10,2026-02-13,CUST-1033,Preeti Choudhury,Consumer,East,Guwahati,Furniture,Office Chairs,393.12,2,786.24,0.15,117.94,668.3,651.51,16.79,2.51,Express Air,Credit Card,Shipped
ORD-2026-12243,2026-02-11,2026-02-15,CUST-1118,Shweta Nair,Consumer,North,Chandigarh,Technology,Smartphones & Tablets,1034.37,1,1034.37,0.05,51.72,982.65,839.74,142.91,14.54,Freight Saver,Net Banking,Delivered
ORD-2023-10340,2026-02-13,2026-02-15,CUST-1147,Rahul Deshmukh,Corporate,South,Bengaluru,Technology,Audio & Accessories,56.54,1,56.54,0.15,8.48,48.06,39.58,8.48,17.64,Same Day Priority,Net Banking,Delivered
ORD-2024-12353,2026-02-14,2026-02-17,CUST-1065,Divya Joshi,Corporate,East,Ranchi,Office Supplies,Paper & Envelopes,33.6,2,67.2,0.0,0.0,67.2,46.53,20.67,30.76,Express Air,Net Banking,Delivered
ORD-2025-12370,2026-02-14,2026-02-17,CUST-1142,Sunita Choudhury,Consumer,North,Jaipur,Technology,Smartphones & Tablets,501.41,1,501.41,0.05,25.07,476.34,399.76,76.58,16.08,Freight Saver,Credit Card,Delivered
ORD-2023-10732,2026-02-17,2026-02-21,CUST-1063,Deepak Nair,Home Office,South,Bengaluru,Technology,Printers & Scanners,177.12,1,177.12,0.0,0.0,177.12,141.37,35.75,20.18,Express Air,Corporate Purchase Order,Delivered
ORD-2024-11077,2026-02-17,2026-02-19,CUST-1085,Rahul Verma,Corporate,East,Guwahati,Technology,Audio & Accessories,167.05,3,501.15,0.0,0.0,501.15,294.18,206.97,41.3,Freight Saver,Corporate Purchase Order,Delivered
ORD-2026-11795,2026-02-17,2026-02-19,CUST-1030,Rajesh Nair,Home Office,South,Bengaluru,Technology,Printers & Scanners,262.76,4,1051.04,0.0,0.0,0.0,849.19,-127.38,19.2,Standard Delivery,Net Banking,Returned
ORD-2026-11675,2026-02-19,2026-02-21,CUST-1141,Aditya Mehta,Consumer,North,Jaipur,Furniture,Office Chairs,365.64,8,2925.12,0.25,731.28,2193.84,2181.82,12.02,0.55,Freight Saver,UPI / QR,Shipped
ORD-2026-11311,2026-02-20,2026-02-23,CUST-1072,Swati Malhotra,Home Office,North,New Delhi,Technology,Smartphones & Tablets,428.73,1,428.73,0.05,21.44,407.29,360.56,46.73,11.47,Freight Saver,UPI / QR,Delivered
ORD-2025-11394,2026-02-20,2026-02-24,CUST-1086,Rahul Saxena,Consumer,Central,Raipur,Technology,Audio & Accessories,100.37,1,100.37,0.0,0.0,100.37,68.64,31.73,31.61,Same Day Priority,Net Banking,Processing
ORD-2025-11842,2026-02-21,2026-02-25,CUST-1057,Karan Sharma,Home Office,East,Patna,Technology,Audio & Accessories,167.87,3,503.61,0.0,0.0,503.61,365.04,138.57,27.52,Same Day Priority,Net Banking,Delivered
ORD-2023-10352,2026-02-22,2026-02-27,CUST-1006,Aarav Patel,Consumer,North,Chandigarh,Office Supplies,Writing Instruments,11.0,1,11.0,0.0,0.0,11.0,6.94,4.06,36.91,Same Day Priority,Net Banking,Processing
ORD-2023-10696,2026-02-22,2026-02-23,CUST-1027,Kavita Bose,Consumer,East,Ranchi,Technology,Printers & Scanners,534.22,1,534.22,0.15,80.13,454.09,434.37,19.72,4.34,Same Day Priority,Corporate Purchase Order,Delivered
ORD-2024-11097,2026-02-22,2026-02-25,CUST-1046,Amit Malhotra,Consumer,Central,Indore,Technology,Printers & Scanners,185.85,2,371.7,0.2,74.34,297.36,326.33,-28.97,-9.74,Express Air,Net Banking,Delivered
ORD-2023-11952,2026-02-22,2026-02-24,CUST-1121,Ananya Menon,Consumer,Central,Jabalpur,Technology,Audio & Accessories,166.26,1,166.26,0.2,33.25,0.0,96.61,-14.49,27.37,Same Day Priority,UPI / QR,Returned
ORD-2025-12134,2026-02-23,2026-02-25,CUST-1150,Aditya Nair,Home Office,Central,Jabalpur,Technology,Audio & Accessories,117.85,2,235.7,0.15,35.35,200.35,165.16,35.19,17.56,Standard Delivery,UPI / QR,Delivered
ORD-2024-10065,2026-02-24,2026-02-26,CUST-1032,Karan Kulkarni,Corporate,West,Ahmedabad,Office Supplies,Storage Solutions,107.47,3,322.41,0.2,64.48,257.93,228.89,29.04,11.26,Same Day Priority,UPI / QR,Shipped
ORD-2025-10978,2026-02-24,2026-02-25,CUST-1039,Tanvi Kulkarni,Home Office,South,Kochi,Technology,Printers & Scanners,221.23,2,442.46,0.05,22.12,420.34,345.86,74.48,17.72,Express Air,UPI / QR,Processing
ORD-2025-11774,2026-02-24,2026-02-28,CUST-1107,Siddharth Iyer,Corporate,West,Mumbai,Furniture,Office Chairs,356.76,1,356.76,0.1,35.68,321.08,301.13,19.95,6.21,Same Day Priority,Credit Card,Delivered
ORD-2026-11883,2026-02-25,2026-03-02,CUST-1017,Aditya Verma,Home Office,West,Pune,Technology,Audio & Accessories,48.69,1,48.69,0.0,0.0,48.69,29.73,18.96,38.94,Standard Delivery,Net Banking,Delivered
ORD-2023-10372,2026-02-26,2026-02-28,CUST-1128,Swati Chopra,Corporate,West,Pune,Office Supplies,Binders & Organizers,26.26,8,210.08,0.0,0.0,0.0,135.54,-20.33,35.48,Standard Delivery,Credit Card,Returned
ORD-2024-12281,2026-02-26,2026-03-02,CUST-1050,Siddharth Kulkarni,Home Office,South,Chennai,Furniture,Office Chairs,175.5,1,175.5,0.0,0.0,175.5,139.59,35.91,20.46,Same Day Priority,Corporate Purchase Order,Delivered
ORD-2025-10302,2026-02-27,2026-03-01,CUST-1063,Deepak Nair,Home Office,East,Ranchi,Furniture,Office Chairs,258.33,1,258.33,0.0,0.0,0.0,189.02,-28.35,26.83,Express Air,Credit Card,Returned
ORD-2025-10762,2026-02-27,2026-03-01,CUST-1036,Siddharth Iyer,Consumer,East,Patna,Office Supplies,Paper & Envelopes,41.9,2,83.8,0.0,0.0,83.8,50.75,33.05,39.44,Express Air,Cash on Delivery,Processing
ORD-2026-11019,2026-02-27,2026-03-01,CUST-1040,Karan Reddy,Corporate,South,Bengaluru,Technology,Printers & Scanners,163.45,2,326.9,0.15,49.03,277.87,274.19,3.68,1.32,Standard Delivery,Cash on Delivery,Delivered
ORD-2023-11772,2026-02-27,2026-03-01,CUST-1068,Priya Singh,Home Office,North,New Delhi,Office Supplies,Storage Solutions,71.89,1,71.89,0.0,0.0,71.89,54.8,17.09,23.77,Standard Delivery,UPI / QR,Delivered
ORD-2025-12258,2026-02-27,2026-03-02,CUST-1022,Vikram Patel,Consumer,West,Mumbai,Technology,Audio & Accessories,178.81,5,894.05,0.0,0.0,894.05,657.25,236.8,26.49,Express Air,Cash on Delivery,Delivered
ORD-2025-12354,2026-02-28,2026-03-02,CUST-1072,Swati Malhotra,Home Office,Central,Nagpur,Technology,Printers & Scanners,155.2,2,310.4,0.15,46.56,0.0,262.83,-39.42,0.38,Standard Delivery,Corporate Purchase Order,Returned
ORD-2026-11467,2026-03-02,2026-03-06,CUST-1092,Ananya Mehta,Home Office,West,Surat,Technology,Audio & Accessories,177.79,2,355.58,0.1,35.56,320.02,235.2,84.82,26.5,Freight Saver,Credit Card,Shipped
ORD-2023-11900,2026-03-02,2026-03-04,CUST-1116,Preeti Saxena,Consumer,West,Mumbai,Furniture,Bookcases & Shelving,197.34,2,394.68,0.1,39.47,355.21,312.79,42.42,11.94,Same Day Priority,Credit Card,Delivered
ORD-2023-10536,2026-03-04,2026-03-06,CUST-1087,Aditya Malhotra,Consumer,West,Surat,Office Supplies,Binders & Organizers,27.86,2,55.72,0.05,2.79,0.0,31.2,-4.68,41.05,Freight Saver,Credit Card,Returned
ORD-2024-11337,2026-03-04,2026-03-08,CUST-1023,Swati Singh,Corporate,South,Coimbatore,Office Supplies,Storage Solutions,54.61,1,54.61,0.0,0.0,0.0,36.78,-5.52,32.65,Freight Saver,Credit Card,Returned
ORD-2026-11171,2026-03-05,2026-03-08,CUST-1088,Isha Reddy,Home Office,North,Dehradun,Office Supplies,Binders & Organizers,17.19,3,51.57000000000001,0.05,2.58,0.0,32.01,-4.8,34.66,Same Day Priority,UPI / QR,Returned
ORD-2024-10149,2026-03-06,2026-03-08,CUST-1012,Manish Deshmukh,Corporate,North,Jaipur,Office Supplies,Paper & Envelopes,14.64,4,58.56,0.0,0.0,58.56,38.57,19.99,34.14,Express Air,Corporate Purchase Order,Delivered
ORD-2026-10975,2026-03-08,2026-03-11,CUST-1070,Tanvi Patel,Home Office,Central,Indore,Furniture,Executive Desks,313.01,1,313.01,0.0,0.0,313.01,247.04,65.97,21.08,Freight Saver,Net Banking,Shipped
ORD-2025-11526,2026-03-08,2026-03-11,CUST-1110,Manish Malhotra,Consumer,North,Jaipur,Technology,Laptops & Desktops,1647.78,1,1647.78,0.05,82.39,1565.39,1289.51,275.88,17.62,Freight Saver,Corporate Purchase Order,Delivered
ORD-2024-12117,2026-03-09,2026-03-11,CUST-1106,Sneha Kulkarni,Consumer,East,Patna,Furniture,Conference Tables,525.49,2,1050.98,0.1,105.1,945.88,908.13,37.75,3.99,Freight Saver,Credit Card,Delivered
ORD-2024-10785,2026-03-10,2026-03-13,CUST-1068,Priya Singh,Home Office,South,Kochi,Furniture,Conference Tables,360.2,1,360.2,0.0,0.0,360.2,301.21,58.99,16.38,Express Air,Corporate Purchase Order,Delivered
ORD-2025-10034,2026-03-11,2026-03-16,CUST-1113,Isha Verma,Home Office,North,Lucknow,Furniture,Conference Tables,1434.08,2,2868.16,0.05,143.41,2724.75,2558.27,166.48,6.11,Standard Delivery,Corporate Purchase Order,Processing
ORD-2025-11314,2026-03-12,2026-03-13,CUST-1012,Manish Deshmukh,Corporate,North,Lucknow,Technology,Printers & Scanners,417.14,2,834.28,0.0,0.0,834.28,693.8,140.48,16.84,Standard Delivery,Cash on Delivery,Shipped
ORD-2024-11453,2026-03-12,2026-03-13,CUST-1123,Divya Patel,Corporate,North,New Delhi,Furniture,Executive Desks,510.83,2,1021.66,0.0,0.0,1021.66,902.18,119.48,11.69,Express Air,Corporate Purchase Order,Delivered
ORD-2023-10084,2026-03-14,2026-03-21,CUST-1119,Divya Patel,Home Office,East,Ranchi,Furniture,Conference Tables,1461.21,3,4383.63,0.15,657.54,3726.09,3884.6,-158.51,-4.25,Same Day Priority,UPI / QR,Processing
ORD-2024-10341,2026-03-14,2026-03-16,CUST-1056,Pooja Deshmukh,Consumer,North,Jaipur,Office Supplies,Binders & Organizers,19.65,4,78.6,0.1,7.86,70.74,38.21,32.53,45.99,Standard Delivery,Cash on Delivery,Processing
ORD-2024-10473,2026-03-14,2026-03-16,CUST-1147,Rahul Deshmukh,Corporate,North,Lucknow,Technology,Smartphones & Tablets,568.77,2,1137.54,0.1,113.75,1023.79,928.29,95.5,9.33,Same Day Priority,Net Banking,Delivered
ORD-2025-10702,2026-03-14,2026-03-16,CUST-1003,Neha Reddy,Home Office,Central,Jabalpur,Technology,Smartphones & Tablets,558.99,8,4471.92,0.2,894.38,3577.54,3468.94,108.6,3.04,Same Day Priority,UPI / QR,Delivered
ORD-2024-10789,2026-03-14,2026-03-16,CUST-1107,Siddharth Iyer,Corporate,North,Lucknow,Office Supplies,Binders & Organizers,5.74,2,11.48,0.0,0.0,11.48,5.22,6.26,54.53,Same Day Priority,Corporate Purchase Order,Delivered
ORD-2023-11352,2026-03-14,2026-03-16,CUST-1101,Karan Choudhury,Consumer,East,Patna,Technology,Audio & Accessories,162.4,3,487.2000000000001,0.0,0.0,487.2,361.87,125.33,25.72,Freight Saver,Corporate Purchase Order,Delivered
ORD-2026-10915,2026-03-15,2026-03-16,CUST-1057,Karan Sharma,Home Office,Central,Indore,Office Supplies,Binders & Organizers,11.77,1,11.77,0.0,0.0,11.77,6.7,5.07,43.08,Standard Delivery,Credit Card,Delivered
ORD-2024-11381,2026-03-15,2026-03-19,CUST-1122,Naveen Rao,Consumer,East,Ranchi,Technology,Audio & Accessories,164.43,1,164.43,0.0,0.0,164.43,104.62,59.81,36.37,Express Air,UPI / QR,Delivered
ORD-2023-12160,2026-03-15,2026-03-16,CUST-1092,Ananya Mehta,Home Office,West,Goa,Technology,Audio & Accessories,41.47,5,207.35,0.15,31.1,176.25,144.94,31.31,17.76,Freight Saver,Net Banking,Processing
ORD-2024-12305,2026-03-15,2026-03-18,CUST-1093,Meera Bose,Corporate,West,Mumbai,Furniture,Conference Tables,1221.68,2,2443.36,0.0,0.0,2443.36,2172.53,270.83,11.08,Standard Delivery,UPI / QR,Delivered
ORD-2023-12264,2026-03-16,2026-03-18,CUST-1146,Tanvi Iyer,Consumer,North,New Delhi,Technology,Printers & Scanners,423.5,1,423.5,0.0,0.0,423.5,334.1,89.4,21.11,Express Air,Credit Card,Delivered
ORD-2025-12454,2026-03-16,2026-03-23,CUST-1089,Preeti Menon,Home Office,North,Jaipur,Furniture,Office Chairs,167.11,1,167.11,0.15,25.07,142.04,134.03,8.01,5.64,Standard Delivery,Net Banking,Delivered
ORD-2023-10980,2026-03-17,2026-03-18,CUST-1006,Aarav Patel,Consumer,West,Goa,Technology,Audio & Accessories,197.93,4,791.72,0.0,0.0,791.72,572.42,219.3,27.7,Same Day Priority,Corporate Purchase Order,Delivered
ORD-2025-11510,2026-03-17,2026-03-18,CUST-1075,Vikram Choudhury,Home Office,Central,Jabalpur,Technology,Printers & Scanners,285.35,1,285.35,0.05,14.27,271.08,230.39,40.69,15.01,Express Air,Corporate Purchase Order,Shipped
ORD-2023-12428,2026-03-17,2026-03-18,CUST-1066,Aarav Mehta,Corporate,East,Ranchi,Furniture,Office Chairs,167.81,1,167.81,0.05,8.39,0.0,121.23,-18.18,23.96,Same Day Priority,Net Banking,Returned
ORD-2023-12128,2026-03-18,2026-03-21,CUST-1013,Aditya Reddy,Consumer,West,Surat,Technology,Printers & Scanners,386.96,1,386.96,0.0,0.0,386.96,330.36,56.6,14.63,Same Day Priority,Corporate Purchase Order,Delivered
ORD-2024-12189,2026-03-18,2026-03-23,CUST-1094,Meera Kapoor,Home Office,Central,Nagpur,Furniture,Executive Desks,891.45,2,1782.9,0.05,89.15,1693.75,1340.86,352.89,20.83,Standard Delivery,Corporate Purchase Order,Delivered
ORD-2025-12378,2026-03-18,2026-03-20,CUST-1128,Swati Chopra,Corporate,Central,Nagpur,Technology,Printers & Scanners,589.93,1,589.93,0.0,0.0,589.93,465.87,124.06,21.03,Standard Delivery,Credit Card,Delivered
ORD-2023-11268,2026-03-19,2026-03-22,CUST-1011,Aditya Sharma,Consumer,Central,Jabalpur,Office Supplies,Paper & Envelopes,40.05,2,80.1,0.05,4.0,76.1,54.52,21.58,28.36,Standard Delivery,Corporate Purchase Order,Delivered
ORD-2023-10288,2026-03-20,2026-03-22,CUST-1035,Neha Verma,Corporate,Central,Bhopal,Office Supplies,Binders & Organizers,6.68,1,6.68,0.0,0.0,6.68,3.06,3.62,54.19,Standard Delivery,Net Banking,Delivered
ORD-2025-11226,2026-03-21,2026-03-23,CUST-1118,Shweta Nair,Consumer,North,Jaipur,Office Supplies,Binders & Organizers,33.62,4,134.48,0.05,6.72,0.0,62.44,-9.37,51.13,Standard Delivery,UPI / QR,Returned
ORD-2025-11426,2026-03-21,2026-03-23,CUST-1058,Sanjay Iyer,Home Office,South,Bengaluru,Office Supplies,Paper & Envelopes,14.54,1,14.54,0.2,2.91,11.63,9.68,1.95,16.77,Standard Delivery,Net Banking,Processing
ORD-2023-11512,2026-03-21,2026-03-26,CUST-1106,Sneha Kulkarni,Consumer,East,Patna,Furniture,Executive Desks,735.81,1,735.81,0.0,0.0,0.0,643.85,-96.58,12.5,Freight Saver,Credit Card,Returned
ORD-2026-11875,2026-03-21,2026-03-23,CUST-1062,Vikram Reddy,Corporate,West,Ahmedabad,Office Supplies,Writing Instruments,14.39,3,43.17,0.0,0.0,43.17,24.68,18.49,42.83,Same Day Priority,Net Banking,Delivered
ORD-2026-10943,2026-03-22,2026-03-26,CUST-1118,Shweta Nair,Consumer,Central,Raipur,Furniture,Conference Tables,424.36,10,4243.6,0.0,0.0,4243.6,3628.93,614.67,14.48,Standard Delivery,Net Banking,Delivered
ORD-2023-11640,2026-03-23,2026-03-25,CUST-1039,Tanvi Kulkarni,Home Office,Central,Raipur,Technology,Printers & Scanners,439.99,3,1319.97,0.0,0.0,1319.97,1140.48,179.49,13.6,Express Air,Net Banking,Delivered
ORD-2023-12000,2026-03-23,2026-03-25,CUST-1038,Arjun Gupta,Home Office,North,Chandigarh,Technology,Smartphones & Tablets,364.93,2,729.86,0.15,109.48,620.38,570.48,49.9,8.04,Same Day Priority,Cash on Delivery,Processing
ORD-2026-12283,2026-03-23,2026-03-25,CUST-1103,Rahul Singh,Consumer,North,New Delhi,Technology,Audio & Accessories,30.83,1,30.83,0.1,3.08,27.75,21.46,6.29,22.67,Standard Delivery,Net Banking,Delivered
ORD-2025-10738,2026-03-24,2026-03-26,CUST-1017,Aditya Verma,Home Office,Central,Bhopal,Technology,Printers & Scanners,326.36,1,326.36,0.1,32.64,293.72,258.49,35.23,11.99,Same Day Priority,Corporate Purchase Order,Delivered
ORD-2024-11813,2026-03-24,2026-03-25,CUST-1023,Swati Singh,Corporate,East,Ranchi,Furniture,Conference Tables,1111.51,3,3334.53,0.1,333.45,3001.08,2949.1,51.98,1.73,Express Air,UPI / QR,Processing
ORD-2023-12344,2026-03-24,2026-03-25,CUST-1057,Karan Sharma,Home Office,Central,Raipur,Furniture,Office Chairs,265.62,3,796.86,0.05,39.84,757.02,619.6,137.42,18.15,Standard Delivery,Net Banking,Shipped
ORD-2023-12408,2026-03-24,2026-03-26,CUST-1018,Karan Choudhury,Consumer,North,New Delhi,Technology,Printers & Scanners,346.29,2,692.58,0.05,34.63,657.95,562.23,95.72,14.55,Same Day Priority,UPI / QR,Delivered
ORD-2025-10418,2026-03-25,2026-03-27,CUST-1083,Naveen Singh,Consumer,South,Bengaluru,Furniture,Bookcases & Shelving,109.6,1,109.6,0.1,10.96,98.64,94.24,4.4,4.46,Same Day Priority,Cash on Delivery,Delivered
ORD-2023-10396,2026-03-26,2026-03-28,CUST-1010,Neha Kapoor,Home Office,Central,Raipur,Furniture,Office Chairs,294.7,5,1473.5,0.0,0.0,1473.5,1091.09,382.41,25.95,Same Day Priority,Corporate Purchase Order,Shipped
ORD-2023-12492,2026-03-26,2026-03-27,CUST-1138,Amit Sharma,Home Office,West,Surat,Office Supplies,Writing Instruments,10.81,1,10.81,0.1,1.08,0.0,7.07,-1.06,27.34,Same Day Priority,Net Banking,Returned
ORD-2025-10918,2026-03-28,2026-03-30,CUST-1055,Deepak Joshi,Consumer,West,Goa,Technology,Printers & Scanners,203.02,1,203.02,0.1,20.3,182.72,159.9,22.82,12.49,Same Day Priority,Credit Card,Delivered
ORD-2025-11570,2026-03-28,2026-03-29,CUST-1029,Preeti Patel,Home Office,West,Pune,Furniture,Conference Tables,848.22,1,848.22,0.05,42.41,0.0,717.6,-107.64,10.95,Standard Delivery,Corporate Purchase Order,Returned
ORD-2025-12310,2026-03-28,2026-03-30,CUST-1011,Aditya Sharma,Consumer,South,Hyderabad,Technology,Smartphones & Tablets,903.84,1,903.84,0.05,45.19,858.65,752.04,106.61,12.42,Express Air,UPI / QR,Delivered
ORD-2025-10178,2026-03-29,2026-03-30,CUST-1125,Amit Joshi,Corporate,East,Kolkata,Technology,Printers & Scanners,157.33,4,629.32,0.0,0.0,629.32,525.07,104.25,16.57,Freight Saver,Credit Card,Processing
ORD-2026-10819,2026-03-29,2026-04-05,CUST-1102,Priya Choudhury,Consumer,South,Kochi,Technology,Laptops & Desktops,1628.51,1,1628.51,0.15,244.28,1384.23,1176.47,207.76,15.01,Standard Delivery,Cash on Delivery,Delivered
ORD-2023-10704,2026-03-30,2026-03-31,CUST-1056,Pooja Deshmukh,Consumer,South,Kochi,Furniture,Executive Desks,650.71,1,650.71,0.0,0.0,0.0,566.98,-85.05,12.87,Standard Delivery,Net Banking,Returned
ORD-2026-11703,2026-03-30,2026-03-31,CUST-1111,Vikram Chopra,Consumer,North,Dehradun,Furniture,Conference Tables,1348.21,4,5392.84,0.15,808.93,4583.91,4380.26,203.65,4.44,Express Air,Net Banking,Delivered
ORD-2023-11328,2026-03-31,2026-04-01,CUST-1072,Swati Malhotra,Home Office,East,Bhubaneswar,Office Supplies,Binders & Organizers,17.85,2,35.7,0.1,3.57,32.13,17.78,14.35,44.66,Standard Delivery,UPI / QR,Shipped
ORD-2023-12488,2026-03-31,2026-04-01,CUST-1113,Isha Verma,Home Office,West,Goa,Furniture,Office Chairs,373.49,2,746.98,0.0,0.0,0.0,554.12,-83.12,25.82,Freight Saver,Net Banking,Returned
ORD-2025-10746,2026-04-01,2026-04-03,CUST-1088,Isha Reddy,Home Office,Central,Bhopal,Furniture,Conference Tables,1001.66,3,3004.98,0.0,0.0,3004.98,2671.37,333.61,11.1,Standard Delivery,Corporate Purchase Order,Processing
ORD-2025-10786,2026-04-01,2026-04-06,CUST-1071,Deepak Reddy,Consumer,Central,Jabalpur,Technology,Laptops & Desktops,1304.7,1,1304.7,0.15,195.71,1108.99,1035.99,73.0,6.58,Freight Saver,Credit Card,Delivered
ORD-2024-11273,2026-04-01,2026-04-03,CUST-1096,Siddharth Joshi,Consumer,Central,Bhopal,Technology,Laptops & Desktops,678.64,2,1357.28,0.1,135.73,1221.55,1072.1,149.45,12.23,Express Air,Net Banking,Shipped
ORD-2023-11292,2026-04-01,2026-04-03,CUST-1136,Alok Choudhury,Home Office,Central,Indore,Office Supplies,Paper & Envelopes,19.32,8,154.56,0.05,7.73,146.83,86.46,60.37,41.12,Freight Saver,UPI / QR,Delivered
ORD-2026-11847,2026-04-02,2026-04-04,CUST-1122,Naveen Rao,Consumer,North,Lucknow,Technology,Printers & Scanners,307.44,1,307.44,0.1,30.74,276.7,258.04,18.66,6.74,Standard Delivery,Cash on Delivery,Shipped
ORD-2026-12307,2026-04-02,2026-04-03,CUST-1010,Neha Kapoor,Home Office,West,Mumbai,Furniture,Executive Desks,404.72,1,404.72,0.0,0.0,404.72,322.04,82.68,20.43,Freight Saver,Corporate Purchase Order,Processing
ORD-2025-10482,2026-04-03,2026-04-08,CUST-1135,Pooja Nair,Corporate,East,Ranchi,Office Supplies,Binders & Organizers,22.99,3,68.97,0.0,0.0,68.97,33.35,35.62,51.65,Freight Saver,Credit Card,Delivered
ORD-2025-11274,2026-04-03,2026-04-05,CUST-1013,Aditya Reddy,Consumer,East,Ranchi,Office Supplies,Writing Instruments,20.5,3,61.5,0.05,3.08,58.42,37.7,20.72,35.47,Freight Saver,Corporate Purchase Order,Delivered
ORD-2024-12125,2026-04-03,2026-04-07,CUST-1033,Preeti Choudhury,Consumer,East,Ranchi,Office Supplies,Binders & Organizers,31.65,3,94.95,0.05,4.75,90.2,51.23,38.97,43.2,Express Air,Net Banking,Delivered
ORD-2024-12437,2026-04-03,2026-04-04,CUST-1129,Arjun Patel,Consumer,West,Mumbai,Technology,Laptops & Desktops,1357.84,1,1357.84,0.0,0.0,1357.84,1049.4,308.44,22.72,Same Day Priority,Credit Card,Delivered
ORD-2026-12475,2026-04-04,2026-04-07,CUST-1041,Rohan Singh,Home Office,West,Mumbai,Office Supplies,Storage Solutions,99.83,3,299.49,0.0,0.0,299.49,214.38,85.11,28.42,Standard Delivery,UPI / QR,Delivered
ORD-2023-10572,2026-04-05,2026-04-07,CUST-1150,Aditya Nair,Home Office,North,Chandigarh,Technology,Smartphones & Tablets,661.66,1,661.66,0.0,0.0,661.66,534.29,127.37,19.25,Freight Saver,Cash on Delivery,Delivered
ORD-2026-11447,2026-04-05,2026-04-07,CUST-1137,Pooja Rao,Home Office,North,Lucknow,Technology,Laptops & Desktops,1024.35,1,1024.35,0.15,153.65,870.7,822.89,47.81,5.49,Freight Saver,UPI / QR,Delivered
ORD-2025-11634,2026-04-05,2026-04-07,CUST-1125,Amit Joshi,Corporate,South,Chennai,Office Supplies,Writing Instruments,7.91,2,15.82,0.0,0.0,15.82,8.03,7.79,49.24,Express Air,UPI / QR,Delivered
ORD-2025-12234,2026-04-05,2026-04-06,CUST-1097,Neha Gupta,Consumer,South,Coimbatore,Furniture,Office Chairs,136.68,1,136.68,0.25,34.17,102.51,110.31,-7.8,-7.61,Same Day Priority,Corporate Purchase Order,Shipped
ORD-2024-10177,2026-04-06,2026-04-07,CUST-1024,Rahul Singh,Consumer,West,Ahmedabad,Office Supplies,Storage Solutions,45.69,1,45.69,0.0,0.0,45.69,34.71,10.98,24.03,Same Day Priority,Net Banking,Shipped
ORD-2026-10451,2026-04-06,2026-04-07,CUST-1082,Naveen Choudhury,Consumer,West,Pune,Technology,Laptops & Desktops,1036.27,1,1036.27,0.2,207.25,829.02,812.85,16.17,1.95,Same Day Priority,Net Banking,Shipped
ORD-2024-11401,2026-04-07,2026-04-09,CUST-1121,Ananya Menon,Consumer,North,Dehradun,Office Supplies,Paper & Envelopes,42.14,2,84.28,0.2,16.86,67.42,54.6,12.82,19.02,Same Day Priority,Cash on Delivery,Delivered
ORD-2023-10080,2026-04-08,2026-04-11,CUST-1090,Tanvi Singh,Corporate,East,Ranchi,Technology,Laptops & Desktops,1095.33,1,1095.33,0.15,164.3,931.03,809.1,121.93,13.1,Standard Delivery,Corporate Purchase Order,Shipped
ORD-2025-10262,2026-04-08,2026-04-10,CUST-1107,Siddharth Iyer,Corporate,Central,Nagpur,Office Supplies,Storage Solutions,101.79,2,203.58,0.0,0.0,203.58,158.43,45.15,22.18,Standard Delivery,Credit Card,Delivered
ORD-2026-10791,2026-04-08,2026-04-09,CUST-1039,Tanvi Kulkarni,Home Office,West,Mumbai,Office Supplies,Binders & Organizers,21.96,10,219.6,0.1,21.96,0.0,110.5,-16.57,44.09,Standard Delivery,Cash on Delivery,Returned
ORD-2025-11218,2026-04-08,2026-04-13,CUST-1008,Aarav Choudhury,Consumer,East,Bhubaneswar,Technology,Smartphones & Tablets,892.8,4,3571.2,0.2,714.24,2856.96,2773.82,83.14,2.91,Same Day Priority,Cash on Delivery,Delivered
ORD-2023-11428,2026-04-08,2026-04-09,CUST-1084,Rahul Verma,Consumer,East,Guwahati,Furniture,Conference Tables,705.7,1,705.7,0.0,0.0,0.0,576.08,-86.41,18.37,Standard Delivery,UPI / QR,Returned
ORD-2024-10129,2026-04-09,2026-04-11,CUST-1131,Ananya Patel,Home Office,West,Mumbai,Furniture,Conference Tables,875.32,1,875.32,0.05,43.77,831.55,717.16,114.39,13.76,Standard Delivery,Corporate Purchase Order,Delivered
ORD-2026-11731,2026-04-09,2026-04-11,CUST-1100,Karan Singh,Consumer,North,Lucknow,Office Supplies,Writing Instruments,10.12,1,10.12,0.05,0.51,9.61,6.57,3.04,31.63,Express Air,UPI / QR,Delivered
ORD-2023-10720,2026-04-10,2026-04-13,CUST-1080,Ananya Singh,Consumer,South,Chennai,Office Supplies,Storage Solutions,66.18,1,66.18,0.05,3.31,62.87,50.25,12.62,20.07,Same Day Priority,Cash on Delivery,Delivered
ORD-2025-12250,2026-04-10,2026-04-12,CUST-1074,Shweta Rao,Corporate,West,Surat,Technology,Printers & Scanners,528.63,8,4229.04,0.0,0.0,4229.04,3464.12,764.92,18.09,Same Day Priority,Net Banking,Shipped
ORD-2024-10405,2026-04-11,2026-04-13,CUST-1062,Vikram Reddy,Corporate,Central,Indore,Furniture,Executive Desks,434.95,1,434.95,0.0,0.0,434.95,387.02,47.93,11.02,Freight Saver,UPI / QR,Shipped
ORD-2023-12316,2026-04-11,2026-04-13,CUST-1054,Sanjay Choudhury,Corporate,East,Kolkata,Technology,Printers & Scanners,155.01,1,155.01,0.0,0.0,0.0,124.6,-18.69,19.62,Standard Delivery,Cash on Delivery,Returned
ORD-2025-10842,2026-04-13,2026-04-15,CUST-1138,Amit Sharma,Home Office,Central,Indore,Office Supplies,Storage Solutions,57.96,3,173.88,0.15,26.08,147.8,133.69,14.11,9.55,Same Day Priority,UPI / QR,Shipped
ORD-2023-11768,2026-04-13,2026-04-17,CUST-1077,Pooja Kulkarni,Home Office,North,Chandigarh,Technology,Audio & Accessories,115.96,2,231.92,0.25,57.98,173.94,168.85,5.09,2.93,Freight Saver,Corporate Purchase Order,Processing
ORD-2025-10930,2026-04-14,2026-04-16,CUST-1112,Priya Menon,Home Office,East,Kolkata,Office Supplies,Storage Solutions,78.26,3,234.78000000000003,0.0,0.0,234.78,169.55,65.23,27.78,Freight Saver,UPI / QR,Shipped
ORD-2023-12008,2026-04-14,2026-04-15,CUST-1101,Karan Choudhury,Consumer,North,Dehradun,Office Supplies,Storage Solutions,106.3,5,531.5,0.15,79.72,451.78,393.08,58.7,12.99,Express Air,Corporate Purchase Order,Delivered
ORD-2026-12139,2026-04-14,2026-04-16,CUST-1099,Meera Nair,Corporate,West,Ahmedabad,Technology,Printers & Scanners,472.93,5,2364.65,0.1,236.47,2128.18,1927.76,200.42,9.42,Freight Saver,Credit Card,Delivered
ORD-2025-10806,2026-04-15,2026-04-17,CUST-1057,Karan Sharma,Home Office,South,Hyderabad,Furniture,Conference Tables,1285.95,3,3857.85,0.0,0.0,0.0,3395.46,-509.32,11.99,Standard Delivery,Cash on Delivery,Returned
ORD-2024-11969,2026-04-15,2026-04-17,CUST-1135,Pooja Nair,Corporate,Central,Bhopal,Technology,Smartphones & Tablets,861.11,2,1722.22,0.0,0.0,1722.22,1432.8,289.42,16.81,Express Air,Corporate Purchase Order,Delivered
ORD-2025-12186,2026-04-17,2026-04-19,CUST-1150,Aditya Nair,Home Office,Central,Nagpur,Office Supplies,Writing Instruments,13.71,4,54.84,0.1,5.48,49.36,28.85,20.51,41.55,Same Day Priority,Net Banking,Delivered
ORD-2026-11087,2026-04-18,2026-04-22,CUST-1038,Arjun Gupta,Home Office,North,Lucknow,Technology,Laptops & Desktops,1051.96,1,1051.96,0.0,0.0,1051.96,837.44,214.52,20.39,Freight Saver,Corporate Purchase Order,Delivered
ORD-2023-11308,2026-04-18,2026-04-19,CUST-1014,Deepak Joshi,Consumer,East,Patna,Technology,Smartphones & Tablets,384.19,2,768.38,0.1,76.84,691.54,624.47,67.07,9.7,Standard Delivery,Net Banking,Delivered
ORD-2024-12097,2026-04-18,2026-04-23,CUST-1069,Rahul Patel,Home Office,North,Jaipur,Technology,Audio & Accessories,190.87,1,190.87,0.0,0.0,0.0,120.49,-18.07,36.87,Express Air,Net Banking,Returned
ORD-2023-12144,2026-04-18,2026-04-20,CUST-1049,Meera Rao,Consumer,East,Patna,Technology,Printers & Scanners,243.88,2,487.76,0.1,48.78,438.98,407.38,31.6,7.2,Standard Delivery,Net Banking,Processing
ORD-2025-10258,2026-04-20,2026-04-21,CUST-1116,Preeti Saxena,Consumer,West,Goa,Office Supplies,Binders & Organizers,33.92,1,33.92,0.1,3.39,30.53,18.29,12.24,40.09,Freight Saver,Cash on Delivery,Delivered
ORD-2026-11247,2026-04-20,2026-04-22,CUST-1120,Shweta Singh,Corporate,North,Jaipur,Technology,Audio & Accessories,129.55,2,259.1,0.2,51.82,207.28,190.8,16.48,7.95,Same Day Priority,Cash on Delivery,Delivered
ORD-2025-11738,2026-04-20,2026-04-22,CUST-1019,Preeti Kulkarni,Consumer,South,Kochi,Office Supplies,Binders & Organizers,31.73,2,63.46,0.1,6.35,57.11,41.04,16.07,28.14,Freight Saver,Corporate Purchase Order,Shipped
ORD-2023-11856,2026-04-21,2026-04-22,CUST-1087,Aditya Malhotra,Consumer,East,Bhubaneswar,Office Supplies,Storage Solutions,108.35,1,108.35,0.1,10.84,97.51,74.82,22.69,23.27,Express Air,Credit Card,Delivered
ORD-2023-10028,2026-04-22,2026-04-29,CUST-1135,Pooja Nair,Corporate,Central,Nagpur,Office Supplies,Binders & Organizers,13.89,1,13.89,0.0,0.0,13.89,7.06,6.83,49.17,Express Air,Net Banking,Delivered
ORD-2026-10535,2026-04-22,2026-04-24,CUST-1079,Sanjay Saxena,Corporate,East,Bhubaneswar,Technology,Printers & Scanners,150.94,2,301.88,0.0,0.0,301.88,264.31,37.57,12.45,Freight Saver,Cash on Delivery,Delivered
ORD-2026-11327,2026-04-23,2026-04-26,CUST-1008,Aarav Choudhury,Consumer,South,Bengaluru,Technology,Printers & Scanners,279.53,2,559.06,0.0,0.0,559.06,474.97,84.09,15.04,Standard Delivery,Credit Card,Processing
ORD-2026-11923,2026-04-23,2026-04-26,CUST-1150,Aditya Nair,Home Office,North,Lucknow,Furniture,Executive Desks,723.27,1,723.27,0.0,0.0,723.27,561.62,161.65,22.35,Freight Saver,UPI / QR,Delivered
ORD-2023-10656,2026-04-25,2026-04-28,CUST-1039,Tanvi Kulkarni,Home Office,South,Bengaluru,Technology,Laptops & Desktops,1038.18,1,1038.18,0.0,0.0,0.0,849.47,-127.42,18.18,Express Air,UPI / QR,Returned
ORD-2026-11251,2026-04-25,2026-04-27,CUST-1150,Aditya Nair,Home Office,Central,Bhopal,Office Supplies,Storage Solutions,101.67,1,101.67,0.15,15.25,86.42,77.31,9.11,10.54,Freight Saver,Credit Card,Delivered
ORD-2026-11383,2026-04-25,2026-04-27,CUST-1141,Aditya Mehta,Consumer,West,Ahmedabad,Office Supplies,Paper & Envelopes,25.65,1,25.65,0.0,0.0,25.65,16.65,9.0,35.09,Freight Saver,Credit Card,Processing
ORD-2026-10195,2026-04-26,2026-05-03,CUST-1051,Karan Saxena,Corporate,Central,Indore,Technology,Printers & Scanners,160.76,2,321.52,0.1,32.15,289.37,260.64,28.73,9.93,Standard Delivery,Net Banking,Delivered
ORD-2023-11692,2026-04-26,2026-05-03,CUST-1078,Rajesh Bose,Corporate,West,Ahmedabad,Technology,Smartphones & Tablets,572.81,3,1718.4299999999998,0.1,171.84,0.0,1341.05,-201.16,13.29,Standard Delivery,Cash on Delivery,Returned
ORD-2026-10475,2026-04-27,2026-04-29,CUST-1018,Karan Choudhury,Consumer,Central,Jabalpur,Furniture,Executive Desks,460.49,1,460.49,0.15,69.07,391.42,379.58,11.84,3.02,Same Day Priority,Corporate Purchase Order,Processing
ORD-2025-11242,2026-04-28,2026-04-29,CUST-1028,Swati Iyer,Home Office,East,Kolkata,Furniture,Executive Desks,581.27,1,581.27,0.0,0.0,581.27,518.44,62.83,10.81,Express Air,Net Banking,Delivered
ORD-2023-10748,2026-04-29,2026-04-30,CUST-1126,Vikram Joshi,Consumer,East,Kolkata,Furniture,Office Chairs,98.46,1,98.46,0.15,14.77,83.69,72.09,11.6,13.86,Express Air,UPI / QR,Processing
ORD-2026-10799,2026-04-29,2026-05-01,CUST-1117,Priya Saxena,Consumer,West,Ahmedabad,Furniture,Bookcases & Shelving,382.88,1,382.88,0.0,0.0,382.88,321.26,61.62,16.09,Freight Saver,Net Banking,Delivered
ORD-2026-10995,2026-04-29,2026-05-04,CUST-1056,Pooja Deshmukh,Consumer,North,New Delhi,Technology,Smartphones & Tablets,516.71,1,516.71,0.05,25.84,490.87,431.02,59.85,12.19,Same Day Priority,Credit Card,Delivered
ORD-2026-11899,2026-04-30,2026-05-02,CUST-1102,Priya Choudhury,Consumer,Central,Bhopal,Office Supplies,Storage Solutions,45.69,2,91.38,0.1,9.14,82.24,71.54,10.7,13.01,Standard Delivery,Net Banking,Delivered
ORD-2023-10232,2026-05-01,2026-05-04,CUST-1077,Pooja Kulkarni,Home Office,North,Lucknow,Technology,Audio & Accessories,138.9,4,555.6,0.0,0.0,555.6,337.68,217.92,39.22,Same Day Priority,Credit Card,Delivered
ORD-2025-12194,2026-05-01,2026-05-04,CUST-1049,Meera Rao,Consumer,South,Chennai,Technology,Printers & Scanners,369.28,1,369.28,0.15,55.39,313.89,312.79,1.1,0.35,Standard Delivery,Cash on Delivery,Delivered
ORD-2023-11132,2026-05-02,2026-05-04,CUST-1146,Tanvi Iyer,Consumer,South,Kochi,Furniture,Conference Tables,671.05,1,671.05,0.0,0.0,671.05,554.73,116.32,17.33,Standard Delivery,Credit Card,Delivered
ORD-2023-10344,2026-05-03,2026-05-05,CUST-1024,Rahul Singh,Consumer,South,Kochi,Technology,Printers & Scanners,216.61,1,216.61,0.05,10.83,205.78,174.47,31.31,15.22,Freight Saver,Net Banking,Delivered
ORD-2023-10464,2026-05-03,2026-05-07,CUST-1104,Meera Malhotra,Corporate,North,Chandigarh,Office Supplies,Storage Solutions,51.46,3,154.38,0.05,7.72,146.66,117.18,29.48,20.1,Freight Saver,Net Banking,Delivered
ORD-2025-11858,2026-05-03,2026-05-05,CUST-1017,Aditya Verma,Home Office,Central,Raipur,Furniture,Office Chairs,379.53,1,379.53,0.15,56.93,322.6,267.54,55.06,17.07,Express Air,Cash on Delivery,Processing
ORD-2024-12089,2026-05-03,2026-05-04,CUST-1044,Sanjay Menon,Corporate,South,Kochi,Office Supplies,Binders & Organizers,27.25,2,54.5,0.1,5.45,49.05,31.04,18.01,36.72,Standard Delivery,UPI / QR,Processing
ORD-2026-12375,2026-05-03,2026-05-06,CUST-1123,Divya Patel,Corporate,North,New Delhi,Furniture,Bookcases & Shelving,160.3,3,480.9,0.15,72.14,408.76,377.86,30.9,7.56,Freight Saver,Credit Card,Shipped
ORD-2024-10025,2026-05-05,2026-05-08,CUST-1071,Deepak Reddy,Consumer,Central,Bhopal,Furniture,Executive Desks,264.21,3,792.6299999999999,0.05,39.63,753.0,623.23,129.77,17.23,Freight Saver,Corporate Purchase Order,Delivered
ORD-2023-10384,2026-05-05,2026-05-09,CUST-1115,Naveen Malhotra,Home Office,Central,Nagpur,Technology,Smartphones & Tablets,870.32,2,1740.64,0.05,87.03,1653.61,1310.06,343.55,20.78,Freight Saver,Cash on Delivery,Delivered
ORD-2026-12059,2026-05-05,2026-05-07,CUST-1011,Aditya Sharma,Consumer,South,Coimbatore,Furniture,Conference Tables,515.96,1,515.96,0.05,25.8,490.16,454.88,35.28,7.2,Freight Saver,UPI / QR,Processing
ORD-2025-10006,2026-05-06,2026-05-08,CUST-1081,Rahul Joshi,Consumer,West,Goa,Office Supplies,Paper & Envelopes,22.25,2,44.5,0.0,0.0,0.0,24.84,-3.73,44.18,Standard Delivery,Cash on Delivery,Returned
ORD-2023-10276,2026-05-06,2026-05-08,CUST-1141,Aditya Mehta,Consumer,North,Jaipur,Technology,Audio & Accessories,66.0,4,264.0,0.15,39.6,224.4,190.48,33.92,15.12,Express Air,Credit Card,Shipped
ORD-2023-11452,2026-05-06,2026-05-08,CUST-1053,Sunita Mehta,Home Office,North,Jaipur,Technology,Laptops & Desktops,1492.73,3,4478.1900000000005,0.0,0.0,4478.19,3475.85,1002.34,22.38,Same Day Priority,Corporate Purchase Order,Delivered
ORD-2024-11629,2026-05-06,2026-05-07,CUST-1024,Rahul Singh,Consumer,South,Chennai,Furniture,Executive Desks,206.72,2,413.44,0.0,0.0,413.44,344.11,69.33,16.77,Standard Delivery,Credit Card,Shipped
ORD-2025-12058,2026-05-08,2026-05-09,CUST-1105,Vikram Kulkarni,Consumer,North,Chandigarh,Furniture,Conference Tables,1249.06,2,2498.12,0.1,249.81,2248.31,2032.89,215.42,9.58,Freight Saver,Corporate Purchase Order,Delivered
ORD-2025-10546,2026-05-09,2026-05-11,CUST-1098,Isha Kapoor,Consumer,East,Bhubaneswar,Furniture,Bookcases & Shelving,104.1,3,312.29999999999995,0.05,15.61,0.0,263.56,-39.53,11.17,Freight Saver,UPI / QR,Returned
ORD-2023-11852,2026-05-09,2026-05-11,CUST-1143,Aditya Chopra,Home Office,South,Chennai,Technology,Smartphones & Tablets,586.53,4,2346.12,0.1,234.61,2111.51,1968.91,142.6,6.75,Freight Saver,Corporate Purchase Order,Shipped
ORD-2024-12021,2026-05-09,2026-05-11,CUST-1125,Amit Joshi,Corporate,East,Guwahati,Technology,Printers & Scanners,331.1,1,331.1,0.15,49.66,0.0,273.79,-41.07,2.72,Same Day Priority,UPI / QR,Returned
ORD-2025-10998,2026-05-11,2026-05-12,CUST-1073,Sneha Iyer,Home Office,East,Patna,Office Supplies,Binders & Organizers,16.09,8,128.72,0.0,0.0,128.72,72.16,56.56,43.94,Freight Saver,Credit Card,Delivered
ORD-2023-12464,2026-05-11,2026-05-12,CUST-1047,Deepak Verma,Consumer,South,Hyderabad,Office Supplies,Binders & Organizers,22.23,1,22.23,0.1,2.22,20.01,13.42,6.59,32.93,Same Day Priority,Net Banking,Shipped
ORD-2024-10857,2026-05-12,2026-05-15,CUST-1065,Divya Joshi,Corporate,West,Ahmedabad,Furniture,Office Chairs,280.82,1,280.82,0.0,0.0,280.82,237.96,42.86,15.26,Same Day Priority,Net Banking,Processing
ORD-2023-12220,2026-05-12,2026-05-14,CUST-1116,Preeti Saxena,Consumer,East,Patna,Office Supplies,Binders & Organizers,15.4,1,15.4,0.1,1.54,13.86,8.11,5.75,41.49,Same Day Priority,Credit Card,Delivered
ORD-2026-11439,2026-05-13,2026-05-16,CUST-1017,Aditya Verma,Home Office,Central,Raipur,Technology,Laptops & Desktops,1249.7,4,4998.8,0.05,249.94,0.0,4051.54,-607.73,14.68,Standard Delivery,Corporate Purchase Order,Returned
ORD-2025-11966,2026-05-13,2026-05-16,CUST-1129,Arjun Patel,Consumer,Central,Jabalpur,Office Supplies,Writing Instruments,24.87,1,24.87,0.0,0.0,0.0,13.0,-1.95,47.73,Express Air,Corporate Purchase Order,Returned
ORD-2026-10479,2026-05-16,2026-05-17,CUST-1062,Vikram Reddy,Corporate,North,Chandigarh,Technology,Smartphones & Tablets,937.64,1,937.64,0.05,46.88,890.76,704.05,186.71,20.96,Freight Saver,UPI / QR,Delivered
ORD-2026-10699,2026-05-16,2026-05-19,CUST-1016,Kavita Bose,Home Office,East,Ranchi,Office Supplies,Binders & Organizers,6.62,4,26.48,0.2,5.3,21.18,13.59,7.59,35.84,Same Day Priority,Net Banking,Processing
ORD-2024-10481,2026-05-17,2026-05-19,CUST-1017,Aditya Verma,Home Office,West,Ahmedabad,Furniture,Office Chairs,226.85,3,680.55,0.15,102.08,578.47,554.37,24.1,4.17,Standard Delivery,Cash on Delivery,Processing
ORD-2026-10615,2026-05-17,2026-05-18,CUST-1136,Alok Choudhury,Home Office,East,Bhubaneswar,Technology,Printers & Scanners,381.71,2,763.42,0.0,0.0,763.42,623.1,140.32,18.38,Same Day Priority,UPI / QR,Processing
ORD-2023-10724,2026-05-17,2026-05-18,CUST-1056,Pooja Deshmukh,Consumer,North,Dehradun,Technology,Laptops & Desktops,1518.32,2,3036.64,0.1,303.66,2732.98,2357.89,375.09,13.72,Same Day Priority,Credit Card,Delivered
ORD-2023-10112,2026-05-18,2026-05-20,CUST-1129,Arjun Patel,Consumer,North,New Delhi,Technology,Audio & Accessories,166.67,2,333.34,0.0,0.0,333.34,190.46,142.88,42.86,Express Air,Net Banking,Shipped
ORD-2026-11651,2026-05-18,2026-05-21,CUST-1102,Priya Choudhury,Consumer,North,Lucknow,Office Supplies,Paper & Envelopes,9.87,1,9.87,0.0,0.0,9.87,5.27,4.6,46.61,Standard Delivery,Net Banking,Delivered
ORD-2025-10914,2026-05-20,2026-05-24,CUST-1001,Rajesh Mehta,Consumer,East,Ranchi,Furniture,Bookcases & Shelving,129.74,2,259.48,0.0,0.0,259.48,209.24,50.24,19.36,Standard Delivery,Corporate Purchase Order,Delivered
ORD-2023-11636,2026-05-20,2026-05-23,CUST-1141,Aditya Mehta,Consumer,South,Chennai,Technology,Printers & Scanners,539.32,1,539.32,0.05,26.97,512.35,436.3,76.05,14.84,Freight Saver,Cash on Delivery,Delivered
ORD-2026-11871,2026-05-20,2026-05-21,CUST-1070,Tanvi Patel,Home Office,Central,Indore,Furniture,Conference Tables,995.35,4,3981.4,0.0,0.0,3981.4,3398.9,582.5,14.63,Standard Delivery,Credit Card,Processing
ORD-2025-11882,2026-05-20,2026-05-23,CUST-1146,Tanvi Iyer,Consumer,North,Lucknow,Furniture,Conference Tables,1393.03,3,4179.09,0.05,208.95,3970.14,3648.5,321.64,8.1,Same Day Priority,UPI / QR,Delivered
ORD-2024-12249,2026-05-21,2026-05-24,CUST-1058,Sanjay Iyer,Home Office,Central,Raipur,Office Supplies,Storage Solutions,86.68,1,86.68,0.0,0.0,0.0,63.15,-9.47,27.15,Standard Delivery,Net Banking,Returned
ORD-2023-12392,2026-05-21,2026-05-22,CUST-1001,Rajesh Mehta,Consumer,Central,Raipur,Technology,Printers & Scanners,499.8,4,1999.2,0.0,0.0,0.0,1667.28,-250.09,16.6,Standard Delivery,Net Banking,Returned
ORD-2023-10576,2026-05-22,2026-05-29,CUST-1140,Preeti Mehta,Consumer,East,Kolkata,Office Supplies,Writing Instruments,21.27,3,63.81,0.05,3.19,60.62,39.49,21.13,34.86,Standard Delivery,Corporate Purchase Order,Processing
ORD-2023-10660,2026-05-23,2026-05-25,CUST-1071,Deepak Reddy,Consumer,South,Coimbatore,Technology,Laptops & Desktops,808.78,3,2426.34,0.0,0.0,2426.34,1847.28,579.06,23.87,Express Air,Credit Card,Processing
ORD-2026-10607,2026-05-24,2026-05-26,CUST-1038,Arjun Gupta,Home Office,East,Bhubaneswar,Furniture,Executive Desks,209.25,3,627.75,0.1,62.78,564.97,478.64,86.33,15.28,Freight Saver,Cash on Delivery,Delivered
ORD-2026-11003,2026-05-24,2026-05-25,CUST-1016,Kavita Bose,Home Office,South,Coimbatore,Office Supplies,Writing Instruments,9.21,1,9.21,0.1,0.92,8.29,4.88,3.41,41.13,Same Day Priority,Net Banking,Delivered
ORD-2025-11206,2026-05-24,2026-05-27,CUST-1034,Swati Joshi,Consumer,West,Mumbai,Technology,Smartphones & Tablets,488.01,2,976.02,0.05,48.8,927.22,754.76,172.46,18.6,Freight Saver,Credit Card,Delivered
ORD-2023-11192,2026-05-25,2026-05-27,CUST-1132,Vikram Saxena,Corporate,Central,Bhopal,Furniture,Bookcases & Shelving,197.5,2,395.0,0.05,19.75,375.25,301.98,73.27,19.53,Standard Delivery,Corporate Purchase Order,Delivered
ORD-2023-12476,2026-05-26,2026-05-30,CUST-1057,Karan Sharma,Home Office,West,Mumbai,Furniture,Office Chairs,298.14,3,894.42,0.0,0.0,894.42,685.7,208.72,23.34,Freight Saver,UPI / QR,Delivered
ORD-2025-10834,2026-05-27,2026-05-29,CUST-1071,Deepak Reddy,Consumer,West,Surat,Technology,Audio & Accessories,76.61,1,76.61,0.05,3.83,72.78,56.99,15.79,21.7,Freight Saver,Cash on Delivery,Processing
ORD-2026-11303,2026-05-27,2026-05-29,CUST-1004,Ananya Choudhury,Consumer,Central,Indore,Furniture,Office Chairs,254.82,10,2548.2,0.1,254.82,2293.38,1980.48,312.9,13.64,Standard Delivery,Net Banking,Delivered
ORD-2024-10721,2026-05-28,2026-05-30,CUST-1052,Isha Sharma,Home Office,Central,Nagpur,Technology,Laptops & Desktops,1319.05,4,5276.2,0.2,1055.24,4220.96,4192.96,28.0,0.66,Freight Saver,Net Banking,Shipped
ORD-2023-12404,2026-05-28,2026-05-29,CUST-1105,Vikram Kulkarni,Consumer,Central,Raipur,Technology,Laptops & Desktops,1714.6,1,1714.6,0.15,257.19,1457.41,1324.58,132.83,9.11,Freight Saver,Credit Card,Delivered
ORD-2023-10444,2026-05-30,2026-06-02,CUST-1150,Aditya Nair,Home Office,Central,Indore,Office Supplies,Writing Instruments,8.11,1,8.11,0.15,1.22,6.89,4.58,2.31,33.53,Standard Delivery,Cash on Delivery,Delivered
ORD-2024-11373,2026-05-30,2026-05-31,CUST-1074,Shweta Rao,Corporate,East,Ranchi,Furniture,Executive Desks,786.39,1,786.39,0.0,0.0,786.39,657.4,128.99,16.4,Same Day Priority,UPI / QR,Delivered
ORD-2023-11836,2026-05-30,2026-05-31,CUST-1119,Divya Patel,Home Office,North,Lucknow,Office Supplies,Binders & Organizers,19.51,1,19.51,0.0,0.0,0.0,11.25,-1.69,42.34,Freight Saver,Corporate Purchase Order,Returned
ORD-2023-12336,2026-05-30,2026-06-04,CUST-1043,Sunita Menon,Corporate,East,Bhubaneswar,Technology,Smartphones & Tablets,586.66,2,1173.32,0.05,58.67,0.0,976.58,-146.49,12.39,Standard Delivery,Credit Card,Returned
ORD-2023-10088,2026-05-31,2026-06-02,CUST-1029,Preeti Patel,Home Office,East,Bhubaneswar,Technology,Laptops & Desktops,981.5,2,1963.0,0.1,196.3,1766.7,1597.33,169.37,9.59,Freight Saver,Cash on Delivery,Shipped
ORD-2025-11682,2026-06-01,2026-06-04,CUST-1052,Isha Sharma,Home Office,Central,Indore,Technology,Laptops & Desktops,1746.59,1,1746.59,0.0,0.0,0.0,1389.26,-208.39,20.46,Express Air,Credit Card,Returned
ORD-2025-10426,2026-06-02,2026-06-04,CUST-1100,Karan Singh,Consumer,East,Bhubaneswar,Furniture,Executive Desks,674.02,8,5392.16,0.0,0.0,5392.16,4750.05,642.11,11.91,Standard Delivery,Net Banking,Delivered
ORD-2026-10923,2026-06-02,2026-06-04,CUST-1052,Isha Sharma,Home Office,East,Kolkata,Office Supplies,Storage Solutions,53.17,4,212.68,0.25,53.17,159.51,141.63,17.88,11.21,Freight Saver,Net Banking,Delivered
ORD-2023-11156,2026-06-02,2026-06-05,CUST-1035,Neha Verma,Corporate,North,New Delhi,Technology,Laptops & Desktops,1893.62,4,7574.48,0.1,757.45,6817.03,5775.52,1041.51,15.28,Standard Delivery,Cash on Delivery,Delivered
ORD-2026-12391,2026-06-02,2026-06-03,CUST-1079,Sanjay Saxena,Corporate,Central,Bhopal,Technology,Smartphones & Tablets,899.51,1,899.51,0.0,0.0,899.51,708.95,190.56,21.18,Standard Delivery,Net Banking,Shipped
ORD-2025-12446,2026-06-02,2026-06-03,CUST-1146,Tanvi Iyer,Consumer,Central,Nagpur,Technology,Audio & Accessories,86.15,1,86.15,0.0,0.0,86.15,62.13,24.02,27.88,Same Day Priority,UPI / QR,Delivered
ORD-2024-10521,2026-06-04,2026-06-07,CUST-1027,Kavita Bose,Consumer,Central,Bhopal,Furniture,Executive Desks,672.44,4,2689.76,0.2,537.95,0.0,2357.43,-353.61,-9.56,Same Day Priority,Corporate Purchase Order,Returned
ORD-2023-10692,2026-06-04,2026-06-07,CUST-1040,Karan Reddy,Corporate,Central,Raipur,Technology,Laptops & Desktops,828.2,4,3312.8,0.05,165.64,3147.16,2395.5,751.66,23.88,Standard Delivery,Corporate Purchase Order,Delivered
ORD-2024-10417,2026-06-05,2026-06-06,CUST-1017,Aditya Verma,Home Office,North,New Delhi,Furniture,Executive Desks,247.33,1,247.33,0.0,0.0,247.33,191.59,55.74,22.54,Freight Saver,Net Banking,Delivered
ORD-2026-10667,2026-06-06,2026-06-08,CUST-1015,Rahul Kulkarni,Consumer,North,Jaipur,Technology,Audio & Accessories,60.04,8,480.32,0.05,24.02,456.3,266.22,190.08,41.66,Standard Delivery,Corporate Purchase Order,Processing
ORD-2026-12203,2026-06-06,2026-06-07,CUST-1112,Priya Menon,Home Office,Central,Raipur,Office Supplies,Paper & Envelopes,22.15,3,66.44999999999999,0.05,3.32,63.13,43.94,19.19,30.4,Express Air,Credit Card,Shipped
ORD-2024-10765,2026-06-07,2026-06-09,CUST-1010,Neha Kapoor,Home Office,North,Lucknow,Office Supplies,Paper & Envelopes,42.17,1,42.17,0.1,4.22,37.95,26.33,11.62,30.62,Express Air,Credit Card,Delivered
ORD-2023-10308,2026-06-08,2026-06-12,CUST-1048,Rohan Nair,Home Office,Central,Nagpur,Technology,Printers & Scanners,581.34,1,581.34,0.0,0.0,581.34,486.93,94.41,16.24,Freight Saver,Net Banking,Delivered
ORD-2025-10730,2026-06-08,2026-06-11,CUST-1098,Isha Kapoor,Consumer,East,Bhubaneswar,Office Supplies,Storage Solutions,36.39,1,36.39,0.0,0.0,36.39,25.92,10.47,28.77,Freight Saver,Corporate Purchase Order,Processing
ORD-2023-10976,2026-06-08,2026-06-10,CUST-1010,Neha Kapoor,Home Office,North,New Delhi,Technology,Laptops & Desktops,2072.27,4,8289.08,0.0,0.0,8289.08,6722.49,1566.59,18.9,Same Day Priority,Credit Card,Processing
ORD-2023-10216,2026-06-10,2026-06-14,CUST-1008,Aarav Choudhury,Consumer,West,Pune,Furniture,Conference Tables,530.67,1,530.67,0.0,0.0,530.67,467.52,63.15,11.9,Same Day Priority,Net Banking,Delivered
ORD-2024-10313,2026-06-10,2026-06-12,CUST-1038,Arjun Gupta,Home Office,South,Hyderabad,Furniture,Conference Tables,1326.24,1,1326.24,0.0,0.0,1326.24,1163.35,162.89,12.28,Same Day Priority,Net Banking,Processing
ORD-2026-11271,2026-06-10,2026-06-11,CUST-1047,Deepak Verma,Consumer,North,Lucknow,Office Supplies,Binders & Organizers,25.91,1,25.91,0.1,2.59,23.32,15.02,8.3,35.59,Standard Delivery,Corporate Purchase Order,Delivered
ORD-2023-11780,2026-06-12,2026-06-19,CUST-1098,Isha Kapoor,Consumer,North,Dehradun,Office Supplies,Binders & Organizers,12.49,1,12.49,0.0,0.0,12.49,5.93,6.56,52.52,Standard Delivery,Credit Card,Delivered
ORD-2025-12350,2026-06-12,2026-06-16,CUST-1057,Karan Sharma,Home Office,South,Bengaluru,Technology,Audio & Accessories,129.23,3,387.69,0.1,38.77,348.92,245.73,103.19,29.57,Express Air,UPI / QR,Delivered
ORD-2026-11043,2026-06-13,2026-06-18,CUST-1131,Ananya Patel,Home Office,West,Pune,Technology,Audio & Accessories,114.51,1,114.51,0.05,5.73,0.0,76.33,-11.45,29.83,Standard Delivery,Credit Card,Returned
ORD-2025-11302,2026-06-13,2026-06-14,CUST-1144,Vikram Joshi,Consumer,South,Kochi,Furniture,Executive Desks,420.65,1,420.65,0.05,21.03,399.62,342.78,56.84,14.22,Freight Saver,Credit Card,Delivered
ORD-2026-11471,2026-06-13,2026-06-16,CUST-1150,Aditya Nair,Home Office,East,Ranchi,Technology,Audio & Accessories,170.06,4,680.24,0.0,0.0,680.24,413.59,266.65,39.2,Same Day Priority,Cash on Delivery,Delivered
ORD-2024-12041,2026-06-13,2026-06-15,CUST-1077,Pooja Kulkarni,Home Office,North,Dehradun,Furniture,Conference Tables,392.56,3,1177.68,0.1,117.77,0.0,1032.74,-154.91,2.56,Standard Delivery,Corporate Purchase Order,Returned
ORD-2026-12155,2026-06-13,2026-06-15,CUST-1066,Aarav Mehta,Corporate,East,Patna,Furniture,Bookcases & Shelving,325.64,1,325.64,0.2,65.13,260.51,261.95,-1.44,-0.55,Freight Saver,Cash on Delivery,Delivered
ORD-2025-12442,2026-06-13,2026-06-14,CUST-1077,Pooja Kulkarni,Home Office,East,Ranchi,Furniture,Conference Tables,1238.86,1,1238.86,0.0,0.0,1238.86,1005.71,233.15,18.82,Express Air,UPI / QR,Shipped
ORD-2024-10373,2026-06-14,2026-06-21,CUST-1106,Sneha Kulkarni,Consumer,North,Jaipur,Technology,Smartphones & Tablets,309.04,1,309.04,0.0,0.0,309.04,238.26,70.78,22.9,Same Day Priority,Net Banking,Shipped
ORD-2024-11061,2026-06-14,2026-06-17,CUST-1013,Aditya Reddy,Consumer,East,Kolkata,Furniture,Bookcases & Shelving,230.46,1,230.46,0.15,34.57,195.89,195.1,0.79,0.4,Express Air,Credit Card,Delivered
ORD-2026-11691,2026-06-15,2026-06-17,CUST-1087,Aditya Malhotra,Consumer,South,Hyderabad,Technology,Laptops & Desktops,891.92,2,1783.84,0.1,178.38,1605.46,1286.56,318.9,19.86,Express Air,Credit Card,Delivered
ORD-2024-10597,2026-06-16,2026-06-19,CUST-1032,Karan Kulkarni,Corporate,East,Bhubaneswar,Office Supplies,Binders & Organizers,23.59,1,23.59,0.0,0.0,23.59,13.93,9.66,40.95,Express Air,Corporate Purchase Order,Delivered
ORD-2025-11054,2026-06-16,2026-06-17,CUST-1042,Isha Choudhury,Corporate,North,Dehradun,Office Supplies,Writing Instruments,21.0,1,21.0,0.0,0.0,21.0,12.99,8.01,38.14,Express Air,Corporate Purchase Order,Shipped
ORD-2026-12331,2026-06-16,2026-06-19,CUST-1051,Karan Saxena,Corporate,West,Mumbai,Office Supplies,Writing Instruments,23.22,3,69.66,0.1,6.97,62.69,43.67,19.02,30.34,Standard Delivery,UPI / QR,Delivered
ORD-2024-11541,2026-06-17,2026-06-24,CUST-1014,Deepak Joshi,Consumer,Central,Nagpur,Technology,Audio & Accessories,173.72,2,347.44,0.15,52.12,295.32,237.74,57.58,19.5,Same Day Priority,UPI / QR,Processing
ORD-2025-11326,2026-06-18,2026-06-20,CUST-1113,Isha Verma,Home Office,East,Kolkata,Office Supplies,Storage Solutions,34.49,1,34.49,0.0,0.0,34.49,26.92,7.57,21.95,Standard Delivery,Net Banking,Processing
ORD-2024-10069,2026-06-19,2026-06-20,CUST-1021,Divya Bose,Home Office,East,Ranchi,Furniture,Conference Tables,1048.14,1,1048.14,0.0,0.0,1048.14,889.62,158.52,15.12,Same Day Priority,Corporate Purchase Order,Delivered
ORD-2025-11614,2026-06-19,2026-06-23,CUST-1129,Arjun Patel,Consumer,West,Surat,Technology,Audio & Accessories,165.8,2,331.6,0.15,49.74,281.86,192.74,89.12,31.62,Same Day Priority,Cash on Delivery,Delivered
ORD-2025-11270,2026-06-20,2026-06-22,CUST-1080,Ananya Singh,Consumer,Central,Raipur,Furniture,Office Chairs,201.11,2,402.22,0.25,100.56,301.66,293.4,8.26,2.74,Standard Delivery,UPI / QR,Delivered
ORD-2024-11361,2026-06-20,2026-06-25,CUST-1079,Sanjay Saxena,Corporate,Central,Bhopal,Office Supplies,Binders & Organizers,27.81,2,55.62,0.0,0.0,55.62,25.7,29.92,53.79,Freight Saver,Corporate Purchase Order,Delivered
ORD-2026-12335,2026-06-21,2026-06-22,CUST-1011,Aditya Sharma,Consumer,West,Pune,Office Supplies,Paper & Envelopes,13.54,1,13.54,0.15,2.03,11.51,7.73,3.78,32.84,Freight Saver,Net Banking,Delivered
ORD-2023-11548,2026-06-23,2026-06-26,CUST-1063,Deepak Nair,Home Office,Central,Nagpur,Furniture,Executive Desks,267.08,1,267.08,0.0,0.0,267.08,224.08,43.0,16.1,Same Day Priority,Credit Card,Delivered
ORD-2024-11689,2026-06-24,2026-06-28,CUST-1081,Rahul Joshi,Consumer,North,Jaipur,Furniture,Executive Desks,307.19,1,307.19,0.15,46.08,261.11,262.8,-1.69,-0.65,Express Air,Credit Card,Processing
ORD-2023-12416,2026-06-24,2026-06-25,CUST-1048,Rohan Nair,Home Office,Central,Bhopal,Furniture,Executive Desks,288.26,2,576.52,0.15,86.48,490.04,475.11,14.93,3.05,Freight Saver,Net Banking,Delivered
ORD-2025-10306,2026-06-25,2026-06-27,CUST-1148,Priya Sharma,Corporate,East,Ranchi,Technology,Audio & Accessories,97.64,3,292.92,0.0,0.0,292.92,188.89,104.03,35.51,Freight Saver,Corporate Purchase Order,Shipped
ORD-2023-10348,2026-06-25,2026-06-30,CUST-1074,Shweta Rao,Corporate,North,Jaipur,Furniture,Office Chairs,192.89,2,385.78,0.0,0.0,385.78,285.09,100.69,26.1,Express Air,Credit Card,Shipped
ORD-2024-11977,2026-06-25,2026-06-26,CUST-1138,Amit Sharma,Home Office,South,Bengaluru,Furniture,Bookcases & Shelving,255.07,5,1275.35,0.0,0.0,1275.35,985.87,289.48,22.7,Standard Delivery,UPI / QR,Delivered
ORD-2026-11531,2026-06-26,2026-06-30,CUST-1105,Vikram Kulkarni,Consumer,Central,Raipur,Furniture,Bookcases & Shelving,334.93,1,334.93,0.05,16.75,318.18,291.5,26.68,8.39,Express Air,Cash on Delivery,Delivered
ORD-2025-10790,2026-06-27,2026-06-28,CUST-1095,Priya Mehta,Consumer,North,Jaipur,Office Supplies,Paper & Envelopes,11.93,1,11.93,0.0,0.0,11.93,6.64,5.29,44.34,Same Day Priority,Credit Card,Delivered
ORD-2024-11413,2026-06-28,2026-07-01,CUST-1047,Deepak Verma,Consumer,East,Kolkata,Technology,Smartphones & Tablets,729.46,4,2917.84,0.0,0.0,2917.84,2282.44,635.4,21.78,Express Air,Net Banking,Shipped
ORD-2025-11582,2026-06-28,2026-07-05,CUST-1026,Rajesh Bose,Consumer,Central,Indore,Technology,Printers & Scanners,184.21,1,184.21,0.05,9.21,175.0,157.83,17.17,9.81,Freight Saver,Credit Card,Delivered
ORD-2023-10516,2026-06-29,2026-07-04,CUST-1089,Preeti Menon,Home Office,West,Surat,Technology,Audio & Accessories,153.46,2,306.92,0.05,15.35,0.0,199.03,-29.85,31.74,Same Day Priority,Cash on Delivery,Returned
ORD-2026-11231,2026-06-29,2026-07-02,CUST-1055,Deepak Joshi,Consumer,North,Jaipur,Furniture,Conference Tables,787.33,1,787.33,0.0,0.0,787.33,694.52,92.81,11.79,Same Day Priority,Cash on Delivery,Delivered
ORD-2023-12296,2026-06-29,2026-07-01,CUST-1087,Aditya Malhotra,Consumer,West,Surat,Office Supplies,Binders & Organizers,6.23,1,6.23,0.25,1.56,4.67,2.87,1.8,38.54,Same Day Priority,Cash on Delivery,Delivered
ORD-2025-11666,2026-06-30,2026-07-03,CUST-1111,Vikram Chopra,Consumer,North,Chandigarh,Office Supplies,Storage Solutions,58.14,3,174.42000000000002,0.05,8.72,0.0,131.81,-19.77,20.45,Same Day Priority,Net Banking,Returned
ORD-2023-12148,2026-06-30,2026-07-03,CUST-1021,Divya Bose,Home Office,South,Bengaluru,Office Supplies,Paper & Envelopes,9.73,3,29.19,0.05,1.46,0.0,16.61,-2.49,40.1,Express Air,Cash on Delivery,Returned
ORD-2025-10334,2026-07-01,2026-07-04,CUST-1066,Aarav Mehta,Corporate,North,Jaipur,Technology,Laptops & Desktops,620.94,4,2483.76,0.1,248.38,0.0,1806.09,-270.91,19.2,Standard Delivery,Corporate Purchase Order,Returned
ORD-2025-10974,2026-07-01,2026-07-03,CUST-1052,Isha Sharma,Home Office,South,Hyderabad,Furniture,Executive Desks,694.74,5,3473.7,0.05,173.69,3300.01,2634.87,665.14,20.16,Standard Delivery,Credit Card,Delivered
ORD-2023-12364,2026-07-01,2026-07-02,CUST-1039,Tanvi Kulkarni,Home Office,South,Chennai,Technology,Laptops & Desktops,610.61,1,610.61,0.0,0.0,610.61,447.08,163.53,26.78,Same Day Priority,Net Banking,Processing
ORD-2026-11627,2026-07-03,2026-07-04,CUST-1015,Rahul Kulkarni,Consumer,South,Kochi,Technology,Audio & Accessories,77.7,1,77.7,0.15,11.65,66.05,52.35,13.7,20.74,Express Air,Net Banking,Delivered
ORD-2026-10267,2026-07-04,2026-07-07,CUST-1078,Rajesh Bose,Corporate,West,Goa,Furniture,Office Chairs,370.09,1,370.09,0.0,0.0,370.09,304.37,65.72,17.76,Standard Delivery,Cash on Delivery,Delivered
ORD-2026-11511,2026-07-04,2026-07-05,CUST-1051,Karan Saxena,Corporate,East,Bhubaneswar,Technology,Audio & Accessories,116.68,1,116.68,0.2,23.34,93.34,86.6,6.74,7.22,Express Air,UPI / QR,Delivered
ORD-2025-11762,2026-07-04,2026-07-06,CUST-1058,Sanjay Iyer,Home Office,East,Patna,Technology,Audio & Accessories,99.84,1,99.84,0.1,9.98,0.0,69.96,-10.49,22.15,Standard Delivery,Corporate Purchase Order,Returned
ORD-2026-12387,2026-07-04,2026-07-07,CUST-1147,Rahul Deshmukh,Corporate,East,Bhubaneswar,Technology,Smartphones & Tablets,699.71,3,2099.13,0.2,419.83,1679.3,1740.48,-61.18,-3.64,Freight Saver,Credit Card,Processing
ORD-2024-12397,2026-07-04,2026-07-08,CUST-1106,Sneha Kulkarni,Consumer,North,Dehradun,Furniture,Bookcases & Shelving,215.95,2,431.9,0.05,21.59,410.31,346.86,63.45,15.46,Freight Saver,UPI / QR,Delivered
ORD-2023-10716,2026-07-05,2026-07-06,CUST-1108,Pooja Deshmukh,Home Office,West,Ahmedabad,Furniture,Conference Tables,1279.83,1,1279.83,0.0,0.0,1279.83,1128.98,150.85,11.79,Standard Delivery,UPI / QR,Delivered
ORD-2025-11254,2026-07-05,2026-07-07,CUST-1075,Vikram Choudhury,Home Office,Central,Bhopal,Office Supplies,Paper & Envelopes,43.91,4,175.64,0.15,26.35,0.0,112.27,-16.84,24.8,Express Air,Credit Card,Returned
ORD-2026-12111,2026-07-05,2026-07-08,CUST-1054,Sanjay Choudhury,Corporate,Central,Indore,Technology,Laptops & Desktops,815.52,2,1631.04,0.2,326.21,0.0,1267.56,-190.13,2.86,Express Air,Credit Card,Returned
ORD-2025-12438,2026-07-05,2026-07-08,CUST-1117,Priya Saxena,Consumer,Central,Indore,Technology,Printers & Scanners,549.23,3,1647.69,0.1,164.77,1482.92,1290.88,192.04,12.95,Standard Delivery,Corporate Purchase Order,Delivered
ORD-2025-11574,2026-07-07,2026-07-09,CUST-1006,Aarav Patel,Consumer,West,Mumbai,Furniture,Conference Tables,696.56,1,696.56,0.1,69.66,626.9,557.69,69.21,11.04,Freight Saver,UPI / QR,Delivered
ORD-2025-12010,2026-07-07,2026-07-12,CUST-1040,Karan Reddy,Corporate,Central,Nagpur,Office Supplies,Binders & Organizers,34.43,4,137.72,0.2,27.54,110.18,62.8,47.38,43.0,Express Air,Cash on Delivery,Delivered
ORD-2026-12447,2026-07-07,2026-07-09,CUST-1150,Aditya Nair,Home Office,North,Dehradun,Office Supplies,Storage Solutions,50.49,5,252.45,0.0,0.0,252.45,186.12,66.33,26.27,Standard Delivery,UPI / QR,Processing
ORD-2023-10672,2026-07-08,2026-07-10,CUST-1003,Neha Reddy,Home Office,North,Dehradun,Office Supplies,Writing Instruments,21.91,1,21.91,0.0,0.0,21.91,12.01,9.9,45.18,Freight Saver,Credit Card,Delivered
ORD-2025-10530,2026-07-09,2026-07-12,CUST-1060,Preeti Mehta,Home Office,East,Patna,Technology,Smartphones & Tablets,871.48,2,1742.96,0.0,0.0,1742.96,1424.37,318.59,18.28,Express Air,Net Banking,Delivered
ORD-2026-11515,2026-07-09,2026-07-10,CUST-1061,Pooja Saxena,Home Office,South,Kochi,Technology,Printers & Scanners,483.97,2,967.94,0.05,48.4,919.54,776.93,142.61,15.51,Freight Saver,Cash on Delivery,Delivered
ORD-2026-10075,2026-07-10,2026-07-12,CUST-1145,Swati Iyer,Home Office,Central,Raipur,Furniture,Bookcases & Shelving,357.92,2,715.84,0.0,0.0,0.0,624.07,-93.61,12.82,Freight Saver,Net Banking,Returned
ORD-2024-12145,2026-07-10,2026-07-13,CUST-1093,Meera Bose,Corporate,West,Mumbai,Office Supplies,Binders & Organizers,22.98,1,22.98,0.1,2.3,20.68,12.75,7.93,38.35,Standard Delivery,Cash on Delivery,Delivered
ORD-2024-12401,2026-07-10,2026-07-14,CUST-1062,Vikram Reddy,Corporate,East,Ranchi,Office Supplies,Writing Instruments,17.6,3,52.8,0.0,0.0,52.8,36.71,16.09,30.47,Same Day Priority,Credit Card,Delivered
ORD-2024-11957,2026-07-11,2026-07-13,CUST-1104,Meera Malhotra,Corporate,Central,Jabalpur,Technology,Smartphones & Tablets,486.1,2,972.2,0.1,97.22,874.98,811.73,63.25,7.23,Express Air,Net Banking,Delivered
ORD-2024-12393,2026-07-11,2026-07-18,CUST-1147,Rahul Deshmukh,Corporate,North,Jaipur,Office Supplies,Storage Solutions,46.3,2,92.6,0.0,0.0,92.6,67.77,24.83,26.81,Freight Saver,Corporate Purchase Order,Processing
ORD-2025-10326,2026-07-12,2026-07-15,CUST-1141,Aditya Mehta,Consumer,Central,Bhopal,Technology,Audio & Accessories,63.78,4,255.12,0.15,38.27,216.85,180.23,36.62,16.89,Standard Delivery,Credit Card,Processing
ORD-2026-10371,2026-07-12,2026-07-14,CUST-1023,Swati Singh,Corporate,West,Goa,Office Supplies,Writing Instruments,12.97,3,38.91,0.0,0.0,38.91,22.76,16.15,41.51,Same Day Priority,Credit Card,Shipped
ORD-2023-11440,2026-07-12,2026-07-15,CUST-1149,Deepak Reddy,Home Office,South,Bengaluru,Furniture,Office Chairs,396.83,3,1190.49,0.0,0.0,1190.49,998.51,191.98,16.13,Express Air,Corporate Purchase Order,Shipped
ORD-2025-12034,2026-07-12,2026-07-15,CUST-1097,Neha Gupta,Consumer,East,Bhubaneswar,Technology,Audio & Accessories,77.63,4,310.52,0.0,0.0,310.52,226.83,83.69,26.95,Same Day Priority,UPI / QR,Delivered
ORD-2026-10011,2026-07-13,2026-07-15,CUST-1099,Meera Nair,Corporate,West,Surat,Technology,Laptops & Desktops,2028.26,4,8113.04,0.15,1216.96,0.0,6021.16,-903.17,12.69,Express Air,Credit Card,Returned
ORD-2023-10600,2026-07-13,2026-07-14,CUST-1126,Vikram Joshi,Consumer,North,Chandigarh,Technology,Smartphones & Tablets,1050.62,1,1050.62,0.0,0.0,1050.62,835.36,215.26,20.49,Express Air,Credit Card,Shipped
ORD-2023-11176,2026-07-13,2026-07-16,CUST-1083,Naveen Singh,Consumer,North,Lucknow,Furniture,Executive Desks,847.17,2,1694.34,0.15,254.15,1440.19,1283.61,156.58,10.87,Freight Saver,Credit Card,Delivered
ORD-2025-10202,2026-07-14,2026-07-19,CUST-1022,Vikram Patel,Consumer,Central,Jabalpur,Technology,Laptops & Desktops,634.88,1,634.88,0.2,126.98,0.0,492.45,-73.87,3.04,Express Air,UPI / QR,Returned
ORD-2023-10244,2026-07-14,2026-07-15,CUST-1108,Pooja Deshmukh,Home Office,North,Dehradun,Technology,Smartphones & Tablets,635.06,4,2540.24,0.05,127.01,0.0,2002.29,-300.34,17.03,Same Day Priority,UPI / QR,Returned
ORD-2026-10787,2026-07-14,2026-07-15,CUST-1013,Aditya Reddy,Consumer,South,Bengaluru,Furniture,Executive Desks,713.33,4,2853.32,0.05,142.67,2710.65,2550.03,160.62,5.93,Express Air,UPI / QR,Processing
ORD-2026-12131,2026-07-14,2026-07-16,CUST-1077,Pooja Kulkarni,Home Office,North,New Delhi,Office Supplies,Paper & Envelopes,16.29,1,16.29,0.15,2.44,13.85,10.26,3.59,25.92,Standard Delivery,Cash on Delivery,Delivered
ORD-2025-10798,2026-07-15,2026-07-17,CUST-1112,Priya Menon,Home Office,East,Ranchi,Furniture,Executive Desks,742.78,2,1485.56,0.15,222.83,1262.73,1223.5,39.23,3.11,Express Air,UPI / QR,Shipped
ORD-2024-10805,2026-07-15,2026-07-18,CUST-1019,Preeti Kulkarni,Consumer,East,Kolkata,Furniture,Bookcases & Shelving,149.02,2,298.04,0.15,44.71,253.33,239.88,13.45,5.31,Standard Delivery,Credit Card,Delivered
ORD-2024-10865,2026-07-17,2026-07-19,CUST-1089,Preeti Menon,Home Office,North,Chandigarh,Office Supplies,Writing Instruments,10.38,3,31.14,0.05,1.56,29.58,18.89,10.69,36.14,Express Air,Cash on Delivery,Shipped
ORD-2023-11524,2026-07-17,2026-07-24,CUST-1089,Preeti Menon,Home Office,Central,Bhopal,Technology,Printers & Scanners,201.49,1,201.49,0.05,10.07,191.42,173.83,17.59,9.19,Standard Delivery,Net Banking,Delivered
ORD-2023-11732,2026-07-18,2026-07-20,CUST-1140,Preeti Mehta,Consumer,East,Kolkata,Office Supplies,Storage Solutions,50.43,5,252.15,0.2,50.43,201.72,197.37,4.35,2.16,Standard Delivery,Corporate Purchase Order,Delivered
ORD-2025-10074,2026-07-20,2026-07-21,CUST-1131,Ananya Patel,Home Office,South,Hyderabad,Technology,Smartphones & Tablets,489.02,1,489.02,0.0,0.0,0.0,386.21,-57.93,21.02,Standard Delivery,Credit Card,Returned
ORD-2024-11333,2026-07-20,2026-07-22,CUST-1003,Neha Reddy,Home Office,North,Lucknow,Technology,Printers & Scanners,290.9,1,290.9,0.0,0.0,290.9,247.68,43.22,14.86,Freight Saver,Cash on Delivery,Delivered
ORD-2023-10432,2026-07-21,2026-07-22,CUST-1019,Preeti Kulkarni,Consumer,West,Ahmedabad,Furniture,Bookcases & Shelving,222.03,1,222.03,0.2,44.41,177.62,180.93,-3.31,-1.86,Express Air,UPI / QR,Shipped
ORD-2025-11938,2026-07-21,2026-07-24,CUST-1131,Ananya Patel,Home Office,South,Kochi,Office Supplies,Paper & Envelopes,9.0,1,9.0,0.0,0.0,9.0,5.19,3.81,42.33,Express Air,Cash on Delivery,Shipped
ORD-2026-10343,2026-07-22,2026-07-25,CUST-1098,Isha Kapoor,Consumer,North,Jaipur,Furniture,Bookcases & Shelving,257.38,1,257.38,0.05,12.87,244.51,219.67,24.84,10.16,Standard Delivery,Corporate Purchase Order,Delivered
ORD-2023-10188,2026-07-23,2026-07-26,CUST-1017,Aditya Verma,Home Office,East,Ranchi,Office Supplies,Binders & Organizers,6.74,1,6.74,0.05,0.34,6.4,3.77,2.63,41.09,Standard Delivery,Net Banking,Processing
ORD-2023-10888,2026-07-24,2026-07-27,CUST-1117,Priya Saxena,Consumer,North,Jaipur,Office Supplies,Writing Instruments,14.34,1,14.34,0.05,0.72,0.0,8.56,-1.28,37.15,Same Day Priority,Net Banking,Returned
ORD-2023-11392,2026-07-24,2026-07-26,CUST-1092,Ananya Mehta,Home Office,South,Coimbatore,Furniture,Executive Desks,440.82,1,440.82,0.0,0.0,440.82,365.93,74.89,16.99,Standard Delivery,Credit Card,Delivered
ORD-2024-12121,2026-07-24,2026-07-27,CUST-1150,Aditya Nair,Home Office,Central,Raipur,Office Supplies,Storage Solutions,32.88,1,32.88,0.0,0.0,32.88,24.71,8.17,24.85,Same Day Priority,Net Banking,Delivered
ORD-2023-12204,2026-07-24,2026-07-28,CUST-1019,Preeti Kulkarni,Consumer,Central,Indore,Furniture,Conference Tables,1250.68,2,2501.36,0.0,0.0,2501.36,2038.58,462.78,18.5,Express Air,UPI / QR,Delivered
ORD-2024-10297,2026-07-26,2026-07-27,CUST-1024,Rahul Singh,Consumer,South,Kochi,Office Supplies,Storage Solutions,33.37,1,33.37,0.0,0.0,33.37,23.65,9.72,29.13,Freight Saver,Corporate Purchase Order,Shipped
ORD-2024-10609,2026-07-26,2026-07-28,CUST-1089,Preeti Menon,Home Office,South,Hyderabad,Office Supplies,Storage Solutions,91.41,1,91.41,0.0,0.0,0.0,66.39,-9.96,27.37,Standard Delivery,UPI / QR,Returned
ORD-2023-10880,2026-07-28,2026-07-29,CUST-1055,Deepak Joshi,Consumer,Central,Nagpur,Technology,Laptops & Desktops,1015.07,3,3045.21,0.1,304.52,2740.69,2193.73,546.96,19.96,Freight Saver,Corporate Purchase Order,Shipped
ORD-2025-11138,2026-07-28,2026-07-30,CUST-1022,Vikram Patel,Consumer,South,Kochi,Office Supplies,Paper & Envelopes,24.24,4,96.96,0.1,9.7,87.26,66.76,20.5,23.49,Standard Delivery,Credit Card,Delivered
ORD-2025-11462,2026-07-28,2026-07-29,CUST-1079,Sanjay Saxena,Corporate,Central,Bhopal,Technology,Printers & Scanners,288.27,2,576.54,0.1,57.65,518.89,470.54,48.35,9.32,Same Day Priority,Credit Card,Delivered
ORD-2024-11493,2026-07-28,2026-08-01,CUST-1006,Aarav Patel,Consumer,South,Coimbatore,Technology,Smartphones & Tablets,578.94,3,1736.8200000000002,0.2,347.36,0.0,1315.84,-197.38,5.3,Standard Delivery,Credit Card,Returned
ORD-2025-11534,2026-07-28,2026-07-30,CUST-1065,Divya Joshi,Corporate,Central,Nagpur,Technology,Audio & Accessories,127.72,1,127.72,0.2,25.54,102.18,78.93,23.25,22.75,Same Day Priority,Net Banking,Processing
ORD-2024-11757,2026-07-28,2026-07-31,CUST-1046,Amit Malhotra,Consumer,Central,Raipur,Office Supplies,Writing Instruments,12.5,3,37.5,0.0,0.0,37.5,24.92,12.58,33.55,Freight Saver,Corporate Purchase Order,Delivered
ORD-2024-10561,2026-07-29,2026-07-31,CUST-1091,Ritu Deshmukh,Consumer,West,Surat,Office Supplies,Storage Solutions,42.66,1,42.66,0.0,0.0,42.66,33.31,9.35,21.92,Freight Saver,Cash on Delivery,Processing
ORD-2025-12246,2026-07-30,2026-08-02,CUST-1095,Priya Mehta,Consumer,West,Pune,Technology,Printers & Scanners,228.07,5,1140.35,0.0,0.0,1140.35,911.8,228.55,20.04,Freight Saver,Corporate Purchase Order,Processing
ORD-2025-10054,2026-07-31,2026-08-05,CUST-1028,Swati Iyer,Home Office,South,Kochi,Technology,Audio & Accessories,185.59,1,185.59,0.0,0.0,185.59,108.61,76.98,41.48,Same Day Priority,Corporate Purchase Order,Delivered
ORD-2023-10552,2026-07-31,2026-08-02,CUST-1072,Swati Malhotra,Home Office,Central,Jabalpur,Furniture,Executive Desks,694.88,2,1389.76,0.1,138.98,1250.78,1132.97,117.81,9.42,Standard Delivery,Cash on Delivery,Delivered
ORD-2026-10335,2026-08-01,2026-08-02,CUST-1143,Aditya Chopra,Home Office,West,Ahmedabad,Office Supplies,Paper & Envelopes,38.47,1,38.47,0.0,0.0,38.47,26.39,12.08,31.4,Same Day Priority,UPI / QR,Delivered
ORD-2023-10452,2026-08-01,2026-08-06,CUST-1132,Vikram Saxena,Corporate,South,Chennai,Office Supplies,Binders & Organizers,21.31,4,85.24,0.15,12.79,72.45,43.73,28.72,39.64,Same Day Priority,Net Banking,Processing
ORD-2023-11532,2026-08-01,2026-08-02,CUST-1004,Ananya Choudhury,Consumer,North,Lucknow,Office Supplies,Paper & Envelopes,37.83,1,37.83,0.05,1.89,35.94,18.96,16.98,47.25,Express Air,Credit Card,Delivered
ORD-2025-11726,2026-08-01,2026-08-03,CUST-1116,Preeti Saxena,Consumer,Central,Raipur,Furniture,Executive Desks,374.09,8,2992.72,0.15,448.91,2543.81,2411.73,132.08,5.19,Same Day Priority,Corporate Purchase Order,Shipped
ORD-2026-11555,2026-08-02,2026-08-03,CUST-1119,Divya Patel,Home Office,South,Chennai,Office Supplies,Paper & Envelopes,13.68,3,41.04,0.05,2.05,38.99,22.67,16.32,41.86,Same Day Priority,Net Banking,Delivered
ORD-2023-11996,2026-08-02,2026-08-03,CUST-1145,Swati Iyer,Home Office,East,Bhubaneswar,Technology,Printers & Scanners,372.04,3,1116.12,0.0,0.0,1116.12,925.2,190.92,17.11,Freight Saver,Cash on Delivery,Processing
ORD-2023-10756,2026-08-03,2026-08-07,CUST-1078,Rajesh Bose,Corporate,East,Kolkata,Office Supplies,Binders & Organizers,8.44,1,8.44,0.1,0.84,7.6,5.28,2.32,30.53,Standard Delivery,Credit Card,Delivered
ORD-2025-11070,2026-08-03,2026-08-08,CUST-1076,Manish Gupta,Home Office,East,Kolkata,Technology,Printers & Scanners,549.17,4,2196.68,0.0,0.0,0.0,1868.51,-280.28,14.94,Freight Saver,UPI / QR,Returned
ORD-2026-11219,2026-08-04,2026-08-06,CUST-1142,Sunita Choudhury,Consumer,Central,Indore,Technology,Smartphones & Tablets,560.08,1,560.08,0.2,112.02,448.06,431.86,16.2,3.62,Express Air,Net Banking,Shipped
ORD-2026-10123,2026-08-06,2026-08-08,CUST-1127,Aditya Kulkarni,Consumer,South,Coimbatore,Furniture,Executive Desks,806.61,1,806.61,0.1,80.66,725.95,647.51,78.44,10.81,Express Air,UPI / QR,Processing
ORD-2023-11044,2026-08-06,2026-08-07,CUST-1072,Swati Malhotra,Home Office,West,Ahmedabad,Furniture,Bookcases & Shelving,184.08,2,368.16,0.0,0.0,368.16,310.37,57.79,15.7,Freight Saver,Cash on Delivery,Delivered
ORD-2025-11506,2026-08-06,2026-08-09,CUST-1081,Rahul Joshi,Consumer,North,Chandigarh,Office Supplies,Storage Solutions,63.85,2,127.7,0.1,12.77,114.93,96.41,18.52,16.11,Standard Delivery,Credit Card,Delivered
ORD-2025-11794,2026-08-06,2026-08-08,CUST-1143,Aditya Chopra,Home Office,Central,Indore,Technology,Smartphones & Tablets,904.81,2,1809.62,0.2,361.92,1447.7,1421.91,25.79,1.78,Standard Delivery,Credit Card,Delivered
ORD-2023-12012,2026-08-06,2026-08-08,CUST-1074,Shweta Rao,Corporate,West,Mumbai,Furniture,Office Chairs,387.54,3,1162.62,0.0,0.0,1162.62,851.98,310.64,26.72,Standard Delivery,Cash on Delivery,Shipped
ORD-2023-10144,2026-08-07,2026-08-12,CUST-1135,Pooja Nair,Corporate,North,New Delhi,Office Supplies,Paper & Envelopes,36.28,1,36.28,0.15,5.44,30.84,23.72,7.12,23.09,Express Air,UPI / QR,Delivered
ORD-2025-10598,2026-08-07,2026-08-08,CUST-1114,Arjun Verma,Consumer,East,Bhubaneswar,Technology,Laptops & Desktops,1433.4,8,11467.2,0.1,1146.72,0.0,9072.33,-1360.85,12.09,Standard Delivery,Credit Card,Returned
ORD-2024-10697,2026-08-08,2026-08-10,CUST-1120,Shweta Singh,Corporate,North,New Delhi,Technology,Laptops & Desktops,2067.94,4,8271.76,0.1,827.18,7444.58,6617.85,826.73,11.11,Same Day Priority,UPI / QR,Delivered
ORD-2023-10840,2026-08-08,2026-08-13,CUST-1049,Meera Rao,Consumer,South,Hyderabad,Technology,Audio & Accessories,60.26,1,60.26,0.0,0.0,60.26,42.47,17.79,29.52,Express Air,Net Banking,Delivered
ORD-2026-11767,2026-08-08,2026-08-10,CUST-1037,Vikram Menon,Home Office,Central,Indore,Technology,Audio & Accessories,88.56,1,88.56,0.2,17.71,70.85,63.03,7.82,11.04,Standard Delivery,Corporate Purchase Order,Delivered
ORD-2023-11948,2026-08-08,2026-08-09,CUST-1111,Vikram Chopra,Consumer,Central,Bhopal,Technology,Audio & Accessories,135.61,4,542.44,0.0,0.0,542.44,302.32,240.12,44.27,Express Air,Cash on Delivery,Delivered
ORD-2024-11205,2026-08-10,2026-08-14,CUST-1073,Sneha Iyer,Home Office,North,New Delhi,Office Supplies,Binders & Organizers,18.7,2,37.4,0.2,7.48,29.92,23.4,6.52,21.79,Freight Saver,Cash on Delivery,Delivered
ORD-2026-11335,2026-08-10,2026-08-14,CUST-1108,Pooja Deshmukh,Home Office,North,Jaipur,Technology,Printers & Scanners,379.7,1,379.7,0.0,0.0,379.7,299.85,79.85,21.03,Standard Delivery,Corporate Purchase Order,Delivered
ORD-2025-10726,2026-08-11,2026-08-14,CUST-1148,Priya Sharma,Corporate,North,Lucknow,Technology,Printers & Scanners,166.65,2,333.3,0.05,16.67,316.63,282.06,34.57,10.92,Standard Delivery,UPI / QR,Delivered
ORD-2026-11027,2026-08-11,2026-08-13,CUST-1049,Meera Rao,Consumer,North,Dehradun,Office Supplies,Storage Solutions,38.71,1,38.71,0.2,7.74,0.0,29.56,-4.43,4.55,Freight Saver,Net Banking,Returned
ORD-2026-12263,2026-08-11,2026-08-15,CUST-1006,Aarav Patel,Consumer,Central,Nagpur,Technology,Laptops & Desktops,1916.39,4,7665.56,0.0,0.0,7665.56,5649.17,2016.39,26.3,Express Air,Net Banking,Delivered
ORD-2026-10711,2026-08-12,2026-08-14,CUST-1014,Deepak Joshi,Consumer,Central,Raipur,Technology,Printers & Scanners,589.81,1,589.81,0.2,117.96,471.85,488.52,-16.67,-3.53,Freight Saver,Credit Card,Delivered
ORD-2026-11119,2026-08-12,2026-08-13,CUST-1052,Isha Sharma,Home Office,East,Ranchi,Office Supplies,Writing Instruments,7.37,1,7.37,0.2,1.47,5.9,5.13,0.77,13.05,Express Air,Corporate Purchase Order,Delivered
ORD-2025-12074,2026-08-12,2026-08-13,CUST-1013,Aditya Reddy,Consumer,North,Jaipur,Technology,Smartphones & Tablets,483.3,1,483.3,0.0,0.0,483.3,374.97,108.33,22.41,Same Day Priority,Cash on Delivery,Processing
ORD-2024-12489,2026-08-12,2026-08-15,CUST-1081,Rahul Joshi,Consumer,East,Ranchi,Furniture,Conference Tables,1183.49,3,3550.4700000000003,0.05,177.52,3372.95,3032.57,340.38,10.09,Express Air,UPI / QR,Delivered
ORD-2025-10390,2026-08-13,2026-08-16,CUST-1024,Rahul Singh,Consumer,South,Chennai,Office Supplies,Paper & Envelopes,36.01,2,72.02,0.05,3.6,68.42,46.22,22.2,32.45,Freight Saver,Credit Card,Delivered
ORD-2024-10709,2026-08-13,2026-08-16,CUST-1102,Priya Choudhury,Consumer,North,Jaipur,Office Supplies,Writing Instruments,9.62,2,19.24,0.0,0.0,19.24,9.99,9.25,48.08,Freight Saver,Credit Card,Delivered
ORD-2025-10722,2026-08-14,2026-08-19,CUST-1136,Alok Choudhury,Home Office,East,Ranchi,Technology,Smartphones & Tablets,947.23,1,947.23,0.0,0.0,947.23,781.91,165.32,17.45,Express Air,Net Banking,Delivered
ORD-2023-11736,2026-08-15,2026-08-17,CUST-1048,Rohan Nair,Home Office,North,Dehradun,Office Supplies,Storage Solutions,60.83,2,121.66,0.05,6.08,115.58,90.44,25.14,21.75,Freight Saver,Corporate Purchase Order,Delivered
ORD-2026-10051,2026-08-16,2026-08-17,CUST-1113,Isha Verma,Home Office,North,Dehradun,Technology,Smartphones & Tablets,372.11,1,372.11,0.1,37.21,334.9,309.76,25.14,7.51,Express Air,Cash on Delivery,Delivered
ORD-2026-12323,2026-08-16,2026-08-18,CUST-1077,Pooja Kulkarni,Home Office,West,Surat,Furniture,Bookcases & Shelving,346.94,2,693.88,0.05,34.69,659.19,590.08,69.11,10.48,Same Day Priority,Cash on Delivery,Delivered
ORD-2023-10932,2026-08-18,2026-08-21,CUST-1118,Shweta Nair,Consumer,Central,Jabalpur,Technology,Printers & Scanners,515.92,2,1031.84,0.1,103.18,928.66,838.98,89.68,9.66,Standard Delivery,Credit Card,Shipped
ORD-2026-12083,2026-08-18,2026-08-19,CUST-1076,Manish Gupta,Home Office,South,Hyderabad,Furniture,Conference Tables,1455.16,2,2910.32,0.1,291.03,2619.29,2454.09,165.2,6.31,Standard Delivery,Cash on Delivery,Delivered
ORD-2024-10265,2026-08-19,2026-08-21,CUST-1140,Preeti Mehta,Consumer,Central,Indore,Office Supplies,Binders & Organizers,13.83,1,13.83,0.1,1.38,12.45,8.47,3.98,31.97,Express Air,Cash on Delivery,Delivered
ORD-2026-11379,2026-08-19,2026-08-20,CUST-1015,Rahul Kulkarni,Consumer,East,Ranchi,Furniture,Conference Tables,667.15,3,2001.45,0.0,0.0,2001.45,1667.41,334.04,16.69,Express Air,Cash on Delivery,Delivered
ORD-2026-10527,2026-08-21,2026-08-23,CUST-1051,Karan Saxena,Corporate,East,Kolkata,Technology,Audio & Accessories,96.3,3,288.9,0.15,43.33,245.57,186.6,58.97,24.01,Same Day Priority,Credit Card,Delivered
ORD-2023-12020,2026-08-21,2026-08-23,CUST-1055,Deepak Joshi,Consumer,Central,Nagpur,Technology,Smartphones & Tablets,729.13,5,3645.65,0.0,0.0,3645.65,3092.37,553.28,15.18,Same Day Priority,Corporate Purchase Order,Processing
ORD-2024-10269,2026-08-22,2026-08-23,CUST-1089,Preeti Menon,Home Office,West,Pune,Office Supplies,Binders & Organizers,33.77,2,67.54,0.0,0.0,67.54,31.53,36.01,53.32,Standard Delivery,Corporate Purchase Order,Delivered
ORD-2026-10947,2026-08-22,2026-08-27,CUST-1031,Sunita Singh,Consumer,East,Kolkata,Technology,Printers & Scanners,408.3,5,2041.5,0.0,0.0,0.0,1713.31,-257.0,16.08,Freight Saver,Credit Card,Returned
ORD-2024-12301,2026-08-23,2026-08-24,CUST-1027,Kavita Bose,Consumer,Central,Jabalpur,Technology,Printers & Scanners,313.46,1,313.46,0.1,31.35,282.11,266.38,15.73,5.58,Freight Saver,Credit Card,Processing
ORD-2025-10630,2026-08-24,2026-08-26,CUST-1114,Arjun Verma,Consumer,East,Kolkata,Technology,Laptops & Desktops,795.28,2,1590.56,0.2,318.11,1272.45,1268.48,3.97,0.31,Freight Saver,Net Banking,Processing
ORD-2025-11170,2026-08-24,2026-08-25,CUST-1134,Sanjay Singh,Corporate,South,Coimbatore,Office Supplies,Writing Instruments,21.39,4,85.56,0.2,17.11,68.45,44.71,23.74,34.68,Standard Delivery,Credit Card,Processing
ORD-2023-12260,2026-08-24,2026-08-26,CUST-1018,Karan Choudhury,Consumer,Central,Indore,Technology,Audio & Accessories,113.54,3,340.62,0.0,0.0,0.0,251.37,-37.71,26.2,Express Air,UPI / QR,Returned
ORD-2026-11291,2026-08-26,2026-08-29,CUST-1083,Naveen Singh,Consumer,South,Coimbatore,Technology,Printers & Scanners,582.16,2,1164.32,0.0,0.0,1164.32,961.86,202.46,17.39,Freight Saver,Cash on Delivery,Shipped
ORD-2023-10036,2026-08-27,2026-08-29,CUST-1072,Swati Malhotra,Home Office,South,Coimbatore,Furniture,Conference Tables,1464.41,2,2928.82,0.05,146.44,2782.38,2541.91,240.47,8.64,Standard Delivery,Credit Card,Delivered
ORD-2025-10230,2026-08-27,2026-08-29,CUST-1006,Aarav Patel,Consumer,North,Lucknow,Office Supplies,Binders & Organizers,23.03,1,23.03,0.0,0.0,23.03,11.26,11.77,51.11,Same Day Priority,Net Banking,Delivered
ORD-2023-10420,2026-08-27,2026-08-29,CUST-1073,Sneha Iyer,Home Office,West,Surat,Furniture,Executive Desks,307.32,1,307.32,0.05,15.37,291.95,265.56,26.39,9.04,Express Air,Cash on Delivery,Processing
ORD-2024-10909,2026-08-28,2026-08-30,CUST-1022,Vikram Patel,Consumer,West,Surat,Technology,Audio & Accessories,154.04,4,616.16,0.0,0.0,616.16,357.69,258.47,41.95,Express Air,Cash on Delivery,Delivered
ORD-2024-11557,2026-08-28,2026-08-30,CUST-1059,Deepak Nair,Home Office,West,Mumbai,Technology,Printers & Scanners,293.12,8,2344.96,0.05,117.25,0.0,1881.52,-282.23,15.54,Freight Saver,Net Banking,Returned
ORD-2026-11499,2026-08-29,2026-08-30,CUST-1039,Tanvi Kulkarni,Home Office,North,New Delhi,Furniture,Executive Desks,493.19,3,1479.57,0.1,147.96,1331.61,1316.06,15.55,1.17,Same Day Priority,Credit Card,Delivered
ORD-2023-11832,2026-08-30,2026-09-04,CUST-1001,Rajesh Mehta,Consumer,North,New Delhi,Office Supplies,Writing Instruments,12.22,2,24.44,0.15,3.67,20.77,14.51,6.26,30.14,Standard Delivery,Cash on Delivery,Delivered
ORD-2026-12367,2026-08-30,2026-08-31,CUST-1011,Aditya Sharma,Consumer,Central,Raipur,Technology,Audio & Accessories,57.65,1,57.65,0.25,14.41,43.24,37.25,5.99,13.85,Freight Saver,Credit Card,Processing
ORD-2026-10679,2026-09-01,2026-09-06,CUST-1099,Meera Nair,Corporate,West,Goa,Furniture,Conference Tables,962.35,3,2887.05,0.0,0.0,2887.05,2430.62,456.43,15.81,Freight Saver,Cash on Delivery,Shipped
ORD-2026-12343,2026-09-01,2026-09-05,CUST-1076,Manish Gupta,Home Office,Central,Jabalpur,Office Supplies,Paper & Envelopes,15.02,1,15.02,0.15,2.25,12.77,9.39,3.38,26.47,Same Day Priority,Net Banking,Delivered
ORD-2026-10143,2026-09-02,2026-09-07,CUST-1087,Aditya Malhotra,Consumer,East,Ranchi,Office Supplies,Storage Solutions,68.78,3,206.34,0.0,0.0,206.34,160.74,45.6,22.1,Freight Saver,Credit Card,Shipped
ORD-2023-10568,2026-09-03,2026-09-06,CUST-1029,Preeti Patel,Home Office,East,Bhubaneswar,Technology,Smartphones & Tablets,595.71,1,595.71,0.0,0.0,595.71,474.96,120.75,20.27,Freight Saver,UPI / QR,Delivered
ORD-2025-11778,2026-09-03,2026-09-04,CUST-1024,Rahul Singh,Consumer,North,Chandigarh,Office Supplies,Storage Solutions,105.85,1,105.85,0.0,0.0,105.85,76.99,28.86,27.26,Standard Delivery,Cash on Delivery,Delivered
ORD-2026-12271,2026-09-03,2026-09-04,CUST-1141,Aditya Mehta,Consumer,Central,Bhopal,Furniture,Conference Tables,684.15,1,684.15,0.15,102.62,581.53,608.07,-26.54,-4.56,Express Air,Credit Card,Delivered
ORD-2025-10298,2026-09-05,2026-09-07,CUST-1015,Rahul Kulkarni,Consumer,South,Kochi,Furniture,Executive Desks,837.93,5,4189.65,0.05,209.48,3980.17,3648.3,331.87,8.34,Express Air,Cash on Delivery,Delivered
ORD-2025-11782,2026-09-05,2026-09-07,CUST-1080,Ananya Singh,Consumer,North,New Delhi,Technology,Audio & Accessories,78.11,3,234.33,0.0,0.0,234.33,142.59,91.74,39.15,Same Day Priority,Cash on Delivery,Shipped
ORD-2023-12256,2026-09-05,2026-09-07,CUST-1043,Sunita Menon,Corporate,Central,Raipur,Technology,Audio & Accessories,187.42,1,187.42,0.05,9.37,178.05,117.29,60.76,34.13,Freight Saver,Cash on Delivery,Processing
ORD-2023-11020,2026-09-06,2026-09-07,CUST-1072,Swati Malhotra,Home Office,East,Ranchi,Technology,Audio & Accessories,34.15,1,34.15,0.15,5.12,29.03,24.01,5.02,17.29,Freight Saver,UPI / QR,Processing
ORD-2024-10517,2026-09-07,2026-09-09,CUST-1076,Manish Gupta,Home Office,West,Surat,Office Supplies,Writing Instruments,20.72,3,62.16,0.15,9.32,52.84,35.78,17.06,32.29,Same Day Priority,UPI / QR,Processing
ORD-2023-12040,2026-09-07,2026-09-09,CUST-1129,Arjun Patel,Consumer,West,Goa,Technology,Smartphones & Tablets,1008.84,2,2017.68,0.0,0.0,2017.68,1655.03,362.65,17.97,Same Day Priority,Corporate Purchase Order,Delivered
ORD-2023-10196,2026-09-08,2026-09-10,CUST-1079,Sanjay Saxena,Corporate,North,Chandigarh,Furniture,Executive Desks,514.86,5,2574.3,0.25,643.58,1930.72,2261.89,-331.17,-17.15,Same Day Priority,UPI / QR,Delivered
ORD-2025-10498,2026-09-08,2026-09-11,CUST-1113,Isha Verma,Home Office,North,Chandigarh,Technology,Smartphones & Tablets,446.51,2,893.02,0.0,0.0,893.02,717.35,175.67,19.67,Standard Delivery,Corporate Purchase Order,Delivered
ORD-2025-11098,2026-09-08,2026-09-10,CUST-1066,Aarav Mehta,Corporate,West,Pune,Office Supplies,Binders & Organizers,26.87,1,26.87,0.1,2.69,24.18,15.91,8.27,34.2,Standard Delivery,UPI / QR,Delivered
ORD-2023-12016,2026-09-08,2026-09-10,CUST-1087,Aditya Malhotra,Consumer,West,Goa,Technology,Smartphones & Tablets,880.74,3,2642.2200000000003,0.0,0.0,2642.22,2084.05,558.17,21.13,Standard Delivery,Corporate Purchase Order,Delivered
ORD-2024-10189,2026-09-09,2026-09-12,CUST-1031,Sunita Singh,Consumer,North,Chandigarh,Furniture,Executive Desks,572.31,1,572.31,0.05,28.62,543.69,444.47,99.22,18.25,Same Day Priority,Credit Card,Delivered
ORD-2026-10967,2026-09-09,2026-09-12,CUST-1007,Neha Saxena,Home Office,West,Mumbai,Office Supplies,Writing Instruments,15.69,1,15.69,0.2,3.14,12.55,10.81,1.74,13.86,Standard Delivery,Corporate Purchase Order,Shipped
ORD-2025-11658,2026-09-09,2026-09-10,CUST-1104,Meera Malhotra,Corporate,North,Jaipur,Office Supplies,Binders & Organizers,9.4,1,9.4,0.1,0.94,8.46,5.23,3.23,38.18,Standard Delivery,Corporate Purchase Order,Delivered
ORD-2024-12385,2026-09-09,2026-09-11,CUST-1111,Vikram Chopra,Consumer,East,Kolkata,Technology,Audio & Accessories,60.82,1,60.82,0.0,0.0,0.0,42.76,-6.41,29.69,Standard Delivery,Corporate Purchase Order,Returned
ORD-2023-10160,2026-09-10,2026-09-11,CUST-1109,Sunita Choudhury,Home Office,West,Mumbai,Furniture,Conference Tables,1019.58,2,2039.16,0.2,407.83,1631.33,1657.91,-26.58,-1.63,Freight Saver,Cash on Delivery,Delivered
ORD-2023-10184,2026-09-10,2026-09-14,CUST-1053,Sunita Mehta,Home Office,Central,Jabalpur,Furniture,Conference Tables,689.87,1,689.87,0.15,103.48,586.39,555.02,31.37,5.35,Freight Saver,Corporate Purchase Order,Delivered
ORD-2024-10061,2026-09-11,2026-09-13,CUST-1118,Shweta Nair,Consumer,North,New Delhi,Office Supplies,Storage Solutions,65.5,1,65.5,0.1,6.55,58.95,48.04,10.91,18.51,Standard Delivery,Net Banking,Shipped
ORD-2024-10381,2026-09-11,2026-09-14,CUST-1006,Aarav Patel,Consumer,Central,Nagpur,Furniture,Executive Desks,440.66,1,440.66,0.0,0.0,440.66,375.5,65.16,14.79,Freight Saver,UPI / QR,Delivered
ORD-2026-10579,2026-09-11,2026-09-15,CUST-1087,Aditya Malhotra,Consumer,South,Kochi,Furniture,Conference Tables,1227.27,2,2454.54,0.0,0.0,2454.54,2065.02,389.52,15.87,Standard Delivery,Credit Card,Delivered
ORD-2026-11643,2026-09-11,2026-09-13,CUST-1001,Rajesh Mehta,Consumer,West,Goa,Furniture,Office Chairs,426.49,1,426.49,0.0,0.0,426.49,331.79,94.7,22.2,Same Day Priority,UPI / QR,Delivered
ORD-2025-11818,2026-09-11,2026-09-13,CUST-1128,Swati Chopra,Corporate,West,Ahmedabad,Furniture,Bookcases & Shelving,367.61,4,1470.44,0.0,0.0,0.0,1277.36,-191.6,13.13,Same Day Priority,UPI / QR,Returned
ORD-2023-10296,2026-09-12,2026-09-13,CUST-1059,Deepak Nair,Home Office,West,Pune,Technology,Printers & Scanners,503.74,3,1511.22,0.1,151.12,1360.1,1226.42,133.68,9.83,Standard Delivery,Credit Card,Delivered
ORD-2025-10582,2026-09-12,2026-09-14,CUST-1117,Priya Saxena,Consumer,North,Jaipur,Furniture,Executive Desks,445.08,4,1780.32,0.0,0.0,1780.32,1338.02,442.3,24.84,Express Air,Cash on Delivery,Delivered
ORD-2024-10625,2026-09-12,2026-09-17,CUST-1041,Rohan Singh,Home Office,North,Dehradun,Technology,Printers & Scanners,455.05,10,4550.5,0.1,455.05,4095.45,3826.49,268.96,6.57,Same Day Priority,Net Banking,Processing
ORD-2023-11788,2026-09-12,2026-09-13,CUST-1059,Deepak Nair,Home Office,South,Coimbatore,Technology,Smartphones & Tablets,744.85,1,744.85,0.05,37.24,707.61,598.04,109.57,15.48,Express Air,Cash on Delivery,Delivered
ORD-2024-10457,2026-09-13,2026-09-15,CUST-1016,Kavita Bose,Home Office,West,Mumbai,Office Supplies,Paper & Envelopes,10.45,2,20.9,0.1,2.09,18.81,11.36,7.45,39.61,Express Air,Cash on Delivery,Delivered
ORD-2025-11038,2026-09-13,2026-09-20,CUST-1096,Siddharth Joshi,Consumer,Central,Nagpur,Furniture,Executive Desks,636.59,1,636.59,0.0,0.0,636.59,553.6,82.99,13.04,Same Day Priority,Credit Card,Processing
ORD-2026-12207,2026-09-14,2026-09-16,CUST-1007,Neha Saxena,Home Office,North,Chandigarh,Furniture,Office Chairs,413.57,1,413.57,0.1,41.36,372.21,328.85,43.36,11.65,Same Day Priority,Credit Card,Processing
ORD-2024-10369,2026-09-15,2026-09-18,CUST-1147,Rahul Deshmukh,Corporate,Central,Indore,Office Supplies,Writing Instruments,23.56,1,23.56,0.0,0.0,0.0,14.76,-2.21,37.35,Freight Saver,UPI / QR,Returned
ORD-2025-10402,2026-09-15,2026-09-17,CUST-1043,Sunita Menon,Corporate,South,Coimbatore,Office Supplies,Writing Instruments,5.14,1,5.14,0.15,0.77,4.37,3.54,0.83,18.99,Freight Saver,Corporate Purchase Order,Delivered
ORD-2026-11987,2026-09-15,2026-09-17,CUST-1069,Rahul Patel,Home Office,Central,Nagpur,Furniture,Executive Desks,390.57,1,390.57,0.05,19.53,371.04,344.36,26.68,7.19,Same Day Priority,UPI / QR,Delivered
ORD-2024-12201,2026-09-15,2026-09-22,CUST-1037,Vikram Menon,Home Office,West,Goa,Technology,Smartphones & Tablets,419.73,2,839.46,0.0,0.0,839.46,685.24,154.22,18.37,Standard Delivery,Corporate Purchase Order,Delivered
ORD-2025-10646,2026-09-16,2026-09-21,CUST-1136,Alok Choudhury,Home Office,Central,Bhopal,Furniture,Executive Desks,705.89,4,2823.56,0.05,141.18,0.0,2445.88,-366.88,8.82,Standard Delivery,Net Banking,Returned
ORD-2024-11917,2026-09-16,2026-09-19,CUST-1124,Swati Menon,Home Office,North,Lucknow,Technology,Smartphones & Tablets,524.13,1,524.13,0.0,0.0,524.13,425.74,98.39,18.77,Express Air,Cash on Delivery,Delivered
ORD-2024-12341,2026-09-16,2026-09-18,CUST-1026,Rajesh Bose,Consumer,South,Coimbatore,Technology,Laptops & Desktops,1826.27,1,1826.27,0.05,91.31,0.0,1354.11,-203.12,21.95,Freight Saver,Credit Card,Returned
ORD-2023-10548,2026-09-18,2026-09-25,CUST-1088,Isha Reddy,Home Office,South,Kochi,Office Supplies,Writing Instruments,4.33,2,8.66,0.1,0.87,7.79,6.06,1.73,22.21,Freight Saver,UPI / QR,Delivered
ORD-2024-10317,2026-09-20,2026-09-22,CUST-1084,Rahul Verma,Consumer,West,Surat,Office Supplies,Writing Instruments,15.52,1,15.52,0.2,3.1,12.42,9.19,3.23,26.01,Freight Saver,Cash on Delivery,Delivered
ORD-2023-11876,2026-09-20,2026-09-25,CUST-1095,Priya Mehta,Consumer,West,Surat,Technology,Printers & Scanners,394.24,2,788.48,0.0,0.0,788.48,642.93,145.55,18.46,Same Day Priority,Net Banking,Delivered
ORD-2023-10252,2026-09-21,2026-09-24,CUST-1099,Meera Nair,Corporate,South,Coimbatore,Office Supplies,Paper & Envelopes,8.43,5,42.15,0.05,2.11,40.04,25.55,14.49,36.19,Freight Saver,Credit Card,Delivered
ORD-2024-11505,2026-09-22,2026-09-25,CUST-1150,Aditya Nair,Home Office,East,Patna,Office Supplies,Storage Solutions,100.79,2,201.58,0.0,0.0,201.58,142.61,58.97,29.25,Express Air,Credit Card,Delivered
ORD-2026-10987,2026-09-23,2026-09-24,CUST-1032,Karan Kulkarni,Corporate,North,Chandigarh,Technology,Laptops & Desktops,896.92,3,2690.76,0.0,0.0,2690.76,2089.92,600.84,22.33,Express Air,Credit Card,Delivered
ORD-2024-11233,2026-09-23,2026-09-25,CUST-1035,Neha Verma,Corporate,South,Coimbatore,Technology,Smartphones & Tablets,313.69,3,941.07,0.0,0.0,0.0,720.21,-108.03,23.47,Same Day Priority,Corporate Purchase Order,Returned
ORD-2026-11519,2026-09-23,2026-09-24,CUST-1093,Meera Bose,Corporate,South,Hyderabad,Office Supplies,Writing Instruments,12.67,1,12.67,0.0,0.0,12.67,6.48,6.19,48.86,Same Day Priority,Net Banking,Shipped
ORD-2024-12261,2026-09-23,2026-09-24,CUST-1099,Meera Nair,Corporate,Central,Nagpur,Furniture,Office Chairs,269.77,3,809.31,0.0,0.0,809.31,572.46,236.85,29.27,Express Air,Net Banking,Processing
ORD-2023-10064,2026-09-24,2026-09-26,CUST-1040,Karan Reddy,Corporate,West,Mumbai,Technology,Laptops & Desktops,749.17,1,749.17,0.1,74.92,674.25,553.5,120.75,17.91,Standard Delivery,Cash on Delivery,Shipped
ORD-2023-10764,2026-09-24,2026-09-25,CUST-1122,Naveen Rao,Consumer,East,Bhubaneswar,Office Supplies,Binders & Organizers,8.16,4,32.64,0.1,3.26,29.38,18.71,10.67,36.32,Freight Saver,UPI / QR,Delivered
ORD-2023-12372,2026-09-24,2026-09-25,CUST-1121,Ananya Menon,Consumer,East,Bhubaneswar,Technology,Smartphones & Tablets,873.43,1,873.43,0.0,0.0,873.43,725.86,147.57,16.9,Same Day Priority,Credit Card,Delivered
ORD-2024-10465,2026-09-27,2026-09-30,CUST-1104,Meera Malhotra,Corporate,West,Goa,Technology,Printers & Scanners,198.62,1,198.62,0.05,9.93,188.69,162.3,26.39,13.99,Express Air,UPI / QR,Delivered
ORD-2025-10126,2026-09-29,2026-09-30,CUST-1079,Sanjay Saxena,Corporate,South,Kochi,Furniture,Bookcases & Shelving,303.99,2,607.98,0.2,121.6,486.38,508.21,-21.83,-4.49,Express Air,Credit Card,Delivered
ORD-2023-11552,2026-09-29,2026-10-03,CUST-1085,Rahul Verma,Corporate,South,Hyderabad,Furniture,Office Chairs,81.16,1,81.16,0.0,0.0,81.16,59.72,21.44,26.42,Freight Saver,Corporate Purchase Order,Delivered
ORD-2026-12501,2026-10-02,2026-10-04,CUST-1356,Test Customer,Consumer,North,New Delhi,Technology,Smartphones & Tablets,499.0,2,998.0,0.1,99.8,898.2,648.7,249.5,27.78,Standard Delivery,UPI / QR,Delivered
